Month,ID,Delay-from-due-date,Num-of-Delayed-Payment,Outstanding-Debt,Credit-Utilization-Ratio,Annual-Income,Debt-to-Income Ratio,Amount-invested-monthly,Monthly-Balance,Default
January,1,3,7,809.98,26.82261962,19114.12,4%,80.41529544,312.4940887,1
February,1,-1,7,809.98,31.94496006,19114.12,4%,118.2802216,284.6291625,1
March,1,3,7,809.98,28.60935202,19114.12,4%,81.69952126,331.2098629,1
April,1,5,4,809.98,31.37786187,19114.12,4%,199.4580744,223.4513097,0
May,1,6,4,809.98,24.79734691,19114.12,4%,41.42015309,341.489231,0
June,1,8,4,809.98,27.26225871,19114.12,4%,62.43017233,340.4792118,0
January,2,3,8,605.03,24.46403064,34847.84,2%,104.2918252,244.5653167,1
February,2,3,6,605.03,38.55084843,34847.84,2%,40.39123783,358.1241676,1
March,2,3,4,605.03,33.22495079,34847.84,2%,58.5159757,470.6906269,0
April,2,7,1,605.03,39.18265566,34847.84,2%,99.30622796,484.5912143,0
May,2,3,-1,605.03,34.97789475,34847.84,2%,130.1154202,466.4664764,0
June,2,3,3,605.03,33.3810102,34847.84,2%,43.47719014,465.6762241,0
January,3,3,1,1303.01,28.61673482,143162.64,1%,168.4137027,444.8670319,0
February,3,3,0,1303.01,41.70257342,143162.64,1%,232.8603838,481.5052619,0
March,3,3,4,1303.01,26.51981539,143162.64,1%,10000,464.8806779,0
April,3,3,4,1303.01,39.50164811,143162.64,1%,825.2162699,356.0781086,0
May,3,5,8,1303.01,31.37614957,143162.64,1%,430.9475279,1043.315978,1
June,3,13,6,1303.01,39.78399346,143162.64,1%,257.8080994,998.8692968,1
January,4,8,7,632.46,26.54422872,30689.89,2%,81.22885871,715.7413674,1
February,4,8,5,632.46,35.27998178,30689.89,2%,124.8818199,426.5134106,0
March,4,10,5,632.46,32.30116343,30689.89,2%,83.4065088,810.7821527,0
April,4,8,6,632.46,38.13234819,30689.89,2%,272.3340374,963.9215811,1
May,4,8,6,632.46,41.15431655,30689.89,2%,10000,968.5555174,1
June,4,8,6,632.46,27.44542179,30689.89,2%,84.95284817,895.4945832,1
January,5,0,6,943.86,39.79776423,35547.71,3%,276.7253943,433.604773,1
February,5,5,3,943.86,27.02036025,35547.71,3%,74.44364105,409.9518118,0
March,5,3,9,943.86,23.46230304,35547.71,3%,173.138651,411.4271229,1
April,5,7,6,943.86,28.92495378,35547.71,3%,96.78548509,262.4995943,1
May,5,5,6,943.86,41.77618715,35547.71,3%,62.72327834,359.3749155,1
June,5,5,6,943.86,29.21755633,35547.71,3%,37.64363789,419.8807835,1
January,6,5,0,548.2,39.96268501,73928.46,1%,98.67440994,443.5499568,0
February,6,4,9,548.2,42.7698644,73928.46,1%,172.9392145,379.2163811,1
March,6,5,12,548.2,40.71218653,73928.46,1%,150.0597343,288.6055223,1
April,6,9,12,548.2,30.20165771,73928.46,1%,618.2023913,460.8872756,1
May,6,5,12,548.2,26.33331043,73928.46,1%,177.9518357,392.1922657,1
June,6,1,15,548.2,35.27543652,73928.46,1%,235.790325,438.5454316,1
January,7,9,17,352.16,32.200509,131313.4,0%,378.1712535,482.6076383,1
February,7,5,15,352.16,31.98371001,131313.4,0%,698.8732707,497.6872788,1
March,7,10,15,352.16,31.8031345,131313.4,0%,188.0643211,394.3189339,1
April,7,1,15,352.16,42.6457849,131313.4,0%,337.4349563,364.0000157,1
May,7,12,10,352.16,40.90251715,131313.4,0%,263.3789089,740.1960901,1
June,7,8,7,352.16,41.98016961,131313.4,0%,86.56638801,705.9312855,1
January,8,8,7,1704.18,24.44806275,34081.38,5%,162.4410092,698.8107657,1
February,8,8,7,1704.18,35.17116002,34081.38,5%,38.43698276,270.6681087,1
March,8,11,7,1704.18,35.11155247,34081.38,5%,199.7207655,690.9186643,1
April,8,7,7,1704.18,29.76215931,34081.38,5%,220.5521919,633.080175,1
May,8,8,4,1704.18,30.20621422,34081.38,5%,,510.3611005,0
June,8,8,7,1704.18,31.17087232,34081.38,5%,,796.2349097,1
January,9,0,3,1377.74,33.66455429,114838.41,1%,215.1935159,858.4624744,0
February,9,-1,2,1377.74,27.62632549,114838.41,1%,212.2356022,547.7604572,0
March,9,0,3,1377.74,35.1415673,114838.41,1%,470.3857957,1038.569407,0
April,9,0,2,1377.74,30.45903184,114838.41,1%,225.0820495,899.1987716,0
May,9,0,4,1377.74,29.81918663,114838.41,1%,649.8093642,963.254819,0
June,9,0,4,1377.74,26.11421387,114838.41,1%,546.3805705,1140.06734,0
January,10,0,2,421.43,29.51935256,31370.8,1%,154.3527811,326.2418302,0
February,10,0,2,421.43,28.22048096,31370.8,1%,298.7444693,396.1113462,0
March,10,30,11,421.43,31.04641791,31370.8,1%,140.820696,298.1921581,1
April,10,30,14,421.43,30.1680304,31370.8,1%,233.6055264,392.1961846,1
May,10,31,14,421.43,25.18923173,31370.8,1%,184.7005716,260.9124018,1
June,10,34,14,421.43,25.50246855,31370.8,1%,137.7174249,260.0809754,1
January,11,27,14,1328.93,37.08907565,33751.27,4%,117.3066971,397.2283547,1
February,11,30,14,1328.93,30.90808063,33751.27,4%,70.13107792,410.6743661,1
March,11,30,11,1328.93,38.03072168,33751.27,4%,270.1825822,395.1733867,1
April,11,30,14,1328.93,23.40441278,33751.27,4%,25.19256191,411.3068036,1
May,11,13,11,1328.93,29.07375818,33751.27,4%,243.3296848,802.3004421,1
June,11,14,8,1328.93,32.78263673,33751.27,4%,72.86008181,785.2583559,1
January,12,11,11,950.36,28.21061721,88640.24,1%,98.93176402,547.1081624,1
February,12,11,14,950.36,41.03616828,88640.24,1%,157.1747883,772.4119086,1
March,12,11,11,950.36,34.67019438,88640.24,1%,298.1889115,367.6845939,1
April,12,13,14,950.36,31.82853557,88640.24,1%,,491.1133876,1
May,12,11,0,950.36,34.70283693,88640.24,1%,279.6186221,792.0256603,0
June,12,11,11,950.36,38.32363895,88640.24,1%,686.1262166,742.9221908,1
January,13,4,0,179.22,25.64924607,54392.16,0%,243.7354374,341.5544232,0
February,13,2,0,179.22,29.40877528,54392.16,0%,142.7518641,227.1627349,0
March,13,-2,0,179.22,31.25892847,54392.16,0%,33.34956859,375.0865083,0
April,13,1,0,179.22,27.19258741,54392.16,0%,494.8422277,292.3016778,0
May,13,1,0,179.22,34.59532446,54392.16,0%,233.1184454,341.2066326,0
June,13,1,0,179.22,23.1950254,54392.16,0%,635.1465605,378.1897794,0
January,14,-1,2,2602.69,24.52316385,8701.545,30%,13.06620992,337.5123038,0
February,14,-2,2,2602.69,39.9025176,8701.545,30%,34.71516394,273.2623771,0
March,14,16,20,2602.69,36.47591386,8701.545,30%,45.65097554,362.5457119,1
April,14,16,20,2602.69,32.09749228,8701.545,30%,20.39018388,399.7213311,1
May,14,16,20,2602.69,37.16937449,8701.545,30%,50.4869522,229.6698268,1
June,14,17,22,2602.69,28.57003141,8701.545,30%,52.93161341,444.6598471,1
January,15,16,20,758.44,37.41820917,25546.26,3%,53.10459911,276.5227243,1
February,15,16,20,758.44,29.71137554,25546.26,3%,300.3232317,406.9923272,1
March,15,16,20,758.44,25.41361674,25546.26,3%,91.21658676,444.4252395,1
April,15,16,17,758.44,35.94627822,25546.26,3%,83.71475049,443.8827971,1
May,15,-1,0,758.44,28.27742001,25546.26,3%,311.9993475,732.5635317,0
June,15,4,2,758.44,34.58659949,25546.26,3%,61.73074847,674.3205074,0
January,16,4,0,818.22,25.36959679,31993.78,3%,81.99883506,543.3063842,0
February,16,4,2,818.22,37.95856941,31993.78,3%,10000,86.63611983,0
March,16,4,2,818.22,27.38010905,31993.78,3%,264.2570885,561.8766736,0
April,16,4,0,818.22,34.15826212,31993.78,3%,152.4523259,195.3690791,0
May,16,4,2,818.22,30.7880388,31993.78,3%,43.47040867,667.4204738,0
June,16,-1,0,818.22,34.28096872,31993.78,3%,112.7238874,733.0533444,0
January,17,10,8,1296.64,37.11561494,92047.08,1%,154.6341231,378.5404802,1
February,17,10,10,1296.64,39.46775837,92047.08,1%,710.4953807,459.5240535,1
March,17,15,11,1296.64,27.79278836,92047.08,1%,175.4456227,558.926349,1
April,17,10,7,1296.64,42.94468168,92047.08,1%,120.9075538,147.4336899,1
May,17,10,8,1296.64,34.35765024,92047.08,1%,78.71934549,409.1574722,1
June,17,10,8,1296.64,28.77693774,92047.08,1%,266.5850272,7.129357074,1
January,18,10,8,1283.37,28.94089259,32284.62,4%,254.8616151,464.1635141,1
February,18,10,8,1283.37,27.86131019,32284.62,4%,103.2103074,147.1580197,1
March,18,23,9,1283.37,27.88169704,32284.62,4%,35.79356841,272.2984679,1
April,18,23,9,1283.37,38.39455822,32284.62,4%,280.2182538,250.6495139,1
May,18,23,9,1283.37,33.23978443,32284.62,4%,154.0197492,239.7137023,1
June,18,22,7,1283.37,26.87446741,32284.62,4%,272.2735499,284.974494,1
January,19,22,9,107.41,25.71557884,97791.42,0%,451.2465194,254.8777256,1
February,19,23,6,107.41,28.71120252,97791.42,0%,322.7203197,242.4330644,1
March,19,21,9,107.41,34.92287233,97791.42,0%,176.2642258,264.8928715,1
April,19,23,9,107.41,26.51363149,97791.42,0%,499.24502,264.7720511,1
May,19,16,14,107.41,38.64911431,97791.42,0%,77.60922834,337.1522635,1
June,19,16,13,107.41,44.67688859,97791.42,0%,108.3039386,129.933631,1
January,20,16,10,2430.21,29.93418573,19300.34,13%,79.17641583,319.0402759,1
February,20,16,10,2430.21,36.64120358,19300.34,13%,55.29821299,306.5421121,1
March,20,16,13,2430.21,37.62486247,19300.34,13%,140.8185959,118.2575152,1
April,20,16,10,2430.21,28.87038692,19300.34,13%,61.42802987,338.5261142,1
May,20,16,14,2430.21,28.05884596,19300.34,13%,173.0425508,299.9564689,1
June,20,15,13,2430.21,25.84779062,19300.34,13%,83.44744883,230.4410013,1
January,21,8,14,881.4,26.08454275,19514.88,5%,50.14372714,447.0747001,1
February,21,12,14,881.4,25.66585678,19514.88,5%,10000,157.8698035,1
March,21,8,14,881.4,33.66946005,19514.88,5%,43.31582446,274.8164466,1
April,21,8,14,881.4,34.50370724,19514.88,5%,45.38882031,376.6212092,1
May,21,8,14,881.4,41.1763842,19514.88,5%,168.3414629,455.6031264,1
June,21,8,14,881.4,38.78807246,19514.88,5%,151.3776398,396.3496477,1
January,22,8,16,1672.43,25.95127289,10183.015,16%,14.62273924,404.5162989,1
February,22,8,16,1672.43,32.38559762,10183.015,16%,92.36195002,421.4853319,1
March,22,16,11,1672.43,23.73134791,10183.015,16%,91.88397194,854.5248769,1
April,22,16,11,1672.43,27.61417778,10183.015,16%,46.81041575,328.6636193,1
May,22,18,11,1672.43,32.29348991,10183.015,16%,65.83126164,823.7133773,1
June,22,16,11,1672.43,25.10540255,10183.015,16%,73.89986104,878.2514462,1
January,23,16,8,76.23,29.81589563,106733.13,0%,388.3603537,920.4396545,1
February,23,16,13,76.23,28.10808629,106733.13,0%,807.2067768,782.5739728,1
March,23,16,10,76.23,42.0704586,106733.13,0%,172.0328285,939.8734298,1
April,23,16,11,76.23,25.84254794,106733.13,0%,644.2873937,761.0743967,1
May,23,11,12,76.23,28.82055378,106733.13,0%,345.6091354,211.9393246,1
June,23,11,12,76.23,31.7276036,106733.13,0%,,353.5906322,1
January,24,10,12,569.8,33.07588357,12600.445,5%,0,391.0073712,1
February,24,11,12,569.8,38.15374126,12600.445,5%,103.1586179,196.5826859,1
March,24,15,0,569.8,23.17983274,12600.445,5%,32.02630794,292.7811904,0
April,24,11,12,569.8,28.81940706,12600.445,5%,31.14919791,204.5273897,1
May,24,7,0,569.8,37.24021434,12600.445,5%,41.0826367,85.90209493,0
June,24,13,12,569.8,36.52748004,12600.445,5%,48.00806666,117.0291074,1
January,25,18,8,3532.83,32.32176946,57983.12,6%,265.7062119,646.6819806,1
February,25,18,8,3532.83,37.87364187,57983.12,6%,193.8733754,755.2081803,1
March,25,18,7,3532.83,37.81024309,57983.12,6%,534.3581784,881.6642742,1
April,25,19,8,3532.83,32.56739684,57983.12,6%,197.6404955,588.68348,1
May,25,18,0,3532.83,37.28428974,57983.12,6%,205.2501523,970.3192717,0
June,25,16,8,3532.83,35.2573783,57983.12,6%,626.869242,939.6245614,1
January,26,18,8,614.6,23.72318578,20787.69,3%,10000,334.3876987,1
February,26,18,8,614.6,34.23585268,20787.69,3%,82.62718037,947.6102964,1
March,26,52,0,614.6,22.80214523,20787.69,3%,110.1720956,312.4876886,1
April,26,51,18,614.6,37.06719824,20787.69,3%,89.87484896,306.3658914,1
May,26,48,19,614.6,29.33902944,20787.69,3%,155.460944,230.8455085,1
June,26,51,19,614.6,30.44242522,20787.69,3%,28.63736094,300.2360745,1
January,27,51,19,2686.81,39.28029559,34290.12,8%,248.0699573,218.6215536,1
February,27,51,17,2686.81,27.03684229,34290.12,8%,10000,288.2166556,1
March,27,51,19,2686.81,29.01885043,34290.12,8%,60.58953609,250.6886146,1
April,27,53,19,2686.81,36.16398913,34290.12,8%,99.47477404,263.4785537,1
May,27,30,12,2686.81,33.84186604,34290.12,8%,330.0718422,382.6802729,1
June,27,30,14,2686.81,24.22255486,34290.12,8%,108.9469111,381.8960652,1
January,28,30,12,1233.1,27.98070066,43070.24,3%,397.0022489,389.5081755,1
February,28,30,12,1233.1,28.07129186,43070.24,3%,443.9186742,387.4351797,1
March,28,30,12,1233.1,28.36116615,43070.24,3%,50.50914885,304.4825371,1
April,28,30,12,1233.1,24.33177176,43070.24,3%,74.92037487,321.4463602,1
May,28,30,15,1233.1,26.44753733,43070.24,3%,178.0953584,278.19284,1
June,28,26,11,1233.1,39.06984399,43070.24,3%,41.33398006,343.6824585,1
January,29,48,18,400.07,24.42225068,28572.39,1%,42.85050715,295.2476463,1
February,29,48,18,400.07,36.43787042,28572.39,1%,83.04420901,267.5084355,1
March,29,48,23,400.07,29.3235169,28572.39,1%,53.48420329,267.9864136,1
April,29,43,20,400.07,34.71456104,28572.39,1%,25.9934623,283.0599697,1
May,29,51,20,400.07,37.50455238,28572.39,1%,61.62810913,294.0391239,1
June,29,48,24,400.07,35.6939494,28572.39,1%,129.2648347,285.9705245,1
January,30,52,21,2258.73,34.12570493,39641.54,6%,246.9150252,298.0066579,1
February,30,48,21,2258.73,33.41459804,39641.54,6%,236.0775819,288.7476381,1
March,30,10,8,2258.73,27.5728629,39641.54,6%,198.0421234,768.9823963,1
April,30,5,7,2258.73,32.4134468,39641.54,6%,254.0211199,370.1359732,1
May,30,2,6,2258.73,25.98322951,39641.54,6%,254.2603725,955.3099215,1
June,30,5,7,2258.73,27.91283759,39641.54,6%,122.148451,513.0553563,1
January,31,5,6,413.32,35.94290749,20186.02,2%,74.21434055,791.7336146,1
February,31,5,6,413.32,32.93734626,20186.02,2%,42.61914207,913.0316547,1
March,31,9,4,413.32,31.86173627,20186.02,2%,26.29047662,936.3073774,0
April,31,7,6,413.32,22.7435821,20186.02,2%,104.7238335,792.5790252,1
May,31,28,19,413.32,39.06398122,20186.02,2%,138.8031575,284.2982045,1
June,31,25,18,413.32,28.83634916,586359,0%,68.95672494,238.9847429,1
January,32,25,16,1793.54,38.97966115,18627.64,10%,48.43998335,310.1170529,1
February,32,25,18,1793.54,35.03034908,18627.64,10%,53.83325981,300.9941629,1
March,32,20,19,1793.54,27.19720883,18627.64,10%,105.1491496,301.0607241,1
April,32,25,19,1793.54,35.91940493,18627.64,10%,75.7913889,294.1352941,1
May,32,25,20,1793.54,25.5852052,18627.64,10%,24.34618841,275.2344649,1
June,32,25,19,1793.54,35.706437,18627.64,10%,109.5920323,275.7697808,1
January,33,47,19,1489.49,26.32926887,12986.745,11%,16.28671936,295.9538413,1
February,33,53,21,1489.49,24.61461029,12986.745,11%,44.19300345,327.7866778,1
March,33,48,21,1489.49,26.15307798,12986.745,11%,47.26668051,27.30187488,1
April,33,48,21,1489.49,31.78179827,12986.745,11%,76.35527781,324.0195577,1
May,33,48,21,1489.49,37.66150545,12986.745,11%,72.3465135,356.409901,1
June,33,46,21,1489.49,26.5074745,12986.745,11%,111.2576305,0,1
January,34,49,21,98.97,40.41111483,58317,0%,109.4889496,316.9280132,1
February,34,48,24,98.97,27.80691779,58317,0%,83.30040819,362.5233313,1
March,34,22,14,98.97,25.8321089,58317,0%,57.95122336,253.3256224,1
April,34,24,14,98.97,29.76610686,58317,0%,158.648276,345.081577,1
May,34,22,14,98.97,34.19230439,58317,0%,180.8305734,337.5366617,1
June,34,22,12,98.97,24.6655252,58317,0%,98.88050778,337.8339084,1
January,35,22,14,556.91,33.47895197,42171.98,1%,56.71137669,292.2478133,1
February,35,22,14,556.91,26.98611476,42171.98,1%,136.9830014,369.0713964,1
March,35,23,14,556.91,40.15058277,42171.98,1%,97.56675631,189.4935835,1
April,35,22,14,556.91,34.42998587,42171.98,1%,255.7658284,375.9632261,1
May,35,52,10,556.91,31.74521339,42171.98,1%,150.313187,106.5690601,1
June,35,47,10,556.91,29.46412058,42171.98,1%,82.51039863,196.5585016,1
January,36,52,6,1293.02,40.33902429,71681.4,2%,301.2920819,274.0494813,1
February,36,52,7,1293.02,29.68295387,71681.4,2%,137.3311426,255.1642434,1
March,36,52,12,1293.02,29.37139648,71681.4,2%,253.3197219,44.56717524,1
April,36,52,12,1293.02,33.04149896,71681.4,2%,120.890142,225.6921063,1
May,36,52,12,1293.02,40.79113731,71681.4,2%,10000,150.5458134,1
June,36,52,9,1293.02,34.98356207,71681.4,2%,414.8965494,249.7218009,1
January,37,11,8,3421.66,24.63965803,29469.98,12%,59.82559612,224.6403329,1
February,37,13,8,3421.66,30.26841053,29469.98,12%,125.4917683,177.7239077,1
March,37,15,8,3421.66,31.21226879,29469.98,12%,32.70665182,521.133433,1
April,37,11,8,3421.66,33.29865431,29469.98,12%,27.25079463,506.722207,1
May,37,10,8,3421.66,38.17731096,29469.98,12%,71.26438577,423.5472234,1
June,37,8,8,3421.66,30.98699814,29469.98,12%,117.3103161,530.3086018,1
January,38,11,8,1173.7,23.28213511,72559.36,2%,565.7433853,493.019135,1
February,38,11,8,1173.7,38.35585257,72559.36,2%,205.72099,218.125773,1
March,38,25,12,1173.7,25.56009927,72559.36,2%,370.4699742,348.5498224,1
April,38,25,9,1173.7,36.63682651,72559.36,2%,298.6987125,358.3561205,1
May,38,28,10,1173.7,32.83357784,72559.36,2%,117.3102589,347.9161262,1
June,38,25,14,1173.7,38.08037974,72559.36,2%,172.9621775,375.4068672,1
January,39,25,12,1693.95,37.40993372,15566.02,11%,65.98658552,339.7722204,1
February,39,25,11,1693.95,24.25102818,15566.02,11%,169.6209801,312.1354949,1
March,39,25,13,1693.95,38.78765215,15566.02,11%,46.5766728,364.7925206,1
April,39,25,12,1693.95,25.0380524,15566.02,11%,94.29931655,339.5694705,1
May,39,61,13,1693.95,23.09179312,15566.02,11%,188.8661137,151.4486141,1
June,39,61,16,1693.95,31.33422002,15566.02,11%,131.6125215,162.2860574,1
January,40,61,15,233.79,34.45627234,66567.32,0%,251.6474222,190.3215159,1
February,40,61,16,233.79,32.34982187,66567.32,0%,542.0422096,164.3425194,1
March,40,61,16,233.79,33.48684838,66567.32,0%,770.6964131,154.1032668,1
April,40,61,16,233.79,33.29385607,66567.32,0%,526.9189014,296.2151883,1
May,40,61,14,233.79,26.54909964,66567.32,0%,149.525305,237.6910948,1
June,40,61,13,233.79,28.10570447,66567.32,0%,66.77787002,249.0958331,1
January,41,5,6,602.5,31.35686818,12909.895,5%,20.44668059,334.6679091,1
February,41,5,6,602.5,38.33948756,12909.895,5%,67.16171995,336.2631075,1
March,41,4,3,602.5,32.21809912,12909.895,5%,114.1999515,362.591773,0
April,41,5,6,602.5,29.42723189,12909.895,5%,110.9742218,294.1584161,1
May,41,5,7,602.5,32.4690579,12909.895,5%,64.52797054,270.0790921,1
June,41,5,7,602.5,35.63389379,12909.895,5%,31.01282665,319.9255247,1
January,42,5,6,3470.08,24.61673534,30788.44,11%,232.1388168,307.1168234,1
February,42,5,6,3470.08,39.74169977,30788.44,11%,53.64864334,265.3434532,1
March,42,31,21,3470.08,39.15505442,30788.44,11%,102.343498,275.1508622,1
April,42,31,21,3470.08,27.68144423,30788.44,11%,97.31358834,299.7575858,1
May,42,31,21,3470.08,33.46870759,30788.44,11%,55.92865463,258.441696,1
June,42,31,21,3470.08,35.45708113,30788.44,11%,72.98412459,277.7994567,1
January,43,31,21,749.95,25.82415682,20574.47,4%,145.900478,289.2446572,1
February,43,31,21,749.95,37.26323375,20574.47,4%,,243.9988133,1
March,43,26,21,749.95,27.20801259,20574.47,4%,127.2455258,259.362866,1
April,43,31,18,749.95,36.55953784,20574.47,4%,25.16140443,264.7866558,1
May,43,30,14,749.95,29.03616365,20574.47,4%,139.9785623,312.9168554,1
June,43,29,17,749.95,37.55229512,20574.47,4%,192.372069,315.0105713,1
January,44,30,20,949.38,41.68721335,148699.32,1%,296.1518279,311.9368943,1
February,44,30,15,949.38,28.51077465,148699.32,1%,237.9183809,272.848297,1
March,44,30,18,949.38,41.47825034,148699.32,1%,10000,296.8570613,1
April,44,30,17,949.38,31.40151636,148699.32,1%,599.4618328,257.9459443,1
May,44,28,20,949.38,34.26155637,148699.32,1%,264.7984248,322.4539844,1
June,44,28,17,949.38,26.71579704,148699.32,1%,861.1156692,277.374093,1
January,45,18,17,1095.73,33.43437152,85554.03,1%,162.9955862,467.088851,1
February,45,18,20,1095.73,38.38982003,85554.03,1%,81.57260644,483.2773924,1
March,45,16,20,1095.73,36.62486342,85554.03,1%,128.5248739,498.6265772,1
April,45,18,23,1095.73,31.36024474,85554.03,1%,303.6646866,407.9295246,1
May,45,18,20,1095.73,41.66180247,85554.03,1%,70.82263262,415.7472272,1
June,45,18,20,1095.73,25.02632602,85554.03,1%,465.4277737,467.6972928,1
January,46,18,20,3422.49,27.07054347,55829.79,6%,348.7994885,215.9920996,1
February,46,22,0,3422.49,36.72993924,18334118,0%,124.5414704,506.6218131,0
March,46,4,10,3422.49,27.97880174,55829.79,6%,132.0062495,466.9588769,1
April,46,4,8,3422.49,27.11330402,55829.79,6%,172.22331,426.6872521,1
May,46,4,8,3422.49,38.02568458,55829.79,6%,182.04655,446.1034972,1
June,46,2,10,3422.49,23.34669686,55829.79,6%,106.9001127,287.9044251,1
January,47,4,10,2797.17,25.31433886,19717385,0%,60.55078556,373.3570666,1
February,47,2,10,2797.17,33.13167712,14165.23,20%,10000,451.1598549,1
March,47,4,10,2797.17,33.07759976,14165.23,20%,124.0568381,431.0904514,1
April,47,4,10,2797.17,31.87826486,14165.23,20%,95.67488196,378.271011,1
May,47,7,8,2797.17,27.64251073,14165.23,20%,105.7567546,514.7294041,1
June,47,8,6,2797.17,30.73296021,14165.23,20%,53.85988289,638.6903434,1
January,48,8,10,680.77,35.12551976,87215.68,1%,10000,562.7017641,1
February,48,4,8,680.77,26.78610224,87215.68,1%,106.9503614,645.131344,1
March,48,8,8,680.77,31.30850875,87215.68,1%,90.98095529,358.0954,1
April,48,5,6,680.77,26.44728156,2709655,0%,264.2066739,391.1249366,1
May,48,8,10,680.77,33.9600344,87215.68,1%,799.3743611,642.6718243,1
June,48,8,8,680.77,28.92882975,87215.68,1%,173.0943692,510.20959,1
January,49,53,21,3053.16,39.43016631,81842.28,4%,162.5887242,363.272112,1
February,49,50,18,3053.16,26.05088484,81842.28,4%,152.7337662,287.6059398,1
March,49,53,24,3053.16,24.07007993,81842.28,4%,192.4731148,360.3910563,1
April,49,53,21,3053.16,27.92660965,81842.28,4%,332.9131245,375.8469135,1
May,49,53,21,3053.16,31.3174328,81842.28,4%,447.8485782,361.8333223,1
June,49,53,21,3053.16,28.64312875,81842.28,4%,165.0734558,325.787392,1
January,50,58,24,1079.73,33.77692753,95956.5,1%,,327.6442924,1
February,50,53,21,1079.73,35.74006715,95956.5,1%,265.3115234,379.0315766,1
March,50,14,21,1079.73,42.13760293,95956.5,1%,377.3584081,116.8787774,1
April,50,14,22,1079.73,28.06838239,95956.5,1%,623.4087219,456.9011727,1
May,50,18,22,1079.73,37.20726208,95956.5,1%,517.8021721,322.1521885,1
June,50,14,18,1079.73,24.97857316,95956.5,1%,761.0455291,393.9234502,1
January,51,14,21,2253.95,28.87573769,49967.01,5%,66.93199535,535.3119038,1
February,51,16,19,2253.95,23.11502218,49967.01,5%,132.2857313,489.6599852,1
March,51,14,19,2253.95,38.57921381,49967.01,5%,80.27846003,580.1252964,1
April,51,15,19,2253.95,22.84117831,49967.01,5%,373.1685164,556.9042896,1
May,51,16,1338,2253.95,33.91270307,49967.01,5%,192.9207713,323.2597282,1
June,51,17,20,2253.95,37.33034027,49967.01,5%,,219.6253336,1
January,52,12,19,3119.6,30.18805936,39887.22,8%,198.9967508,302.6696409,1
February,52,17,20,3119.6,26.11222201,39887.22,8%,153.2707254,294.9469972,1
March,52,17,20,3119.6,38.23896598,39887.22,8%,319.4923738,200.3802,1
April,52,13,23,3119.6,37.08960444,39887.22,8%,,257.6337922,1
May,52,12,17,3119.6,36.97060762,39887.22,8%,96.09548178,308.7618936,1
June,52,17,23,3119.6,31.24846249,39887.22,8%,123.9598696,333.9677312,1
January,53,7,15,4071.62,36.1372924,14129.76,29%,124.4459203,518.1908835,1
February,53,7,0,4071.62,28.13414922,14129.76,29%,31.28654276,217.7960961,0
March,53,7,12,4071.62,39.16106265,14129.76,29%,112.3614498,0,1
April,53,7,0,4071.62,33.11102175,14129.76,29%,24.67934851,222.9194043,0
May,53,7,15,4071.62,26.42915211,2592822,0%,,580.3130008,1
June,53,7,15,4071.62,29.81521347,14129.76,29%,47.31078336,663.0604358,1
January,54,7,15,1154.46,43.36806475,123732.32,1%,,663.1499475,1
February,54,7,14,1154.46,31.13019514,123732.32,1%,10000,636.9940772,1
March,54,22,14,1154.46,32.68645906,123732.32,1%,874.7145585,334.9357777,1
April,54,22,14,1154.46,38.99063467,123732.32,1%,532.1607307,308.2207384,1
May,54,20,14,1154.46,36.64159184,123732.32,1%,129.1812728,261.1825069,1
June,54,22,15,1154.46,31.24192774,123732.32,1%,96.70297297,264.4082365,1
January,55,22,14,2431.64,29.41972183,17251.38,14%,,310.8544878,1
February,55,17,14,2431.64,37.22594439,17251.38,14%,26.59867398,334.3696317,1
March,55,22,16,2431.64,27.59559906,17251.38,14%,132.443901,323.8929158,1
April,55,22,15,2431.64,28.12269302,17251.38,14%,169.3026601,305.3298236,1
May,55,49,20,2431.64,33.91486539,17251.38,14%,71.9105158,185.6984956,1
June,55,49,20,2431.64,32.70581751,17251.38,14%,54.07668314,344.1886691,1
January,56,52,22,125.25,26.61287178,36822.29,0%,121.4083759,335.4938145,1
February,56,49,20,125.25,23.33674451,36822.29,0%,259.7908045,340.5237241,1
March,56,49,20,125.25,29.24844181,36822.29,0%,132.9440996,331.9086578,1
April,56,45,21,125.25,35.08033049,36822.29,0%,73.93253934,334.8531878,1
May,56,49,20,125.25,28.3106512,36822.29,0%,114.4824364,327.7490915,1
June,56,49,20,125.25,39.64980173,36822.29,0%,38.11405466,195.3049632,1
January,57,6,10,997.28,38.73267646,80108.31,1%,107.0656525,268.8047724,1
February,57,6,10,997.28,26.17314465,80108.31,1%,52.18981024,309.7407407,1
March,57,6,10,997.28,26.72857312,80108.31,1%,549.0992911,267.4597245,1
April,57,6,12,997.28,39.91463675,80108.31,1%,123.1885231,349.5438459,1
May,57,6,7,997.28,32.94802192,80108.31,1%,341.3768772,254.7266881,1
June,57,6,10,997.28,32.40424137,80108.31,1%,228.0964591,222.3331814,1
January,58,1,7,3042.36,37.2171993,69977.6,4%,405.1493636,275.4314586,1
February,58,6,10,3042.36,30.46783632,69977.6,4%,470.8372043,322.7377426,1
March,58,13,8,3042.36,35.60710564,69977.6,4%,177.9055932,822.1939947,1
April,58,13,4,3042.36,23.84176883,69977.6,4%,250.7661703,880.4274417,0
May,58,13,3,3042.36,26.20467951,69977.6,4%,122.7310698,705.6144782,0
June,58,13,6,3042.36,28.13069484,69977.6,4%,332.2100424,558.8839898,1
January,59,10,3,1746.9,34.70500518,78988.48,2%,88.07126674,853.5473978,0
February,59,13,6,1746.9,35.1549357,78988.48,2%,419.575712,277.2301534,1
March,59,18,6,1746.9,28.38967163,78988.48,2%,295.6050491,785.5315567,1
April,59,16,8,1746.9,39.64707758,78988.48,2%,178.1531521,799.4379832,1
May,59,12,7,1746.9,37.47919344,78988.48,2%,,795.5546638,1
June,59,12,0,1746.9,32.4955483,78988.48,2%,399.2485836,886.9776436,0
January,60,12,7,1936.79,37.70526076,41746.76,5%,425.1038222,840.0253761,1
February,60,12,7,1936.79,30.0899524,41746.76,5%,31.56000966,684.8855634,1
March,60,14,0,1936.79,24.03858303,41746.76,5%,150.747271,887.7276174,0
April,60,12,7,1936.79,37.58178658,41746.76,5%,134.42247,523.1224763,1
May,60,12,4,1936.79,30.25268542,41746.76,5%,42.79187097,273.6508993,0
June,60,12,7,1936.79,32.15961047,41746.76,5%,199.1276057,879.7520668,1
January,61,30,20,4834.59,38.16554553,19981.6,24%,69.78240333,63.24697621,1
February,61,30,18,4834.59,29.04463822,19981.6,24%,35.92166782,257.5049943,1
March,61,30,19,4834.59,26.7842801,19981.6,24%,,250.0402152,1
April,61,30,18,4834.59,35.05013881,19981.6,24%,69.46880384,209.8231548,1
May,61,27,18,4834.59,34.31347599,19981.6,24%,10000,199.9999147,1
June,61,31,21,4834.59,38.9777452,19981.6,24%,42.4353362,255.146352,1
January,62,30,15,1219.39,34.50073214,73737.36,2%,77.2660256,219.7424048,1
February,62,30,19,1219.39,35.72613069,73737.36,2%,113.162405,156.3169634,1
March,62,59,0,1219.39,37.97265478,73737.36,2%,321.1426678,246.3243569,1
April,62,55,24,1219.39,34.81301084,73737.36,2%,153.8744615,252.016603,1
May,62,56,24,1219.39,33.0159281,73737.36,2%,424.0584112,212.8183044,1
June,62,59,24,1219.39,26.38962385,73737.36,2%,188.5743324,241.2002605,1
January,63,59,24,325.93,26.64350552,88362.46,0%,185.3272952,221.1183879,1
February,63,55,24,325.93,36.5905132,88362.46,0%,472.7754275,283.0152596,1
March,63,59,24,325.93,26.86579943,88362.46,0%,187.5698797,281.2486957,1
April,63,61,26,325.93,31.5286769,88362.46,0%,283.3812328,202.9925648,1
May,63,2,0,325.93,30.30042098,88362.46,0%,,333.2919819,0
June,63,6,6,325.93,38.41963348,88362.46,0%,214.6101098,760.3649552,1
January,64,3,0,191.09,29.14953015,118248.6,0%,227.6187415,776.3343613,0
February,64,2,0,191.09,34.34487102,118248.6,0%,338.7642171,653.1086427,0
March,64,2,5,191.09,32.68206167,118248.6,0%,545.8997341,117.9409555,0
April,64,6,4,191.09,44.24642053,118248.6,0%,10000,694.2209474,0
May,64,2,5,191.09,29.32435284,118248.6,0%,670.5779061,698.204431,0
June,64,2,8,191.09,43.96183939,118248.6,0%,324.6255705,573.1125062,1
January,65,20,19,1037.45,36.35924552,60162.1,2%,80.01264638,194.364478,1
February,65,20,16,1037.45,33.18394227,60162.1,2%,153.4475402,204.2194359,1
March,65,20,19,1037.45,30.91438852,60162.1,2%,184.5531485,174.4800873,1
April,65,20,16,1037.45,27.6412103,60162.1,2%,356.3858247,34.04007764,1
May,65,20,17,1037.45,32.16686073,60162.1,2%,96.8446731,0,1
June,65,20,19,1037.45,28.73291735,60162.1,2%,450.5601781,181.8797463,1
January,66,20,19,2497.34,33.59482507,75273.24,3%,124.6322882,185.0505808,1
February,66,20,16,2497.34,24.82967191,75273.24,3%,482.0882842,267.5723901,1
March,66,18,10,2497.34,39.15098231,75273.24,3%,162.1888645,884.9056903,1
April,66,23,10,2497.34,38.05213442,75273.24,3%,170.3151592,717.1043479,1
May,66,23,10,2497.34,35.27464015,75273.24,3%,141.1879102,635.0574631,1
June,66,28,0,2497.34,37.90870332,75273.24,3%,76.68731089,389.0071493,0
January,67,22,13,4795.13,35.80248914,54820.89,9%,479.5857747,474.6136991,1
February,67,23,0,4795.13,32.59131378,54820.89,9%,229.8721223,251.3703422,0
March,67,23,10,4795.13,25.92375905,54820.89,9%,92.22239678,234.8137985,1
April,67,23,0,4795.13,34.79256617,54820.89,9%,87.26667315,450.3051884,0
May,67,27,11,4795.13,28.62435875,54820.89,9%,359.5541628,426.256443,1
June,67,27,11,4795.13,35.95384759,54820.89,9%,,390.9027071,1
January,68,27,11,2425.38,37.340892,58674.66,4%,121.3798305,422.9099783,1
February,68,27,11,2425.38,25.16742497,58674.66,4%,262.7332958,160.019922,1
March,68,27,11,2425.38,36.49072833,58674.66,4%,182.5464906,350.267667,1
April,68,27,14,2425.38,24.82077382,58674.66,4%,69.22823275,436.3089192,1
May,68,27,10,2425.38,34.14221724,58674.66,4%,113.3959015,443.6930222,1
June,68,27,11,2425.38,34.99081327,58674.66,4%,628.7091521,386.8271444,1
January,69,57,21,580.31,26.97596095,30390.44,2%,10000,270.025904,1
February,69,59,3104,580.31,33.55567404,30390.44,2%,149.6134397,295.7519293,1
March,69,57,19,580.31,35.832413,30390.44,2%,10000,159.5302809,1
April,69,52,0,580.31,34.53357345,30390.44,2%,60.91459665,176.9314779,1
May,69,54,19,580.31,38.00156519,30390.44,2%,169.8763743,342.927173,1
June,69,57,18,580.31,31.07504071,30390.44,2%,225.9197881,315.0627851,1
January,70,57,19,2497.48,26.63171974,45207.54,6%,39.83022939,337.3548473,1
February,70,57,22,2497.48,33.88856426,45207.54,6%,375.7330662,303.0821062,1
March,70,62,17,2497.48,24.30177052,45207.54,6%,10000,185.0894247,1
April,70,62,18,2497.48,29.57534481,45207.54,6%,131.096168,268.2488022,1
May,70,65,0,2497.48,28.94303915,45207.54,6%,119.0870984,197.1738952,1
June,70,62,21,2497.48,22.50520105,45207.54,6%,55.56367935,244.8559965,1
January,71,62,21,1045.11,40.84068721,144546.72,1%,573.4115905,179.1095355,1
February,71,62,18,1045.11,36.33873578,144546.72,1%,,252.2245616,1
March,71,64,0,1045.11,43.6110939,144546.72,1%,103.9012093,204.2323772,1
April,71,62,18,1045.11,31.33767968,144546.72,1%,205.4748681,236.1591157,1
May,71,15,8,1045.11,39.20382495,19257912,0%,10000,940.3944828,1
June,71,15,8,1045.11,37.16404251,144546.72,1%,415.1834125,1157.857522,1
January,72,15,8,523.56,28.21235656,30346.35,2%,145.1083749,446.8881082,1
February,72,15,8,523.56,30.28018466,30346.35,2%,332.4861616,789.4419359,1
March,72,15,0,523.56,38.94962888,30346.35,2%,106.2992268,1162.421394,0
April,72,15,8,523.56,30.50811574,30346.35,2%,98.62135851,1184.899694,1
May,72,18,8,523.56,32.90975438,30346.35,2%,106.448575,1120.751173,1
June,72,15,8,523.56,28.78678915,30346.35,2%,151.6096001,731.7747268,1
January,73,8,13,327.88,27.53134292,18681.465,2%,52.09642061,273.3735401,1
February,73,8,15,327.88,38.90124971,18681.465,2%,140.6547558,321.5116608,1
March,73,5,12,327.88,27.37775919,18681.465,2%,55.33162201,245.6664338,1
April,73,10,15,327.88,24.18879867,18681.465,2%,90.57533568,228.8076747,1
May,73,8,15,327.88,31.86689252,18681.465,2%,77.79346468,296.199819,1
June,73,5,15,327.88,30.12793418,18681.465,2%,131.1074314,334.0336517,1
January,74,8,15,4984.82,27.3346898,9841.34,51%,,304.8261299,1
February,74,3,15,4984.82,33.4598029,9841.34,51%,55.92433094,324.6377301,1
March,74,14,19,4984.82,35.2517545,9841.34,51%,,386.0433278,1
April,74,14,19,4984.82,38.7684909,9841.34,51%,22.70173912,227.6608993,1
May,74,14,17,4984.82,28.49691824,9841.34,51%,37.94400952,354.5076041,1
June,74,14,19,4984.82,34.05642405,9841.34,51%,74.724782,383.5191644,1
January,75,14,19,596.78,31.87384175,72330.98,1%,390.5462005,352.9692673,1
February,75,16,18,596.78,32.36779297,72330.98,1%,171.7435332,429.3376491,1
March,75,14,20,596.78,27.24102191,72330.98,1%,110.0671087,425.9218905,1
April,75,15,19,596.78,30.15846394,72330.98,1%,701.6599477,245.4682923,1
May,75,25,19,596.78,39.60218493,72330.98,1%,339.2289211,829.6035975,1
June,75,28,19,596.78,33.41197558,72330.98,1%,48.32875329,874.4794398,1
January,76,25,16,2174.16,39.78232874,43241.49,5%,410.1902491,407.5699589,1
February,76,20,21,2174.16,32.62468106,43241.49,5%,72.47252535,803.4807269,1
March,76,25,19,2174.16,37.35140673,22335783,0%,230.3893891,625.2923728,1
April,76,25,0,2174.16,24.40758995,43241.49,5%,179.3559234,708.5727909,0
May,76,25,19,2174.16,31.24773473,43241.49,5%,63.59658329,799.4042336,1
June,76,25,19,2174.16,32.18200633,43241.49,5%,134.1245993,808.782961,1
January,77,49,18,996.54,31.06392082,34106.78,3%,115.1517373,0,1
February,77,49,18,996.54,38.62751709,34106.78,3%,24.07190317,0,1
March,77,49,18,996.54,23.33248162,34106.78,3%,135.8018888,214.1906424,1
April,77,49,18,996.54,40.79135176,34106.78,3%,216.3654359,141.3300654,1
May,77,49,18,996.54,25.34390218,34106.78,3%,338.0036515,229.3651659,1
June,77,54,20,996.54,39.49437697,34106.78,3%,118.6743753,59.88619327,1
January,78,49,19,137.15,24.49869173,129067.59,0%,215.2174879,0,1
February,78,49,18,137.15,30.7290606,16367214,0%,511.2114299,0,1
March,78,27,17,137.15,33.01978996,129067.59,0%,126.2690074,515.0833063,1
April,78,27,17,137.15,33.1858694,129067.59,0%,10000,193.578861,1
May,78,27,17,137.15,32.67772557,129067.59,0%,112.014526,327.5495239,1
June,78,27,17,137.15,28.43760665,129067.59,0%,264.7400106,455.0014209,1
January,79,27,17,1093.87,31.55554039,17001.34,6%,97.55551351,75.19634822,1
February,79,27,15,1093.87,23.06986827,17001.34,6%,10000,233.9059894,1
March,79,22,17,1093.87,25.89483416,17001.34,6%,120.9712196,176.7851085,1
April,79,27,17,1093.87,28.63344077,17001.34,6%,51.9051847,431.0729716,1
May,79,62,21,1093.87,25.68102673,17001.34,6%,,127.8024469,1
June,79,62,22,1093.87,36.06466979,17001.34,6%,51.24574815,471.3462595,1
January,80,62,20,3818.57,30.98237348,44719.17,9%,130.2512251,362.1589981,1
February,80,62,21,3818.57,30.86937294,44719.17,9%,167.656053,398.4837991,1
March,80,62,18,3818.57,27.97975079,44719.17,9%,,460.1143982,1
April,80,67,21,3818.57,30.73768432,44719.17,9%,316.1728449,323.7786634,1
May,80,59,23,3818.57,27.73718317,44719.17,9%,312.0946329,409.3000689,1
June,80,62,21,3818.57,35.53327204,44719.17,9%,116.463927,416.9094002,1
January,81,54,0,730.9,26.99358623,17787.34,4%,42.29858803,287.7126585,1
February,81,54,21,730.9,36.33219149,17787.34,4%,54.89407316,291.573394,1
March,81,54,21,730.9,26.31431009,17787.34,4%,98.42059162,236.9991171,1
April,81,54,21,730.9,34.9030915,17787.34,4%,28.51604362,278.0262579,1
May,81,54,21,730.9,32.53512768,17787.34,4%,157.5524722,239.4320793,1
June,81,54,19,730.9,33.68265491,17787.34,4%,119.1483872,285.0597256,1
January,82,54,23,1374.56,32.6855216,103353.06,1%,,206.6598648,1
February,82,54,21,1374.56,40.54255171,103353.06,1%,326.4827489,185.8552345,1
March,82,20,0,1374.56,33.9918544,103353.06,1%,173.1808384,541.5985112,0
April,82,20,20,1374.56,23.17084458,103353.06,1%,1043.873612,515.7021318,1
May,82,20,17,1374.56,38.76615976,103353.06,1%,165.4483707,337.721869,1
June,82,20,17,1374.56,28.65012699,103353.06,1%,124.2894824,474.9900753,1
January,83,15,20,852.81,31.19439865,31021.24,3%,68.51358027,244.8061256,1
February,83,20,20,852.81,33.89457499,31021.24,3%,58.53848336,440.2902044,1
March,83,20,20,852.81,32.86658163,31021.24,3%,136.9906689,413.7965621,1
April,83,20,17,852.81,29.50861953,31021.24,3%,10000,220.4085375,1
May,83,17,5,852.81,34.13944939,31021.24,3%,153.4035982,569.0421478,0
June,83,15,10,852.81,37.17152644,31021.24,3%,56.97757259,321.5940155,1
January,84,17,8,668.14,36.59328467,134978.24,0%,834.1444379,586.7995633,1
February,84,15,8,668.14,46.19423785,134978.24,0%,129.5214491,480.9882102,1
March,84,15,8,668.14,24.85673514,134978.24,0%,,40.66430409,1
April,84,15,6,668.14,31.93375623,134978.24,0%,,579.7593332,1
May,84,15,0,668.14,41.61797405,134978.24,0%,148.8875069,419.9102852,0
June,84,15,7,668.14,36.16238357,134978.24,0%,663.6269365,674.2980966,1
January,85,13,10,660.69,24.79435667,39800.12,2%,404.2182245,1023.886258,1
February,85,13,10,660.69,26.01921032,39800.12,2%,169.8630826,942.7407829,1
March,85,13,7,660.69,29.72470803,39800.12,2%,410.2436031,755.6052659,1
April,85,13,7,660.69,41.20335336,39800.12,2%,33.79278212,1142.147936,1
May,85,13,10,660.69,32.66871615,39800.12,2%,42.10063083,600.9270939,1
June,85,13,10,660.69,26.02052332,39800.12,2%,121.0441224,936.8794295,1
January,86,13,0,3865.15,39.02987341,14841.35,26%,110.7777796,782.0757976,0
February,86,18,13,3865.15,30.47438664,14841.35,26%,82.88833259,687.0398865,1
March,86,18,10,3865.15,23.94861058,14841.35,26%,171.0862578,469.5244602,1
April,86,18,10,3865.15,32.05285841,14841.35,26%,91.84978305,396.0895664,1
May,86,18,10,3865.15,22.86545917,14841.35,26%,60.9873781,364.9839581,1
June,86,18,12,3865.15,22.81838316,14841.35,26%,112.7638199,213.1512819,1
January,87,17,10,1549.56,30.11104031,66105.4,2%,180.1468487,452.6924335,1
February,87,18,11,1549.56,29.32779915,66105.4,2%,449.1873822,118.9769286,1
March,87,18,13,1549.56,33.89863232,66105.4,2%,291.4013793,451.8138963,1
April,87,18,10,1549.56,28.07920302,66105.4,2%,169.8398152,347.7706392,1
May,87,50,9,1549.56,31.75671187,66105.4,2%,732.6818427,548.0256556,1
June,87,48,9,1549.56,37.13217623,66105.4,2%,116.0659862,220.5696597,1
January,88,50,10,343.84,36.74315458,15398.95,2%,81.67810682,510.4690793,1
February,88,50,10,343.84,39.06640765,15398.95,2%,74.65272755,512.3427847,1
March,88,50,9,343.84,33.49444239,15398.95,2%,47.60747045,541.4700337,1
April,88,50,9,343.84,37.71613993,15398.95,2%,10000,595.970633,1
May,88,50,10,343.84,30.97302503,15398.95,2%,123.4168433,609.4784012,1
June,88,50,11,343.84,41.23900243,15398.95,2%,107.9849309,343.1662236,1
January,89,36,20,919.76,28.55585041,27070.07,3%,76.31458795,70.47299093,1
February,89,41,15,919.76,34.06157477,27070.07,3%,314.0875747,320.1866434,1
March,89,41,17,919.76,29.8306522,27070.07,3%,104.1811039,417.8363689,1
April,89,41,15,919.76,40.44063791,27070.07,3%,231.0897388,412.7920925,1
May,89,43,17,919.76,24.73337424,27070.07,3%,58.00991024,190.5046029,1
June,89,41,17,919.76,36.39840658,27070.07,3%,17.68883577,260.3700816,1
January,90,41,17,565.22,22.38039887,17992.775,3%,88.44275347,332.9270967,1
February,90,41,17,565.22,37.2194631,17992.775,3%,137.398429,391.1806898,1
March,90,57,23,565.22,23.13682419,17992.775,3%,95.65646111,484.9722526,1
April,90,57,23,565.22,25.15210984,17992.775,3%,162.6432543,393.6187872,1
May,90,59,23,565.22,34.18203111,17992.775,3%,10000,463.8055925,1
June,90,57,0,565.22,31.05399429,17992.775,3%,23.00301884,537.1238503,1
January,91,57,23,519.3,32.7110284,139354.48,0%,382.2110719,492.9561816,1
February,91,57,25,519.3,35.04958451,139354.48,0%,568.2347294,27.64293096,1
March,91,62,0,519.3,33.5673417,139354.48,0%,277.2957148,395.8692432,1
April,91,55,23,519.3,37.06219362,139354.48,0%,899.2623909,322.0829186,1
May,91,19,20,519.3,31.74432925,139354.48,0%,607.9420858,407.2936282,1
June,91,19,23,519.3,40.87876031,139354.48,0%,737.8098216,327.6921888,1
January,92,19,18,363.51,34.8352811,18305.25,2%,73.87955399,327.4436392,1
February,92,19,17,363.51,35.61828916,18305.25,2%,137.9464988,396.3910318,1
March,92,15,18,363.51,25.8539005,18305.25,2%,112.2594331,307.4292542,1
April,92,16,20,363.51,38.52380158,18305.25,2%,201.3192804,271.3858404,1
May,92,19,21,363.51,39.85047617,18305.25,2%,49.56528039,378.5195195,1
June,92,19,20,363.51,30.19674704,18305.25,2%,179.3112311,369.3704505,1
January,93,21,20,635.59,27.14233426,27865.26,2%,213.439601,401.9859972,1
February,93,24,22,635.59,22.01381947,27865.26,2%,339.1487277,116.0831604,1
March,93,26,21,635.59,23.95474522,27865.26,2%,10000,407.1341931,1
April,93,21,20,635.59,30.82107192,27865.26,2%,73.26685798,320.7200586,1
May,93,25,20,635.59,24.0051777,27865.26,2%,156.3272161,362.7291282,1
June,93,24,23,635.59,26.89524308,27865.26,2%,46.78581394,396.2525472,1
January,94,22,20,35.54,34.05823767,23404.86,0%,84.46263179,306.953468,1
February,94,24,20,35.54,38.23037044,23404.86,0%,55.56396607,159.8904974,1
March,94,15,7,35.54,27.58078996,23404.86,0%,80.32476098,730.5558529,1
April,94,15,0,35.54,31.97512201,23404.86,0%,91.24510932,1026.919211,0
May,94,15,8,35.54,35.12706006,23404.86,0%,137.274521,1180.066234,1
June,94,15,0,35.54,27.52690307,23404.86,0%,34.38842729,1078.492575,0
January,95,14,7,4845.24,32.31373815,14205.09,34%,47.62770058,14.11872663,1
February,95,15,7,4845.24,25.86541896,14205.09,34%,86.99729209,878.7840309,1
March,95,14,5,4845.24,30.56412447,14205.09,34%,129.6093474,430.6042859,0
April,95,13,7,4845.24,34.8974674,14205.09,34%,72.76043069,1057.458508,1
May,95,27,9,4845.24,30.9895037,14205.09,34%,64.58804985,313.3565949,1
June,95,29,9,4845.24,35.13626855,14205.09,34%,15.3362246,125.9788082,1
January,96,29,9,3589.56,32.0205367,62320.56,6%,179.6503063,342.165743,1
February,96,24,9,3589.56,39.00855552,62320.56,6%,102.4200486,319.8436113,1
March,96,29,9,3589.56,34.20428782,62320.56,6%,162.8413655,322.0163948,1
April,96,27,6,3589.56,34.73441662,62320.56,6%,672.9965674,306.8553697,1
May,96,26,9,3589.56,37.05281717,62320.56,6%,327.6725748,348.836496,1
June,96,29,6,3589.56,34.75027783,62320.56,6%,,389.4197766,1
January,97,6,8,1194.28,29.31789666,43758.34,3%,229.2590696,351.5610294,1
February,97,6,5,1194.28,27.69852435,43758.34,3%,417.5305244,283.0026942,0
March,97,6,8,1194.28,26.01121877,43758.34,3%,,338.325828,1
April,97,6,0,1194.28,32.4590762,43758.34,3%,10000,333.0821143,0
May,97,6,0,1194.28,30.68567908,43758.34,3%,389.0516109,345.8639853,0
June,97,6,8,1194.28,27.26513495,43758.34,3%,147.5732176,272.5500187,1
January,98,6,8,404.51,33.90967515,144881.68,0%,10000,360.7075734,1
February,98,6,6,404.51,30.92453971,144881.68,0%,237.605283,209.5576971,1
March,98,61,16,404.51,36.28893236,144881.68,0%,1270.327961,263.003361,1
April,98,65,15,404.51,39.2763797,144881.68,0%,990.2115188,256.4117078,1
May,98,61,15,404.51,35.32552064,144881.68,0%,443.9157278,259.4705364,1
June,98,61,15,404.51,28.15605347,144881.68,0%,757.8121973,279.6342996,1
January,99,61,13,1113.06,36.42376664,108147.3,1%,328.4800428,254.3920292,1
February,99,61,15,1113.06,39.57269231,108147.3,1%,799.3782051,247.6112567,1
March,99,61,15,1113.06,27.29590216,108147.3,1%,116.5331164,254.8495577,1
April,99,61,15,1113.06,30.40254793,108147.3,1%,10000,271.9295865,1
May,99,1,7,1113.06,29.97751441,108147.3,1%,184.5925317,488.132172,1
June,99,2,6,1113.06,38.51521527,108147.3,1%,122.7035818,676.9348393,1
January,100,1,6,3598.39,27.22856802,17759.1,20%,190.0547612,728.6112638,1
February,100,2,6,3598.39,38.05162518,17759.1,20%,114.1743166,187.0184248,1
March,100,1,6,3598.39,39.37829033,17759.1,20%,130.3179505,519.4494514,1
April,100,5,0,3598.39,29.44796845,17759.1,20%,195.1092462,790.3496192,0
May,100,1,6,3598.39,30.14370368,17759.1,20%,206.4503839,691.6532548,1
June,100,1,6,3598.39,35.28592081,17759.1,20%,157.3673523,567.4558542,1
January,101,36,17,585.05,28.02456085,85328.73,1%,145.0907844,75.61653778,1
February,101,36,19,585.05,28.27046488,85328.73,1%,106.5877387,383.3342616,1
March,101,36,17,585.05,29.33563866,85328.73,1%,318.3073417,255.4173978,1
April,101,33,17,585.05,30.07533269,85328.73,1%,203.0705331,286.4508636,1
May,101,32,17,585.05,38.05151985,85328.73,1%,95.81963874,372.2102036,1
June,101,32,17,585.05,37.64923016,85328.73,1%,137.1702844,351.6821877,1
January,102,36,14,1428.68,26.75528646,134321.44,1%,715.7040605,394.9751617,1
February,102,36,17,1428.68,39.90369227,134321.44,1%,10000,351.2063921,1
March,102,8,0,1428.68,34.22349216,134321.44,1%,,451.5714293,0
April,102,8,10,1428.68,37.94748333,134321.44,1%,461.5302283,492.6512635,1
May,102,8,10,1428.68,31.98128604,134321.44,1%,259.4569536,410.9212778,1
June,102,8,10,1428.68,40.96972833,134321.44,1%,598.8624397,330.3577308,1
January,103,8,10,1755.81,27.37324216,61008,3%,218.2076697,228.7195152,1
February,103,8,10,1755.81,32.45474799,61008,3%,677.4251029,448.0487914,1
March,103,11,10,1755.81,32.98956713,61008,3%,165.2171154,407.3763374,1
April,103,8,10,1755.81,32.85587002,61008,3%,73.60092894,448.8478223,1
May,103,9,5,1755.81,29.51708332,61008,3%,255.8771888,715.0400896,0
June,103,9,7,1755.81,29.07238717,61008,3%,201.6860912,459.0461476,1
January,104,9,5,1237.46,36.6396993,28665.76,4%,340.9908376,803.9885701,0
February,104,9,5,1237.46,34.10061402,28665.76,4%,182.0336712,404.8901992,0
March,104,9,6,1237.46,31.42349681,28665.76,4%,117.0473528,818.2430515,1
April,104,9,5,1237.46,33.37386506,28665.76,4%,80.25709666,665.517567,0
May,104,9,5,1237.46,36.48458788,28665.76,4%,236.8815961,232.3600477,0
June,104,7,5,1237.46,33.84501778,28665.76,4%,138.3066033,680.8960947,0
January,105,11,20,2593.44,29.75653236,56803.71,5%,10000,293.3867642,1
February,105,10,0,2593.44,36.3448053,56803.71,5%,272.4220305,333.598142,0
March,105,11,20,2593.44,27.19245683,56803.71,5%,154.3728581,269.9710581,1
April,105,10,18,2593.44,32.07852764,56803.71,5%,186.0685566,349.037093,1
May,105,10,20,2593.44,25.31414163,56803.71,5%,160.9121209,243.5030775,1
June,105,7,20,2593.44,38.78579181,56803.71,5%,94.38794945,349.6965296,1
January,106,10,21,1973.63,37.66455307,38364.82,5%,74.79251895,310.3498647,1
February,106,5,20,1973.63,25.56656333,38364.82,5%,280.3850232,301.6478199,1
March,106,41,19,1973.63,26.07823491,38364.82,5%,123.9038606,268.1086391,1
April,106,39,20,1973.63,26.267351,38364.82,5%,111.0394321,240.7038111,1
May,106,47,21,1973.63,32.1711038,38364.82,5%,42.18845308,289.8878581,1
June,106,47,20,1973.63,23.79219323,38364.82,5%,10000,102.1870192,1
January,107,44,19,1460.8,26.42518128,66528.24,2%,139.5745607,106.2652312,1
February,107,46,20,1460.8,38.25186383,66528.24,2%,38.94642667,281.8959372,1
March,107,42,19,1460.8,32.53387309,66528.24,2%,98.82755375,0,1
April,107,46,19,1460.8,36.63336352,66528.24,2%,215.6186379,282.5953721,1
May,107,0,15,1460.8,34.37396536,66528.24,2%,247.4272856,321.8656114,1
June,107,5,15,1460.8,27.50257202,66528.24,2%,97.04179086,329.2701263,1
January,108,2,15,339.11,31.22930685,19403.405,2%,52.12810762,295.7436078,1
February,108,6,183,339.11,36.5078306,19403.405,2%,125.9483687,325.6481558,1
March,108,5,16,339.11,33.68727673,19403.405,2%,192.718754,236.6117273,1
April,108,7,16,339.11,38.25840231,19403.405,2%,186.9890358,265.0158122,1
May,108,5,17,339.11,36.82660981,19403.405,2%,169.8581974,294.1778521,1
June,108,5,15,339.11,25.84913168,19403.405,2%,71.55927579,342.4503832,1
January,109,4,9,358.6,30.79484745,31122.79,1%,220.5130602,857.8262026,1
February,109,4,9,358.6,31.60070425,31122.79,1%,249.6968801,742.2910654,1
March,109,4,7,358.6,32.51956159,31122.79,1%,57.2407224,855.592976,1
April,109,4,9,358.6,26.85277506,31122.79,1%,158.2697734,34.90020276,1
May,109,4,9,358.6,27.1376456,31122.79,1%,230.722102,863.3254437,1
June,109,4,6,358.6,34.55576314,31122.79,1%,200.0838001,904.4843319,1
January,110,2,9,330.17,33.27002451,15015.4,2%,92.11412378,40.07287397,1
February,110,4,12,330.17,29.99075632,15015.4,2%,75.14400572,961.6680465,1
March,110,16,21,330.17,24.24900974,15015.4,2%,48.25865276,366.3375746,1
April,110,13,17,330.17,37.84241153,15015.4,2%,69.60003309,376.3126715,1
May,110,21,20,330.17,30.23488554,15015.4,2%,136.4954553,317.860486,1
June,110,17,0,330.17,29.92099563,15015.4,2%,50.73793309,364.7327151,0
January,111,16,20,186.16,38.41845963,19777.05,1%,10000,291.4475567,1
February,111,20,20,186.16,26.60266394,19777.05,1%,39.27209392,367.8735823,1
March,111,16,20,186.16,26.27606328,19777.05,1%,25.1512005,373.7630937,1
April,111,16,21,186.16,30.27714749,19777.05,1%,193.1579358,131.0046483,1
May,111,9,16,186.16,28.98331009,19777.05,1%,,406.6624054,1
June,111,12,16,186.16,39.95698734,19777.05,1%,10000,1081.285394,1
January,112,9,14,399.92,28.54258478,20188.02,2%,147.6362135,550.8319048,1
February,112,9,17,399.92,31.3632289,20188.02,2%,35.50111934,1103.544143,1
March,112,9,16,399.92,39.07337919,20188.02,2%,79.8774261,1061.919336,1
April,112,9,16,399.92,26.40738386,20188.02,2%,98.28930196,577.1799068,1
May,112,9,16,399.92,33.00461132,20188.02,2%,148.2581692,470.3888491,1
June,112,9,15,399.92,37.28999202,20188.02,2%,22.78993516,667.8676,1
January,113,17,18,646.47,23.04195122,41345.58,2%,,132.0617849,1
February,113,17,0,646.47,34.16352449,41345.58,2%,110.074478,356.4169267,0
March,113,17,18,646.47,27.7470489,41345.58,2%,69.28882473,126.0364062,1
April,113,17,18,646.47,30.25251837,41345.58,2%,10000,462.4872272,1
May,113,17,20,646.47,32.69081341,41345.58,2%,36.94720504,444.1793785,1
June,113,17,18,646.47,32.62574506,41345.58,2%,115.5128542,375.2358869,1
January,114,17,18,1743.83,30.30098553,55151.04,3%,262.8372921,453.9857715,1
February,114,17,20,1743.83,27.25049996,55151.04,3%,139.0744818,251.8237606,1
March,114,60,16,1743.83,40.66800182,55151.04,3%,467.7339131,251.455394,1
April,114,60,16,1743.83,32.49312412,55151.04,3%,287.5477079,279.344841,1
May,114,64,14,1743.83,26.56636948,55151.04,3%,174.9210371,191.1469158,1
June,114,60,0,1743.83,39.26946645,55151.04,3%,104.8775327,270.3833905,1
January,115,60,16,687.87,31.02265867,30536.62,2%,96.7289942,291.2457955,1
February,115,60,16,687.87,31.64432344,30536.62,2%,75.76028912,249.4693537,1
March,115,60,16,687.87,38.63550085,30536.62,2%,36.6414243,293.4108267,1
April,115,60,14,687.87,35.47567291,30536.62,2%,140.1876944,245.6427607,1
May,115,26,22,687.87,35.24894992,30536.62,2%,115.5844975,431.1593616,1
June,115,26,22,687.87,28.52498558,30536.62,2%,97.5118362,192.1188281,1
January,116,26,0,1250.67,42.25298015,147499.6,1%,10000,339.904831,0
February,116,26,23,1250.67,37.95506377,147499.6,1%,,441.4663951,1
March,116,23,22,1250.67,27.98833245,147499.6,1%,443.1864811,0,1
April,116,26,19,1250.67,30.59014317,147499.6,1%,1031.330809,495.2402241,1
May,116,26,22,1250.67,26.78468276,147499.6,1%,396.4144419,366.7335361,1
June,116,26,22,1250.67,25.76759328,147499.6,1%,960.8408779,474.0764973,1
January,117,1,2,1859.45,38.05357747,20005.22,9%,219.6562015,298.3325067,0
February,117,1,0,1859.45,32.77031221,20005.22,9%,166.333815,315.3578859,0
March,117,1,-1,1859.45,29.83677528,20005.22,9%,127.6645957,322.403143,0
April,117,1,0,1859.45,32.08626927,20005.22,9%,99.05570259,299.8695003,0
May,117,-1,0,1859.45,40.33681367,20005.22,9%,34.82607388,286.5937702,0
June,117,1,0,1859.45,31.04169773,20005.22,9%,33.73289502,282.0256825,0
January,118,1,0,3135.02,37.82075621,19795.52,16%,77.06641227,212.0680011,0
February,118,1,1,3135.02,26.82623712,19795.52,16%,174.7103102,294.6240512,0
March,118,12,15,3135.02,27.57515856,19795.52,16%,61.27863699,362.3360102,1
April,118,12,15,3135.02,36.64689472,19795.52,16%,76.75799675,154.5630235,1
May,118,17,11,3135.02,34.36590976,19795.52,16%,143.6098707,324.4694943,1
June,118,12,18,3135.02,28.86964153,19795.52,16%,104.3003302,227.5608594,1
January,119,12,17,3947.24,21.7448835,60938.13,6%,166.4876761,380.6406879,1
February,119,9,15,3947.24,24.10018317,60938.13,6%,10000,400.9617624,1
March,119,7,13,3947.24,25.8211221,60938.13,6%,570.8378294,268.3732185,1
April,119,11,15,3947.24,29.55800086,60938.13,6%,205.355955,300.2688288,1
May,119,5,9,3947.24,35.40968589,60938.13,6%,464.5784432,348.4970382,1
June,119,11,15,3947.24,30.93143532,60938.13,6%,118.582521,329.5413627,1
January,120,4,12,1357.54,34.92686537,80396.86,2%,266.0130452,341.2833306,1
February,120,8,12,1357.54,37.80897424,80396.86,2%,482.1142572,304.2965373,1
March,120,8,10,1357.54,38.45991946,80396.86,2%,159.9030718,386.8407909,1
April,120,5,10,1357.54,31.31834536,80396.86,2%,305.4240013,393.9367728,1
May,120,6,0,1357.54,29.0785458,80396.86,2%,,402.1525416,0
June,120,8,0,1357.54,26.53000279,80396.86,2%,422.5870729,387.8995676,0
January,121,17,18,4428.64,40.4575377,57610.32,8%,10000,1031.076261,1
February,121,10,16,4428.64,30.25440338,57610.32,8%,135.0449567,855.0526039,1
March,121,15,16,4428.64,31.6279151,57610.32,8%,146.147221,1145.991619,1
April,121,15,16,4428.64,37.0851965,57610.32,8%,36.03012555,534.0249425,1
May,121,15,18,4428.64,27.24640215,57610.32,8%,186.604381,815.3452475,1
June,121,19,16,4428.64,24.53738087,57610.32,8%,415.0140243,695.4775117,1
January,122,15,16,2103.99,32.72190461,18717.02,11%,172.2831653,938.0793958,1
February,122,15,16,2103.99,28.88914591,18717.02,11%,51.66822154,1005.282768,1
March,122,14,11,2103.99,30.04811835,18717.02,11%,,361.864196,1
April,122,14,0,2103.99,25.27099616,18717.02,11%,71.0085451,297.7972512,0
May,122,11,12,2103.99,27.19345256,18717.02,11%,39.90549924,313.4843169,1
June,122,14,0,2103.99,31.58328883,18717.02,11%,,244.4244696,0
January,123,14,8,2226.37,38.08096369,19163.22,12%,15.20673351,386.1784696,1
February,123,14,10,2226.37,35.68057374,19163.22,12%,165.7348717,266.4325189,1
March,123,14,9,2226.37,31.19125771,19163.22,12%,167.8781191,302.9918542,1
April,123,14,11,2226.37,26.14779838,19163.22,12%,35.39321437,258.4089896,1
May,123,22,18,2226.37,35.98159627,19163.22,12%,13.80248657,319.4724557,1
June,123,27,18,2226.37,36.34917939,19163.22,12%,81.72630033,193.763329,1
January,124,22,18,1487.9,27.61540225,94554.87,2%,626.30901,423.9864337,1
February,124,22,19,1487.9,30.87069771,94554.87,2%,300.3255397,419.6451987,1
March,124,22,18,1487.9,36.70593008,94554.87,2%,443.7484006,376.5848406,1
April,124,27,18,1487.9,32.9629716,94554.87,2%,409.4268586,436.1262427,1
May,124,22,16,1487.9,34.25162577,94554.87,2%,119.4020845,379.3008903,1
June,124,22,18,1487.9,41.30293329,94554.87,2%,10000,415.8783985,1
January,125,14,17,89.62,34.95044799,63536.98,0%,517.0200747,375.4778682,1
February,125,8,20,89.62,35.39597764,63536.98,0%,36.73241195,384.3765339,1
March,125,12,17,89.62,35.72994933,63536.98,0%,97.69166507,379.615739,1
April,125,12,17,89.62,37.01537952,63536.98,0%,528.334993,358.6953907,1
May,125,12,17,89.62,37.3898604,63536.98,0%,,342.665979,1
June,125,12,16,89.62,34.81149096,63536.98,0%,451.6381889,395.5520727,1
January,126,12,20,1823.35,36.98828769,9983.345,18%,,384.8384052,1
February,126,12,17,1823.35,29.50942274,9983.345,18%,18.18202077,393.3845202,1
March,126,33,18,1823.35,39.63775601,9983.345,18%,47.64921348,302.015654,1
April,126,33,18,1823.35,26.61197778,9983.345,18%,42.3798964,262.6460624,1
May,126,35,19,1823.35,30.27487769,9983.345,18%,0,220.0340071,1
June,126,33,17,1823.35,33.65902861,9983.345,18%,10000,266.8829238,1
January,127,36,19,1073.94,41.02732543,27796.42,4%,128.2161902,265.0553047,1
February,127,33,19,1073.94,30.38965549,27796.42,4%,130.0996114,284.3071299,1
March,127,33,19,1073.94,37.15621874,27796.42,4%,75.71790454,259.4761738,1
April,127,33,21,1073.94,24.05756073,27796.42,4%,84.99894038,304.5542285,1
May,127,26,15,1073.94,40.35044711,27796.42,4%,200.6710898,405.842134,1
June,127,23,15,1073.94,22.20576058,27796.42,4%,302.0617222,473.0723916,1
January,128,22,17,89.68,33.45134938,132872.72,0%,353.122864,422.6510748,1
February,128,23,15,89.68,42.39788392,132872.72,0%,475.9167981,0,1
March,128,23,17,89.68,41.34188581,132872.72,0%,258.8751188,267.8198654,1
April,128,23,0,89.68,29.35715298,132872.72,0%,913.1710383,513.5324196,0
May,128,23,15,89.68,27.62293379,132872.72,0%,514.0429431,500.6954389,1
June,128,23,15,89.68,40.08150518,132872.72,0%,223.3183671,423.9815769,1
January,129,9,2,1151.7,34.92454851,140014.36,1%,423.6241662,319.8823432,0
February,129,13,2,1151.7,33.12940702,140014.36,1%,377.0611543,161.6108884,0
March,129,18,2,1151.7,25.05169905,140014.36,1%,843.1987396,485.3073541,0
April,129,13,1,1151.7,33.49290201,140014.36,1%,,384.1566324,0
May,129,13,0,1151.7,37.3982318,140014.36,1%,364.0138411,190.0898019,0
June,129,13,5,1151.7,26.57131271,140014.36,1%,388.0007706,401.5681952,0
January,130,13,2,869.99,34.98833625,37071.2,2%,386.8995613,492.3270247,0
February,130,11,2,869.99,34.97119016,37071.2,2%,68.25104822,214.9034199,0
March,130,6,13,869.99,28.31939476,37071.2,2%,142.8943811,738.2518345,1
April,130,10,15,869.99,39.63081461,37071.2,2%,276.8189914,775.4860371,1
May,130,5,13,869.99,30.6853671,37071.2,2%,57.42272997,0,1
June,130,5,13,869.99,32.25082082,37071.2,2%,68.03216109,72.87980133,1
January,131,5,16,1480.92,32.50328427,41735.55,4%,98.89486393,579.1755923,1
February,131,4,13,1480.92,25.48749105,41735.55,4%,60.16086359,275.2791228,1
March,131,1,13,1480.92,22.07844595,41735.55,4%,10000,0,1
April,131,3,12,1480.92,34.23860845,41735.55,4%,387.4665448,479.8240344,1
May,131,14,20,1480.92,35.28428516,41735.55,4%,10000,612.9678757,1
June,131,13,19,1480.92,34.51094824,41735.55,4%,87.83142994,162.0697133,1
January,132,14,21,1950.62,38.3957798,40391.66,5%,270.6282467,804.914802,1
February,132,14,0,1950.62,30.76603966,40391.66,5%,89.65122047,778.6118203,0
March,132,14,20,1950.62,34.54141617,40391.66,5%,313.4191447,736.8553868,1
April,132,14,20,1950.62,23.34722076,40391.66,5%,253.0619063,808.7443366,1
May,132,13,20,1950.62,25.19202672,40391.66,5%,34.14143378,565.0150301,1
June,132,14,20,1950.62,31.13055404,40391.66,5%,189.4868251,25.29240814,1
January,133,20,20,2569.3,30.21890538,7441.295,35%,96.30724364,188.7871183,1
February,133,24,20,2569.3,36.05020819,7441.295,35%,94.21915196,264.6675629,1
March,133,24,21,2569.3,23.21011461,7441.295,35%,42.12400278,228.523929,1
April,133,24,20,2569.3,35.34160912,7441.295,35%,38.81360837,183.7326333,1
May,133,24,0,2569.3,27.06896868,7441.295,35%,56.93823725,172.3914957,0
June,133,24,0,2569.3,29.12876324,7441.295,35%,55.39678502,211.4745272,0
January,134,24,23,2008.06,29.44953194,19065.32,11%,63.52147977,208.3180592,1
February,134,26,20,2008.06,29.75799884,19065.32,11%,20.9689828,245.7618429,1
March,134,11,17,2008.06,35.93733555,19065.32,11%,32.88341822,712.3229995,1
April,134,12,18,2008.06,39.0721852,19065.32,11%,107.4232711,750.8260452,1
May,134,7,17,2008.06,30.09094621,19065.32,11%,166.2444409,579.1064422,1
June,134,12,17,2008.06,29.54374905,19065.32,11%,54.20504868,694.3432508,1
January,135,12,14,195.38,30.63404463,24585.55,1%,43.26624308,771.5941452,1
February,135,12,14,195.38,35.07876591,24585.55,1%,139.0459843,720.2434995,1
March,135,12,17,195.38,37.73274571,24585.55,1%,58.81931338,467.23346,1
April,135,17,834,195.38,37.75461207,24585.55,1%,50.46839601,286.5442472,1
May,135,26,19,195.38,27.45654797,24585.55,1%,50.95979278,417.0530291,1
June,135,26,19,195.38,35.7593548,24585.55,1%,109.38613,335.9725019,1
January,136,26,21,1403.17,31.79668961,15013.73,9%,75.20945229,949.50237,1
February,136,26,22,1403.17,26.9483472,15013.73,9%,138.0087413,641.2268614,1
March,136,26,21,1403.17,25.55029323,15013.73,9%,38.98803587,833.300136,1
April,136,26,19,1403.17,27.42627956,15013.73,9%,129.5271333,513.89465,1
May,136,26,19,1403.17,32.67643149,15013.73,9%,151.225327,581.9365201,1
June,136,29,20,1403.17,36.28518212,15013.73,9%,,893.2396069,1
January,137,16,19,385.8,22.98972216,126006.68,0%,1069.38991,365.8657996,1
February,137,16,19,385.8,29.54094702,126006.68,0%,718.6753577,0,1
March,137,16,19,385.8,30.68741311,126006.68,0%,264.1068678,438.8563539,1
April,137,16,19,385.8,28.67155267,126006.68,0%,1082.820731,500.4725404,1
May,137,16,20,385.8,34.86719994,126006.68,0%,408.2953699,358.1962805,1
June,137,16,19,385.8,27.89543048,126006.68,0%,248.7005808,382.3873781,1
January,138,14,19,605.34,22.39367942,102885.32,1%,857.7632224,460.4672466,1
February,138,16,19,605.34,30.83825551,102885.32,1%,142.0658008,387.4070242,1
March,138,14,10,605.34,28.40696052,102885.32,1%,298.1439608,184.6023182,1
April,138,16,10,605.34,35.61185297,102885.32,1%,547.8315332,323.5594845,1
May,138,16,13,605.34,27.65699989,102885.32,1%,495.6310264,378.5458029,1
June,138,16,11,605.34,37.26393252,102885.32,1%,215.6344577,405.3360591,1
January,139,16,10,512.38,29.74634663,34212.01,1%,270.2397718,288.7115597,1
February,139,16,10,512.38,28.44296251,34212.01,1%,380.9233337,377.2865525,1
March,139,16,12,512.38,37.57055171,34212.01,1%,205.3957988,291.7291401,1
April,139,16,10,512.38,31.85203897,34212.01,1%,150.7068026,349.8005414,1
May,139,51,26,512.38,32.64457795,34212.01,1%,26.2700848,243.0942731,1
June,139,46,23,512.38,28.43167429,34212.01,1%,236.8755134,262.4520007,1
January,140,46,20,140.26,33.66718198,118487.16,0%,354.2155581,370.5011731,1
February,140,46,23,140.26,36.90906559,118487.16,0%,361.4271888,348.8054746,1
March,140,46,24,140.26,42.19925093,118487.16,0%,10000,363.9619102,1
April,140,46,23,140.26,36.72347393,118487.16,0%,359.2148112,420.4860817,1
May,140,44,23,140.26,30.1391876,118487.16,0%,10000,355.023023,1
June,140,44,23,140.26,35.48599081,118487.16,0%,683.3484299,205.1353372,1
January,141,34,22,3962.08,38.23495907,77418.52,5%,144.9603486,390.7639425,1
February,141,34,22,3962.08,34.76165175,77418.52,5%,212.3977646,225.1714383,1
March,141,34,22,3962.08,31.32632678,77418.52,5%,398.4666506,361.6526009,1
April,141,34,22,3962.08,29.66000321,77418.52,5%,260.7781408,374.5170294,1
May,141,31,20,3962.08,34.9494044,77418.52,5%,135.7398457,413.3680084,1
June,141,34,22,3962.08,23.11099851,77418.52,5%,78.03120583,327.0650688,1
January,142,34,23,784.35,36.68708626,24199.24,3%,22.73334864,424.0278928,1
February,142,34,22,784.35,34.00487515,24199.24,3%,36.25883985,402.543786,1
March,142,17,9,784.35,32.68423992,24199.24,3%,57.54456034,673.7274393,1
April,142,19,8,784.35,29.9128427,24199.24,3%,89.24234197,774.3555733,1
May,142,15,9,784.35,34.76654025,24199.24,3%,10000,724.4744463,1
June,142,17,11,784.35,29.91285816,24199.24,3%,42.2534408,607.6833621,1
January,143,17,12,1496.38,32.11737767,28587.29,5%,185.9603642,585.8747144,1
February,143,17,9,1496.38,27.75209038,28587.29,5%,129.737134,716.2602091,1
March,143,17,10,1496.38,30.01478966,28587.29,5%,135.7092806,717.0914534,1
April,143,20,12,1496.38,34.26125934,28587.29,5%,88.74306479,664.8817952,1
May,143,13,9,1496.38,36.65870652,28587.29,5%,210.6243801,349.1520196,1
June,143,13,11,1496.38,28.71481315,28587.29,5%,84.66215367,315.3317585,1
January,144,11,9,1054.86,34.12223746,16578.115,6%,25.85641455,248.5613732,1
February,144,13,0,1054.86,35.67735785,16578.115,6%,58.17679932,244.2910915,0
March,144,12,9,1054.86,35.73134519,16578.115,6%,28.29133226,251.4219299,1
April,144,13,9,1054.86,38.49923983,16578.115,6%,54.14674132,329.7208514,1
May,144,13,9,1054.86,23.6956535,16578.115,6%,120.4907632,348.2213392,1
June,144,13,10,1054.86,29.04880468,16578.115,6%,53.91212946,226.4592697,1
January,145,28,20,4167.43,26.0383526,74647.4,6%,142.361499,325.6435231,1
February,145,28,20,4167.43,32.84289151,74647.4,6%,59.45679,306.4597033,1
March,145,28,20,4167.43,31.65975843,74647.4,6%,161.5712331,458.9158609,1
April,145,28,21,4167.43,35.71557292,74647.4,6%,141.2712372,377.88681,1
May,145,28,20,4167.43,31.68085601,74647.4,6%,553.8526995,335.4344814,1
June,145,23,18,4167.43,38.34225381,74647.4,6%,158.3173101,346.0727832,1
January,146,28,19,1374.23,32.0262087,34766.06,4%,339.1781648,193.4781587,1
February,146,31,20,1374.23,28.66007022,34766.06,4%,10000,446.7819896,1
March,146,23,9,1374.23,35.56142106,34766.06,4%,182.6155519,307.528475,1
April,146,25,10,1374.23,33.29576662,34766.06,4%,139.5136038,324.4985931,1
May,146,25,11,1374.23,26.77336524,34766.06,4%,59.75858627,351.383946,1
June,146,25,0,1374.23,32.74411423,34766.06,4%,72.89949541,320.0425657,0
January,147,21,14,775.22,34.05590813,16852.635,5%,136.2137084,263.1471434,1
February,147,23,11,775.22,39.50487104,16852.635,5%,69.04340589,348.9046657,1
March,147,25,11,775.22,32.78745821,16852.635,5%,114.6230507,255.9890249,1
April,147,27,8,775.22,28.01965469,16852.635,5%,26.8701924,237.0672904,1
May,147,19,3,775.22,26.53290254,16852.635,5%,39.60976624,357.4905567,0
June,147,19,0,775.22,27.96080591,16852.635,5%,61.1265106,354.4911228,0
January,148,19,3,2362.68,33.84241128,33502.1,7%,186.6985264,368.6120162,0
February,148,24,3,2362.68,32.80233908,33502.1,7%,191.2771121,240.6052809,0
March,148,22,3,2362.68,33.19100843,33502.1,7%,335.337723,298.4092616,0
April,148,19,0,2362.68,32.98116761,33502.1,7%,72.56920724,363.640576,0
May,148,16,0,2362.68,24.18776124,33502.1,7%,123.5680549,245.5615342,0
June,148,19,3,2362.68,32.82688726,33502.1,7%,45.48514242,358.3881792,0
January,149,10,5,1295.18,27.35397853,91690.53,1%,254.8699601,281.9170057,0
February,149,9,6,1295.18,38.01529334,91690.53,1%,156.0510657,364.0520998,1
March,149,9,8,1295.18,35.36268416,91690.53,1%,217.3947251,339.6757931,1
April,149,13,3,1295.18,26.19820232,91690.53,1%,545.4780277,341.2639172,0
May,149,9,6,1295.18,38.66431766,91690.53,1%,371.4258097,291.29505,1
June,149,9,6,1295.18,37.6942541,91690.53,1%,289.4477866,386.763284,1
January,150,9,6,1672.68,37.25100052,30502.54,5%,43.83991212,358.5853514,1
February,150,9,6,1672.68,34.87312303,30502.54,5%,168.0204875,318.1993871,1
March,150,7,3,1672.68,27.97107605,30502.54,5%,216.1796301,187.9342805,0
April,150,7,0,1672.68,32.0878068,30502.54,5%,,465.972022,0
May,150,7,0,1672.68,37.50922877,30502.54,5%,106.5824454,506.7576753,0
June,150,12,0,1672.68,34.62966312,30502.54,5%,20.99723703,323.1918538,0
January,151,7,0,180.94,35.62726893,30272.61,1%,128.3534494,539.099295,0
February,151,2,0,180.94,36.36723057,30272.61,1%,156.7351886,500.5336458,0
March,151,9,0,180.94,24.92422156,30272.61,1%,145.7232424,319.6634399,0
April,151,7,0,180.94,38.13742934,30272.61,1%,128.6410776,494.4555416,0
May,151,31,17,180.94,26.15751353,30272.61,1%,124.7341359,315.8316405,1
June,151,31,17,180.94,31.78766414,30272.61,1%,162.7897104,409.5944508,1
January,152,31,17,203.03,39.58066955,59971.42,0%,217.6930633,120.9350195,1
February,152,31,17,203.03,32.60829425,59971.42,0%,398.1844951,291.1212247,1
March,152,36,17,203.03,27.43864956,59971.42,0%,108.9602477,373.7478955,1
April,152,31,17,203.03,36.61509401,59971.42,0%,81.93143455,443.7913999,1
May,152,29,19,203.03,30.37106369,59971.42,0%,171.767829,436.1193178,1
June,152,31,17,203.03,37.97601468,59971.42,0%,63.43139147,114.7645422,1
January,153,19,7,257.81,25.56459705,42220.39,1%,93.31106009,353.3703981,1
February,153,19,8,257.81,26.87244765,42220.39,1%,219.4359664,374.3391032,1
March,153,19,8,257.81,28.6426246,42220.39,1%,331.3087925,413.457968,1
April,153,19,8,257.81,29.92048346,42220.39,1%,166.2878549,349.9116979,1
May,153,19,8,257.81,33.1033798,42220.39,1%,138.822868,354.5148948,1
June,153,19,8,257.81,32.08385288,42220.39,1%,181.2826135,352.5875561,1
January,154,19,10,900.83,37.27591161,43581.13,2%,120.203879,366.6393791,1
February,154,19,8,900.83,25.00899806,43581.13,2%,451.5403574,262.1109593,1
March,154,14,3,900.83,40.95969613,43581.13,2%,39.53457993,1041.077483,0
April,154,14,3,900.83,25.61272993,43581.13,2%,57.05960796,685.0242473,0
May,154,12,6,900.83,34.13471492,43581.13,2%,79.46497696,859.970369,1
June,154,14,3,900.83,38.11566497,43581.13,2%,182.6181577,291.8260413,0
January,155,9,0,467.64,26.21133323,28681.38,2%,189.688518,926.7424081,0
February,155,15,3,467.64,38.11375608,28681.38,2%,57.84732471,362.3159722,0
March,155,14,0,467.64,25.39354008,28681.38,2%,183.9762249,507.9151641,0
April,155,14,2,467.64,23.48687745,28681.38,2%,,447.9251564,0
May,155,22,20,467.64,23.91529125,28681.38,2%,177.0887087,179.1407511,1
June,155,22,22,467.64,27.80797513,28681.38,2%,42.14609888,222.4631375,1
January,156,25,23,1166.47,34.78417245,35376.32,3%,57.83548953,261.1323568,1
February,156,22,20,1166.47,39.99222456,35376.32,3%,61.4909092,279.7412499,1
March,156,17,20,1166.47,28.44892451,35376.32,3%,317.5063563,333.9708787,1
April,156,22,20,1166.47,31.42112705,35376.32,3%,10000,325.0640575,1
May,156,23,21,1166.47,30.24080727,35376.32,3%,126.1543147,307.2506969,1
June,156,22,20,1166.47,35.67602081,35376.32,3%,59.79900184,222.3513795,1
January,157,15,21,1287.59,27.65170151,15488.885,8%,10000,248.7207837,1
February,157,15,22,1287.59,22.63546187,15488.885,8%,29.44719579,151.0768857,1
March,157,15,21,1287.59,28.2454871,15488.885,8%,155.2232445,224.508559,1
April,157,15,18,1287.59,27.80802651,15488.885,8%,73.24941749,229.0291992,1
May,157,15,21,1287.59,31.10834678,15488.885,8%,144.922638,162.1773252,1
June,157,15,21,1287.59,30.80107913,15560525,0%,97.70545172,191.4868658,1
January,158,15,21,816.46,33.82929719,19853.35,4%,10000,185.1771658,1
February,158,14,21,816.46,35.28021683,19853.35,4%,22.03026347,149.7135589,1
March,158,24,18,816.46,38.35929016,19853.35,4%,62.06471233,231.5254005,1
April,158,23,18,816.46,33.43584261,19853.35,4%,123.7961781,0,1
May,158,26,17,816.46,28.15432154,19853.35,4%,84.41866077,0,1
June,158,26,18,816.46,38.77875139,19853.35,4%,104.2653578,192.6571217,1
January,159,26,21,951.36,27.56800421,115643.01,1%,414.0255925,0,1
February,159,26,18,951.36,30.64862041,115643.01,1%,670.2124917,259.4305556,1
March,159,26,18,951.36,33.02244357,115643.01,1%,102.0319785,0,1
April,159,26,21,951.36,23.40766359,115643.01,1%,868.4215954,269.7162744,1
May,159,8,11,951.36,41.09080181,115643.01,1%,133.5556741,646.3607881,1
June,159,8,11,951.36,30.2873135,115643.01,1%,644.4721303,450.2595761,1
January,160,8,13,540.07,27.51300973,7512.225,7%,32.37729898,752.4707615,1
February,160,8,10,540.07,23.90991208,7512.225,7%,63.02139644,646.949832,1
March,160,7,0,540.07,33.85302645,7512.225,7%,53.16535684,724.5586823,0
April,160,8,11,540.07,29.15999445,7512.225,7%,42.59795497,519.7867604,1
May,160,8,11,540.07,26.06325537,7512.225,7%,10.13191094,691.3974047,1
June,160,8,11,540.07,30.79841422,7512.225,7%,25.80361934,277.3427068,1
January,161,41,23,4445.32,31.0425119,35161.46,13%,123.585426,53.7543837,1
February,161,41,23,4445.32,29.46906222,35161.46,13%,82.98997859,310.506864,1
March,161,41,0,4445.32,29.68532244,35161.46,13%,204.8329297,299.4045998,1
April,161,41,23,4445.32,33.15011988,35161.46,13%,78.34093426,399.5216952,1
May,161,41,23,4445.32,28.41173359,35161.46,13%,37.42498443,278.9474397,1
June,161,41,23,4445.32,27.11896522,35161.46,13%,19.01948976,60.5377965,1
January,162,44,0,3035.88,41.34692749,9133.045,33%,26.30815984,377.4962142,1
February,162,41,23,3035.88,37.47715843,9133.045,33%,60.06650759,324.7992604,1
March,162,14,20,3035.88,37.62121972,9133.045,33%,42.1771251,186.5450081,1
April,162,9,19,3035.88,32.01028671,9133.045,33%,46.48832383,307.1599518,1
May,162,9,17,3035.88,31.19875966,9133.045,33%,35.77146298,275.1046939,1
June,162,11,18,3035.88,36.66944085,9133.045,33%,48.45451194,257.8196283,1
January,163,9,19,4404.48,26.51448318,19283.47,23%,87.58752722,278.9226741,1
February,163,9,16,4404.48,40.44311542,19283.47,23%,43.34465042,274.9008231,1
March,163,7,18,4404.48,24.73345048,19283.47,23%,10000,276.4344622,1
April,163,4,18,4404.48,36.81321436,19283.47,23%,118.9762629,292.1077242,1
May,163,23,18,4404.48,24.26782583,19283.47,23%,45.36876137,345.3111188,1
June,163,23,19,4404.48,38.01777594,19283.47,23%,25.49382195,234.7829806,1
January,164,21,18,276.91,40.27395345,66502.76,0%,82.10389005,232.6397333,1
February,164,18,19,276.91,25.85623159,66502.76,0%,131.0999091,325.124638,1
March,164,25,18,276.91,33.4594584,66502.76,0%,70.98632216,336.7153658,1
April,164,18,18,276.91,31.26324999,66502.76,0%,97.47015739,288.791552,1
May,164,23,19,276.91,23.33091259,66502.76,0%,374.667545,302.2441735,1
June,164,23,22,276.91,35.76220154,66502.76,0%,211.1375988,224.8580329,1
January,165,9,0,1701.58,38.48831078,9444.795,18%,92.59222789,455.14824,0
February,165,9,0,1701.58,35.18216454,9444.795,18%,28.49645707,761.1317103,0
March,165,9,1,1701.58,35.76303907,9444.795,18%,10000,607.7088494,0
April,165,9,0,1701.58,30.66682464,9444.795,18%,71.40615723,662.0303914,0
May,165,9,0,1701.58,33.20798895,9444.795,18%,83.43984726,922.0551655,0
June,165,4,0,1701.58,36.85162288,9444.795,18%,20.14142612,946.5394343,0
January,166,9,1,877.06,36.97651581,70112.78,1%,433.1852678,729.4228858,0
February,166,9,0,877.06,27.43320195,70112.78,1%,469.3210996,821.3452523,0
March,166,29,14,877.06,29.76451184,70112.78,1%,545.8562339,242.1539061,1
April,166,33,0,877.06,35.54211365,70112.78,1%,541.2524164,672.4415688,1
May,166,26,16,877.06,35.44189502,70112.78,1%,94.87331908,611.4823157,1
June,166,29,15,877.06,33.51310192,70112.78,1%,,230.8389878,1
January,167,29,13,2686.18,37.27594078,15604.56,17%,93.21312485,440.9182314,1
February,167,29,16,2686.18,31.09297235,15604.56,17%,65.8787918,287.5357919,1
March,167,29,16,2686.18,27.39811578,15604.56,17%,56.0390886,568.1351103,1
April,167,29,16,2686.18,37.98187464,15604.56,17%,169.0607979,529.4183765,1
May,167,22,16,2686.18,37.20855788,15604.56,17%,62.34275238,261.6554806,1
June,167,22,16,2686.18,38.61447028,15604.56,17%,25.9869617,278.4710022,1
January,168,22,16,457.81,23.06996228,68935.26,1%,208.5060891,279.0038095,1
February,168,22,16,457.81,34.69013759,68935.26,1%,10000,264.2731266,1
March,168,22,0,457.81,37.45209398,68935.26,1%,739.7896616,277.7414585,0
April,168,27,16,457.81,27.6047595,68935.26,1%,215.0382826,288.3958605,1
May,168,22,16,457.81,36.53246992,68935.26,1%,371.8341314,285.6934611,1
June,168,22,16,457.81,36.50307552,68935.26,1%,162.8164817,276.0401151,1
January,169,18,14,611.04,24.10101884,31807,2%,195.2840071,325.7530119,1
February,169,18,14,611.04,29.95563613,31807,2%,59.79390725,333.8695906,1
March,169,20,13,611.04,23.41143447,31807,2%,10000,368.2512975,1
April,169,18,16,611.04,27.06705363,31807,2%,32.15559293,358.9702617,1
May,169,18,11,611.04,33.56369078,31807,2%,159.3500743,263.2981122,1
June,169,20,14,611.04,25.15308482,31807,2%,104.8348455,181.9074799,1
January,170,18,15,1409.58,36.61446866,10025.2,14%,141.3578697,399.40178,1
February,170,18,11,1409.58,37.44166625,10025.2,14%,10000,387.6013154,1
March,170,11,7,1409.58,28.82956825,10025.2,14%,83.79413236,882.4191203,1
April,170,14,6,1409.58,36.18180914,10025.2,14%,65.98234303,779.6251862,1
May,170,14,5,1409.58,30.80777958,10025.2,14%,,956.6668655,0
June,170,14,7,1409.58,37.5870229,10025.2,14%,10000,352.370946,1
January,171,11,8,1635.19,37.2691958,64036.88,3%,475.3623658,731.4990412,1
February,171,14,0,1635.19,30.4775069,64036.88,3%,307.9415911,992.2236172,0
March,171,14,4,1635.19,39.58268408,64036.88,3%,93.11963409,326.8184636,0
April,171,14,5,1635.19,32.85935458,64036.88,3%,297.9761044,1042.031182,0
May,171,23,8,1635.19,34.17436022,64036.88,3%,408.9846947,644.0417706,1
June,171,27,10,1635.19,37.68110354,64036.88,3%,,690.6047825,1
January,172,27,10,1684.06,32.48217556,9783.245,17%,94.75302405,254.4671973,1
February,172,27,10,1684.06,35.81234018,9783.245,17%,87.82352528,779.5739541,1
March,172,27,12,1684.06,36.56831665,9783.245,17%,34.54547793,713.6520957,1
April,172,27,10,1684.06,36.00260723,9783.245,17%,80.78357717,679.6651663,1
May,172,27,9,1684.06,39.30674058,9783.245,17%,31.69155149,525.3350914,1
June,172,27,9,1684.06,33.39004369,9783.245,17%,120.5055564,823.0863932,1
January,173,17,2672,455.22,39.76005144,86522.72,1%,95.86465456,129.0368339,1
February,173,14,5,455.22,29.33748968,86522.72,1%,139.8368013,397.6853471,0
March,173,14,5,455.22,35.72838676,86522.72,1%,297.1751329,353.0420142,0
April,173,14,3,455.22,31.59459157,86522.72,1%,322.233403,239.1174038,0
May,173,14,5,455.22,29.96454401,86522.72,1%,182.1269494,408.5136653,0
June,173,14,5,455.22,41.34223418,86522.72,1%,179.7084198,397.9042342,0
January,174,14,5,923.85,32.05791074,124419.66,1%,338.6474398,355.9441461,0
February,174,14,8,923.85,25.89328065,124419.66,1%,153.5073452,432.3340116,1
March,174,19,6,923.85,25.09173299,124419.66,1%,489.4492844,387.2872394,1
April,174,15,6,923.85,39.6747794,124419.66,1%,460.327041,406.0212397,1
May,174,15,0,923.85,39.84859775,124419.66,1%,685.6839887,77.07838234,0
June,174,15,5,923.85,32.81519327,124419.66,1%,384.9861356,128.7155585,0
January,175,15,4,257.85,30.0612628,15606.515,2%,11.91253583,223.4435146,0
February,175,15,4,257.85,33.83458662,15606.515,2%,83.46627906,388.3506734,0
March,175,15,6,257.85,29.05478377,15606.515,2%,110.8730164,321.9050777,1
April,175,15,7,257.85,31.79140125,15606.515,2%,35.99312572,265.5926148,1
May,175,35,23,257.85,26.32681457,15606.515,2%,42.60892273,284.7980916,1
June,175,35,20,257.85,34.19296784,15606.515,2%,116.2624209,435.7751178,1
January,176,35,20,2989.13,28.35377488,28230.92,11%,10000,242.0071935,1
February,176,30,23,2989.13,30.32802113,28230.92,11%,278.5433234,292.364432,1
March,176,39,21,2989.13,31.63443343,28230.92,11%,47.01439107,481.2849045,1
April,176,35,24,2989.13,34.11060485,28230.92,11%,186.0192201,355.9395131,1
May,176,35,23,2989.13,36.07550414,28230.92,11%,194.7423576,401.3193665,1
June,176,33,23,2989.13,26.00590564,28230.92,11%,278.191081,233.5611247,1
January,177,17,16,181.68,25.24975772,10623.765,2%,33.32194172,255.5848048,1
February,177,17,16,181.68,32.99101556,10623.765,2%,21.04730907,257.6728965,1
March,177,17,16,181.68,30.25241705,10623.765,2%,35.27977495,299.7680457,1
April,177,17,14,181.68,36.73851076,10623.765,2%,32.34011518,313.0784401,1
May,177,17,16,181.68,32.39269322,10623.765,2%,106.1434122,284.9538112,1
June,177,18,19,181.68,29.41001565,10623.765,2%,45.37842493,296.4952634,1
January,178,17,16,889.62,33.26282623,11970.955,7%,44.42759779,318.2590595,1
February,178,15,13,889.62,33.8466937,11970.955,7%,109.9436352,260.1243135,1
March,178,23,14,889.62,28.07761032,11970.955,7%,49.99400702,290.0437129,1
April,178,23,14,889.62,39.22939643,11970.955,7%,65.05655859,292.5962099,1
May,178,23,14,889.62,25.76219107,11970.955,7%,106.8432032,290.6817744,1
June,178,23,14,889.62,30.59268898,11970.955,7%,63.83498355,256.1419215,1
January,179,23,14,1358.65,42.06028306,112362.76,1%,163.7235424,197.3207518,1
February,179,23,14,1358.65,36.57227198,112362.76,1%,191.5464789,269.360144,1
March,179,27,14,1358.65,32.73703846,112362.76,1%,255.5696959,288.0327099,1
April,179,23,15,1358.65,33.71460371,112362.76,1%,146.6506006,260.5242287,1
May,179,9,14,1358.65,26.14313661,112362.76,1%,256.6155198,397.9655633,1
June,179,9,14,1358.65,31.40208793,112362.76,1%,204.2274394,352.1858221,1
January,180,9,0,1226.23,30.98273421,33335.24,4%,88.11987223,392.412493,0
February,180,9,13,1226.23,38.09268613,33335.24,4%,148.9713256,390.7634104,1
March,180,9,14,1226.23,38.57620843,33335.24,4%,22.44818432,410.2720136,1
April,180,10,14,1226.23,27.46252398,33335.24,4%,53.05852244,381.8456764,1
May,180,9,14,1226.23,38.51753498,33335.24,4%,59.6921288,295.6461944,1
June,180,9,0,1226.23,37.97942858,33335.24,4%,201.2702606,405.1549233,0
January,181,23,12,816.21,35.46722492,131577.84,1%,239.2669445,265.9570402,1
February,181,18,7,816.21,38.90990945,131577.84,1%,468.3495251,213.1577512,1
March,181,20,9,816.21,40.70004607,131577.84,1%,281.2547725,312.1784566,1
April,181,23,9,816.21,29.59197703,131577.84,1%,585.2536115,221.6393592,1
May,181,23,12,816.21,30.59204017,131577.84,1%,988.994679,199.9411655,1
June,181,23,7,816.21,29.99205292,131577.84,1%,167.3210815,279.4875339,1
January,182,19,9,1339.6,26.92427772,32314.44,4%,270.2810239,301.6015173,1
February,182,23,9,1339.6,36.63151119,32314.44,4%,151.9409799,273.6767524,1
March,182,13,12,1339.6,32.94627527,32314.44,4%,73.39764612,40.19842748,1
April,182,11,11,1339.6,23.66573212,32314.44,4%,176.8415853,370.9129797,1
May,182,16,12,1339.6,30.11502584,32314.44,4%,95.19105821,835.4814696,1
June,182,9,12,1339.6,30.44585275,32314.44,4%,189.4042624,26.76760652,1
January,183,8,12,71.52,38.84510679,61235.6,0%,214.8214093,671.2929675,1
February,183,13,12,71.52,34.26205575,61235.6,0%,,830.8877566,1
March,183,13,11,71.52,32.20393878,61235.6,0%,120.8691196,551.8616461,1
April,183,13,13,71.52,27.37432422,61235.6,0%,173.3238099,857.3182045,1
May,183,11,13,71.52,37.11285823,61235.6,0%,103.4453987,222.4557808,1
June,183,14,0,71.52,32.75305113,61235.6,0%,563.19791,898.1532023,0
January,184,13,13,265.86,37.31055443,4282515,0%,91.65269595,742.0750423,1
February,184,14,13,265.86,23.16393009,19078.93,1%,57.84103191,532.38747,1
March,184,14,13,265.86,29.63214643,19078.93,1%,68.52655644,584.5879767,1
April,184,14,0,265.86,22.81903237,19078.93,1%,140.5061763,814.5845454,0
May,184,14,13,265.86,29.43096295,19078.93,1%,78.81926895,877.9563949,1
June,184,14,14,265.86,30.42834498,19078.93,1%,55.6242093,950.4721388,1
January,185,21,9,4525.08,24.74205399,83703.52,5%,337.6182379,237.7838982,1
February,185,18,9,4525.08,31.78425397,83703.52,5%,10000,127.1003363,1
March,185,18,9,4525.08,40.46506994,83703.52,5%,533.9793107,292.6278713,1
April,185,18,0,4525.08,39.61509803,83703.52,5%,89.17149835,327.3168674,0
May,185,16,10,4525.08,26.02276244,83703.52,5%,122.236813,431.7535852,1
June,185,18,9,4525.08,32.72518549,83703.52,5%,386.6270807,261.1481567,1
January,186,18,9,1126.35,35.0425359,99127.04,1%,,340.7785461,1
February,186,18,9,1126.35,38.1773235,99127.04,1%,194.297459,391.096736,1
March,186,17,20,1126.35,37.25037761,99127.04,1%,65.07212528,595.3165737,1
April,186,15,20,1126.35,31.56061978,99127.04,1%,139.0998511,598.104943,1
May,186,15,22,1126.35,35.89359309,99127.04,1%,148.2089008,745.5185944,1
June,186,15,20,1126.35,32.77576375,99127.04,1%,353.1232655,580.3173206,1
January,187,15,20,2086.22,31.13203623,10405.01,20%,47.82292504,508.6532572,1
February,187,15,20,2086.22,31.70034659,10405.01,20%,45.76944905,276.1837018,1
March,187,15,21,2086.22,24.52577775,10405.01,20%,59.14913717,758.5479309,1
April,187,11,17,2086.22,29.6508883,10405.01,20%,27.70473499,543.1189031,1
May,187,38,0,2086.22,24.29301418,10405.01,20%,25.45425232,411.0629524,1
June,187,38,24,2086.22,36.77139695,10405.01,20%,78.66253233,373.6255364,1
January,188,34,18,429.77,35.83808668,135895.96,0%,239.7467972,177.5566505,1
February,188,38,21,429.77,34.87647096,135895.96,0%,226.8870458,325.2451603,1
March,188,38,24,429.77,32.85264131,135895.96,0%,204.3743466,410.2834554,1
April,188,38,21,429.77,39.48680594,135895.96,0%,166.1480985,467.9920952,1
May,188,38,18,429.77,29.63807373,135895.96,0%,771.7409074,404.9302637,1
June,188,38,23,429.77,35.80489367,135895.96,0%,349.8131963,405.6012579,1
January,189,26,14,1286.07,37.83423279,29608.46,4%,43.06699278,398.5406793,1
February,189,26,14,1286.07,35.21589074,29608.46,4%,79.92624482,405.015188,1
March,189,26,17,1286.07,36.69060867,29608.46,4%,157.8909464,373.7294676,1
April,189,26,14,1286.07,28.69716511,29608.46,4%,161.1720578,352.0316859,1
May,189,28,12,1286.07,30.22208043,29608.46,4%,170.0207938,392.5004253,1
June,189,26,14,1286.07,30.18915883,29608.46,4%,123.8872486,379.0205871,1
January,190,27,14,2593.23,34.82247159,29999.94,9%,259.5470019,216.2477036,1
February,190,29,14,2593.23,31.59554354,29999.94,9%,154.3309048,393.0686026,1
March,190,0,0,2593.23,27.20519819,29999.94,9%,171.3269017,366.1670525,0
April,190,0,2,2593.23,34.20681097,29999.94,9%,47.41092675,422.3902827,0
May,190,0,4,2593.23,33.26689935,29999.94,9%,106.6730371,416.4181361,0
June,190,0,2,2593.23,35.1337263,29999.94,9%,46.35713893,463.3843519,0
January,191,4,2,2196.59,30.95751108,52972.5,4%,121.4630158,321.5030366,0
February,191,0,2,2196.59,34.15992896,52972.5,4%,305.1481465,447.465263,0
March,191,0,2,2196.59,25.20239308,52972.5,4%,521.4244395,417.9811282,0
April,191,-3,2,2196.59,38.11608034,52972.5,4%,234.706057,408.9248535,0
May,191,10,16,2196.59,39.3796369,52972.5,4%,169.8595105,345.3685717,1
June,191,10,13,2196.59,26.5248862,52972.5,4%,389.2894771,353.0481869,1
January,192,10,13,1030.2,37.9987598,113781.39,1%,397.2418458,342.933654,1
February,192,9,13,1030.2,35.94765528,113781.39,1%,661.6240479,327.0782449,1
March,192,10,13,1030.2,43.82963002,113781.39,1%,,290.734223,1
April,192,10,12,1030.2,31.01608629,113781.39,1%,10000,347.3128568,1
May,192,10,12,1030.2,32.03566222,113781.39,1%,758.0831955,251.170929,1
June,192,10,13,1030.2,40.13606162,113781.39,1%,424.0032051,323.8543591,1
January,193,52,17,2098.83,22.70534476,15746.63,13%,119.2646219,420.8247656,1
February,193,52,14,2098.83,28.33175636,15746.63,13%,10000,503.7294746,1
March,193,52,17,2098.83,33.0317882,15746.63,13%,68.36290141,401.6150314,1
April,193,52,0,2098.83,25.3836593,15746.63,13%,102.6226697,441.9150274,1
May,193,52,17,2098.83,26.36631977,15746.63,13%,68.00992312,49.33356508,1
June,193,49,17,2098.83,30.55846069,15746.63,13%,35.0607066,404.8689545,1
January,194,52,20,750.95,29.85368464,97961.96,1%,436.959001,469.2244327,1
February,194,52,17,750.95,36.74848794,97961.96,1%,750.106891,432.7180213,1
March,194,6,4,750.95,27.50672163,16174808,0%,342.7064345,186.0458952,0
April,194,4,5,750.95,31.47786798,97961.96,1%,246.0477422,376.2366464,0
May,194,4,6,750.95,34.21771027,97961.96,1%,313.6705382,342.608508,1
June,194,4,4,750.95,31.38361667,97961.96,1%,162.2220383,355.7104561,0
January,195,4,4,220.33,31.0234949,31895.07,1%,29.85757619,425.4654737,0
February,195,4,4,220.33,39.12536692,31895.07,1%,138.4706234,422.3245645,0
March,195,4,4,220.33,23.82981471,31895.07,1%,164.563631,227.8561247,0
April,195,4,7,220.33,22.87512547,31895.07,1%,132.8401268,324.1637958,1
May,195,29,13,220.33,28.17795966,31895.07,1%,10000,302.9249166,1
June,195,27,13,220.33,29.70376621,31895.07,1%,97.91526493,380.0952191,1
January,196,27,13,957.53,29.96391714,30922.28,3%,10000,344.5155743,1
February,196,31,13,957.53,39.13592406,30922.28,3%,159.5235852,382.2684326,1
March,196,29,13,957.53,38.02427537,30922.28,3%,10000,369.5288588,1
April,196,27,16,957.53,30.00680615,30922.28,3%,314.8471138,398.0121144,1
May,196,27,13,957.53,27.27160375,30922.28,3%,332.4277341,272.9379794,1
June,196,27,13,957.53,34.3805128,30922.28,3%,69.56543935,385.2228026,1
January,197,57,20,761.18,38.79285113,25530.33,3%,201.1848131,233.7777131,1
February,197,57,20,761.18,37.65334446,25530.33,3%,178.0010384,229.1991274,1
March,197,57,19,761.18,31.34545483,25530.33,3%,152.6176845,85.13851653,1
April,197,57,20,761.18,39.40049173,25530.33,3%,104.8856373,307.9070323,1
May,197,57,20,761.18,35.25285683,25530.33,3%,64.22191843,296.9081846,1
June,197,57,22,761.18,24.51880761,25530.33,3%,52.01668424,334.9910971,1
January,198,57,18,226.7,31.05418472,110786.64,0%,1203.105668,306.9567174,1
February,198,57,20,226.7,40.4237034,110786.64,0%,137.9096354,215.9280522,1
March,198,6,9,226.7,28.25978529,110786.64,0%,312.5205277,643.8669321,1
April,198,6,8,226.7,31.45623198,110786.64,0%,196.2040397,732.6858265,1
May,198,6,0,226.7,38.08672417,110786.64,0%,143.4397784,711.3421671,0
June,198,6,8,226.7,37.23256211,110786.64,0%,791.171673,383.2588646,1
January,199,6,8,133.3,39.88622693,39696.98,0%,73.87093984,557.3110826,1
February,199,6,8,133.3,29.99788663,39696.98,0%,67.07328077,609.2891056,1
March,199,6,8,133.3,33.39554451,39696.98,0%,56.24576754,698.8676423,1
April,199,6,8,133.3,28.84416303,39696.98,0%,37.51782483,275.3135581,1
May,199,26,21,133.3,40.14286497,39696.98,0%,44.04731679,301.3545629,1
June,199,28,20,133.3,24.86994727,39696.98,0%,156.7921944,207.1739875,1
January,200,25,0,1396.64,33.27508901,120366.6,1%,177.0411954,179.014845,0
February,200,25,20,1396.64,34.92540164,120366.6,1%,180.553249,161.9335635,1
March,200,25,20,1396.64,29.88963282,120366.6,1%,668.75909,248.6120297,1
April,200,25,17,1396.64,31.95777655,120366.6,1%,252.0971433,324.197238,1
May,200,25,20,1396.64,29.06637861,120366.6,1%,860.4550593,175.6081898,1
June,200,25,20,1396.64,36.7312678,120366.6,1%,95.61296985,179.811678,1
January,201,30,8,1048.26,26.77645687,13074.395,8%,69.25848928,369.5424496,1
February,201,30,8,1048.26,29.66052426,13074.395,8%,53.50098871,311.1607104,1
March,201,30,6,1048.26,31.39360814,13074.395,8%,142.0512865,332.1726566,1
April,201,30,8,1048.26,31.06934157,13074.395,8%,29.13973942,349.2548214,1
May,201,30,8,1048.26,24.83795438,13074.395,8%,77.48992358,353.1617631,1
June,201,30,8,1048.26,32.03317007,13074.395,8%,99.57625859,335.1061886,1
January,202,30,8,50.22,24.53002466,76087.68,0%,424.8286523,407.13453,1
February,202,30,8,50.22,24.19747085,76087.68,0%,155.5644189,387.6804402,1
March,202,11,20,50.22,39.97251079,76087.68,0%,137.1086487,463.4315287,1
April,202,11,20,50.22,24.91935151,76087.68,0%,436.6555754,302.940097,1
May,202,11,20,50.22,23.51605846,76087.68,0%,181.9979988,542.1643443,1
June,202,11,18,50.22,29.26556351,76087.68,0%,133.77535,579.1931575,1
January,203,12,2008,2958.02,32.82321739,51824.94,6%,183.1824693,499.356763,1
February,203,11,20,2958.02,37.61638696,51824.94,6%,288.5911775,597.6932006,1
March,203,11,20,2958.02,27.10976352,51824.94,6%,180.1647813,538.0266441,1
April,203,11,20,2958.02,26.26054824,51824.94,6%,10000,594.2514518,1
May,203,9,9,2958.02,29.49744728,51824.94,6%,508.8561454,380.4551271,1
June,203,11,9,2958.02,25.36116682,51824.94,6%,113.3166443,264.3302207,1
January,204,6,9,117.57,36.90859194,11431.775,1%,94.48374513,172.4573946,1
February,204,9,9,117.57,27.40912534,11431.775,1%,122.2029128,327.4783322,1
March,204,9,9,117.57,29.18712949,11431.775,1%,92.2026398,324.9433192,1
April,204,5,9,117.57,31.41187374,11431.775,1%,119.4583843,322.4835737,1
May,204,9,8,117.57,38.26346785,11431.775,1%,94.2556333,259.4601093,1
June,204,9,11,117.57,31.67681529,11431.775,1%,61.1698314,323.3138755,1
January,205,14,2,1343.01,40.91960544,14224.655,9%,82.13893654,413.4391267,0
February,205,14,0,1343.01,37.18621603,14224.655,9%,186.3400579,92.10264827,0
March,205,11,3,1343.01,34.40577901,14224.655,9%,10000,464.1084257,0
April,205,14,3,1343.01,25.06407174,14224.655,9%,60.70061741,446.5833977,0
May,205,14,2,1343.01,24.57598045,14224.655,9%,150.4874468,414.1780287,0
June,205,18,3,1343.01,30.93956511,14224.655,9%,66.43308506,361.0248479,0
January,206,14,3,282.56,43.85317142,142170.12,0%,183.615297,413.4873477,0
February,206,18,3,282.56,33.89448336,142170.12,0%,206.3628944,376.922645,0
March,206,2,5,282.56,38.4250554,142170.12,0%,511.8085938,303.022982,0
April,206,2,5,282.56,38.3625028,142170.12,0%,216.1021795,414.8641753,0
May,206,-1,0,282.56,23.98679115,142170.12,0%,772.9155703,308.7352751,0
June,206,4,7,282.56,36.79284855,142170.12,0%,301.9379544,379.0302627,1
January,207,1,5,1463.07,36.13163174,19951.765,7%,28.0576725,305.6227913,0
February,207,2,0,1463.07,28.53856056,19951.765,7%,167.5768414,420.5654011,0
March,207,2,0,1463.07,35.6216588,19951.765,7%,145.5041528,330.8948916,0
April,207,2,0,1463.07,32.13058357,19951.765,7%,136.0144559,335.1314153,0
May,207,12,17,1463.07,27.43332279,19951.765,7%,190.4879144,405.6505068,1
June,207,12,17,1463.07,28.12468536,19951.765,7%,100.3095814,401.9950871,1
January,208,12,18,1342.61,26.063001,94454.1,1%,10000,185.97964,1
February,208,12,15,1342.61,41.41181046,94454.1,1%,136.0402933,317.1611418,1
March,208,12,15,1342.61,33.26768901,94454.1,1%,263.2435966,357.3316816,1
April,208,8,15,1342.61,42.79757497,94454.1,1%,10000,413.6869945,1
May,208,12,0,1342.61,36.90780588,94454.1,1%,603.642868,375.5038223,0
June,208,12,0,1342.61,28.68073668,94454.1,1%,445.9738225,370.568977,0
January,209,9,3,1205.36,34.85323049,27063.43,4%,147.8574129,251.6506322,0
February,209,4,1,1205.36,27.45039519,27063.43,4%,76.71262259,337.9268459,0
March,209,6,0,1205.36,22.71324459,27063.43,4%,127.7312558,262.1507971,0
April,209,3,2,1205.36,27.51178711,27063.43,4%,51.16805941,344.1246242,0
May,209,6,0,1205.36,31.45604385,27063.43,4%,84.92441356,272.4514036,0
June,209,1,-3,1205.36,38.60876781,27063.43,4%,292.9888628,319.6685899,0
January,210,6,0,2403.26,34.41585735,36980.1,6%,,298.9898528,0
February,210,10,0,2403.26,31.79097768,36980.1,6%,153.6124198,261.4553742,0
March,210,21,17,2403.26,39.80353575,36980.1,6%,117.2598814,369.6677237,1
April,210,21,17,2403.26,31.9672997,36980.1,6%,183.843608,362.5423544,1
May,210,21,18,2403.26,37.37412128,36980.1,6%,53.01923965,342.5079055,1
June,210,21,20,2403.26,27.33525275,36980.1,6%,139.6899473,290.7764397,1
January,211,22,17,482.88,40.76449784,96582.24,0%,223.2239756,320.1539571,1
February,211,21,17,482.88,39.89636597,96582.24,0%,531.8207314,320.30726,1
March,211,21,0,482.88,42.92788872,96582.24,0%,154.4242383,369.6841215,0
April,211,25,0,482.88,40.48985232,96582.24,0%,129.8720558,325.7206801,0
May,211,18,1,482.88,30.77350287,96582.24,0%,676.2741447,641.6721483,0
June,211,13,4,482.88,34.62904848,96582.24,0%,10000,395.4852492,0
January,212,18,1,1197.33,43.7817528,122978.43,1%,127.5004039,933.6657624,0
February,212,18,0,1197.33,39.80057766,122978.43,1%,361.7049671,207.2761454,0
March,212,18,1,1197.33,41.74926304,122978.43,1%,125.7781046,902.1420668,0
April,212,18,3,1197.33,29.82497334,122978.43,1%,181.3120492,431.2256105,0
May,212,18,0,1197.33,36.89437312,122978.43,1%,294.8405643,929.2338278,0
June,212,18,0,1197.33,33.62865374,122978.43,1%,945.3157293,344.5725781,0
January,213,6,19,2924.76,37.09246095,7821.24,37%,52.61604233,288.2384683,1
February,213,6,17,2924.76,33.86953944,7821.24,37%,14.34630106,257.5943709,1
March,213,6,17,2924.76,36.83861535,7821.24,37%,0,267.4504105,1
April,213,6,16,2924.76,29.86022508,7821.24,37%,41.18558946,278.0178123,1
May,213,6,20,2924.76,28.42147116,7821.24,37%,15.67426787,270.4838564,1
June,213,6,17,2924.76,34.20302638,7821.24,37%,39.93770264,294.812148,1
January,214,2,0,2203.46,26.56320546,30972.54,7%,286.5592868,254.9530376,0
February,214,6,0,2203.46,31.68184075,30972.54,7%,178.8220791,292.6349627,0
March,214,61,24,2203.46,24.18011984,21246612,0%,221.1014443,346.0356564,1
April,214,58,20,2203.46,31.56061012,30972.54,7%,227.054148,346.6311039,1
May,214,61,23,2203.46,32.66670324,30972.54,7%,41.47008709,264.7881528,1
June,214,61,21,2203.46,27.47844745,30972.54,7%,85.64882399,381.2801482,1
January,215,56,19,2518.98,33.80187889,7709.625,33%,10000,392.196098,1
February,215,65,24,2518.98,26.64487356,7709.625,33%,75.96347227,400.6015927,1
March,215,65,0,2518.98,38.0538883,7709.625,33%,73.28892204,107.5263608,1
April,215,61,0,2518.98,39.11021173,7709.625,33%,42.14499119,102.0691452,1
May,215,56,16,2518.98,21.87754393,7709.625,33%,36.52624344,311.199516,1
June,215,60,16,2518.98,35.0967434,7709.625,33%,10000,277.4411683,1
January,216,63,16,939.31,29.28591964,34547.54,3%,129.1514853,285.3305508,1
February,216,61,16,939.31,38.09541823,34547.54,3%,90.33870389,281.019352,1
March,216,61,19,939.31,38.53973896,34547.54,3%,157.2165426,271.7362129,1
April,216,61,14,939.31,29.29975273,34547.54,3%,99.15460652,269.0531639,1
May,216,61,0,939.31,27.16873401,34547.54,3%,10000,261.8815357,1
June,216,61,0,939.31,28.66266628,34547.54,3%,68.56765869,276.4950398,1
January,217,38,15,967.23,37.22879528,173196.32,1%,366.6186098,306.4916244,1
February,217,38,16,967.23,34.10931686,173196.32,1%,459.575633,300.7345012,1
March,217,38,15,967.23,40.80904283,173196.32,1%,283.6913533,149.6890621,1
April,217,38,15,967.23,38.55600111,173196.32,1%,138.6737202,265.1028887,1
May,217,38,0,967.23,32.88428997,173196.32,1%,368.0826932,308.7103902,1
June,217,38,15,967.23,31.04374696,173196.32,1%,1607.303468,318.5853297,1
January,218,42,0,4288.63,26.88303442,20354.85,21%,169.6902262,220.3741653,1
February,218,38,0,4288.63,41.2693593,14089102,0%,61.89568273,270.5712059,1
March,218,29,7,4288.63,26.16781713,20354.85,21%,122.8654468,625.7856023,1
April,218,31,10,4288.63,32.2548644,20354.85,21%,76.44862335,566.7895833,1
May,218,29,10,4288.63,37.78075211,20354.85,21%,66.27787531,636.9031702,1
June,218,29,8,4288.63,25.28365041,20354.85,21%,,600.419335,1
January,219,29,10,2530.66,38.68011674,46113.81,5%,250.4238223,353.2219474,1
February,219,29,10,2530.66,30.30262938,46113.81,5%,51.34392135,506.7518935,1
March,219,29,0,2530.66,23.31608816,46113.81,5%,219.6927141,581.2964897,0
April,219,29,0,2530.66,33.82256664,46113.81,5%,77.59307884,558.7602093,0
May,219,21,11,2530.66,29.24238481,46113.81,5%,108.3783251,254.8194468,1
June,219,26,9,2530.66,33.22526569,46113.81,5%,226.9690419,278.9152176,1
January,220,26,11,1580.91,31.19700553,8882.47,18%,70.77410098,255.860069,1
February,220,31,11,1580.91,34.01248544,8882.47,18%,24.83127782,276.0055175,1
March,220,26,11,1580.91,35.18796764,8882.47,18%,10000,263.9718274,1
April,220,25,12,1580.91,38.88867991,8882.47,18%,51.53144919,277.2702486,1
May,220,26,0,1580.91,32.40223901,8882.47,18%,12.65352944,284.8397563,0
June,220,26,0,1580.91,38.97562897,8882.47,18%,60.30053042,277.1796571,0
January,221,5,3,2626.28,36.32902367,34128.92,8%,273.1118168,376.069951,0
February,221,5,3,2626.28,35.20005148,34128.92,8%,369.7552154,339.9341192,0
March,221,5,3,2626.28,27.28774591,34128.92,8%,128.8601235,263.3989849,0
April,221,5,3,2626.28,29.722301,34128.92,8%,75.57919345,268.0028024,0
May,221,3,4,2626.28,30.03588814,34128.92,8%,21.33816667,674.3818997,0
June,221,7,3,2626.28,30.78794985,34128.92,8%,129.961118,666.7678119,0
January,222,5,0,1092.55,38.83326749,29042.45,4%,52.83439159,656.7110599,0
February,222,5,0,1092.55,25.28985736,29042.45,4%,285.4488206,594.1043802,0
March,222,27,23,1092.55,29.385147,29042.45,4%,133.4239195,277.812525,1
April,222,27,23,1092.55,32.62274452,29042.45,4%,271.2895926,325.1468581,1
May,222,27,23,1092.55,28.1024505,29042.45,4%,205.5976543,314.9865613,1
June,222,27,23,1092.55,30.15377576,29042.45,4%,185.4565715,221.964852,1
January,223,31,24,643.89,31.04380471,26716.09,2%,305.9489183,298.6828975,1
February,223,31,23,643.89,34.06736752,26716.09,2%,75.5072653,335.0386882,1
March,223,29,0,643.89,38.01262323,26716.09,2%,120.5765523,256.1313472,0
April,223,27,0,643.89,34.97426951,26716.09,2%,90.82554382,298.9116613,0
May,223,18,6,643.89,25.82185515,26716.09,2%,55.20220983,490.5581022,1
June,223,14,8,643.89,37.83086639,26716.09,2%,48.80847457,584.1471399,1
January,224,14,9,4685.34,38.95828946,74733.44,6%,254.722734,0,1
February,224,14,5,4685.34,34.23841964,74733.44,6%,118.7467631,484.0259088,0
March,224,17,6,4685.34,37.24163751,74733.44,6%,329.2058043,337.2300599,1
April,224,14,3,4685.34,26.095717,74733.44,6%,222.6676507,536.2477096,0
May,224,14,0,4685.34,39.57432108,74733.44,6%,10000,612.9310047,0
June,224,12,0,4685.34,30.21536385,74733.44,6%,301.521998,651.88953,0
January,225,21,8,2216.25,38.82494754,8681.77,26%,19.40893719,332.5206354,1
February,225,17,8,2216.25,34.82948247,8681.77,26%,74.03237012,418.0107352,1
March,225,17,8,2216.25,37.14897502,8681.77,26%,29.29636405,349.8835461,1
April,225,21,0,2216.25,32.84784586,8681.77,26%,19.78674346,455.6490495,0
May,225,12,8,2216.25,25.11907225,8681.77,26%,29.82338857,338.4545682,1
June,225,17,11,2216.25,30.13739362,8681.77,26%,58.54435129,382.969797,1
January,226,18,0,1669.84,30.5359304,10034.55,17%,21.1408012,304.8561042,0
February,226,20,0,1669.84,34.17519004,10034.55,17%,10000,442.5277661,0
March,226,23,14,1669.84,33.9217596,10034.55,17%,33.24412162,216.1538873,1
April,226,23,14,1669.84,36.04425815,10034.55,17%,43.06053266,290.7693068,1
May,226,23,14,1669.84,28.97138651,10034.55,17%,66.8642172,253.7176246,1
June,226,27,11,1669.84,30.47046807,10034.55,17%,21.91732534,291.529414,1
January,227,23,0,1118.37,29.79642124,20540.49,5%,25.47029346,311.9552779,0
February,227,23,14,1118.37,27.40953712,20540.49,5%,18.18591758,313.6858346,1
March,227,23,0,1118.37,23.63363691,20540.49,5%,39.92357152,315.1822312,0
April,227,23,0,1118.37,39.05399905,20540.49,5%,45.20116977,211.8277625,0
May,227,29,0,1118.37,36.18479598,20540.49,5%,141.0747127,245.9522395,0
June,227,29,17,1118.37,28.02889354,20540.49,5%,66.66293187,403.3730142,1
January,228,26,15,315.36,31.08087477,38175.39,1%,161.4185877,578.1949712,1
February,228,29,15,315.36,40.1309824,38175.39,1%,231.1654509,413.3385009,1
March,228,31,15,315.36,30.02466312,38175.39,1%,68.03590698,302.3299106,1
April,228,29,15,315.36,33.49406918,38175.39,1%,327.2140527,608.441419,1
May,228,29,0,315.36,33.36505517,38175.39,1%,242.673184,549.3746327,0
June,228,31,0,315.36,24.12409145,38175.39,1%,122.3535865,434.1492514,1
January,229,45,19,1124.02,29.57051958,116594.91,1%,170.4958135,233.2348839,1
February,229,45,19,1124.02,35.21704912,116594.91,1%,410.2661461,230.1643827,1
March,229,48,18,1124.02,39.66605557,116594.91,1%,216.441338,293.4424301,1
April,229,42,17,1124.02,38.30246518,116594.91,1%,,237.2043308,1
May,229,50,16,1124.02,35.76066968,116594.91,1%,339.8581191,266.2963565,1
June,229,45,17,1124.02,39.01238019,116594.91,1%,356.382464,207.4823516,1
January,230,45,0,86.43,27.85034159,24894.05,0%,32.42887831,243.3412073,1
February,230,45,0,86.43,36.22204782,24894.05,0%,86.23276546,259.4070517,1
March,230,17,10,86.43,37.43352458,24894.05,0%,240.9318283,808.6933307,1
April,230,14,9,86.43,40.24016596,24894.05,0%,10000,774.721184,1
May,230,14,10,86.43,32.76881407,24894.05,0%,111.5333125,627.3828524,1
June,230,14,0,86.43,28.87088487,24894.05,0%,10000,602.3245823,0
January,231,14,10,2206.86,38.24463199,39399.9,6%,317.9129512,752.4310359,1
February,231,14,8,2206.86,22.6906878,39399.9,6%,193.8628759,724.8495655,1
March,231,16,0,2206.86,37.22612684,39399.9,6%,152.9151628,471.6095637,0
April,231,14,0,2206.86,29.45015859,39399.9,6%,87.35828461,376.5880358,0
May,231,13,9,2206.86,35.20964158,39399.9,6%,195.475668,589.3015246,1
June,231,13,8,2206.86,33.37275171,39399.9,6%,309.4610082,764.4416192,1
January,232,13,8,1037.68,38.43515845,142113.96,1%,247.7038276,468.4996801,1
February,232,13,8,1037.68,41.19090798,142113.96,1%,186.9097606,497.6219234,1
March,232,13,8,1037.68,35.55766755,142113.96,1%,303.7554627,252.2649757,1
April,232,16,8,1037.68,41.53213704,142113.96,1%,539.3393474,542.9628288,1
May,232,9,0,1037.68,38.11568318,142113.96,1%,716.3027906,659.3845412,0
June,232,18,0,1037.68,36.41980579,142113.96,1%,442.2678835,784.3451525,0
January,233,8,1,1177.38,38.52846274,65299.38,2%,217.9119462,315.9153833,0
February,233,7,1,1177.38,37.40082686,65299.38,2%,183.9708135,274.3616401,0
March,233,7,1,1177.38,25.82050719,65299.38,2%,248.018809,256.9549028,0
April,233,7,1,1177.38,31.77341041,65299.38,2%,312.735402,311.8347934,0
May,233,7,1,1177.38,37.49657668,65299.38,2%,128.5781545,305.2189964,0
June,233,12,0,1177.38,28.45479047,65299.38,2%,203.973113,261.5654983,0
January,234,7,0,1290.73,38.2187307,33200.52,4%,36.30527047,304.6536507,0
February,234,7,0,1290.73,30.05494268,33200.52,4%,182.4360563,327.995142,0
March,234,49,17,1290.73,31.4573681,33200.52,4%,10000,162.5484461,1
April,234,49,16,1290.73,32.44904793,33200.52,4%,246.4523372,97.43321534,1
May,234,49,19,1290.73,33.93119499,33200.52,4%,147.2815066,298.9621477,1
June,234,49,16,1290.73,29.95910072,33200.52,4%,281.8062878,169.9573187,1
January,235,49,16,4736.25,39.99531969,82289.36,6%,101.0511413,161.2341812,1
February,235,45,0,4736.25,28.29148332,82289.36,6%,104.1361597,97.78545783,1
March,235,51,0,4736.25,28.9308718,82289.36,6%,88.92490897,294.9598191,1
April,235,49,0,4736.25,35.1865334,873048,1%,,245.0714927,1
May,235,7,12,4736.25,36.84779386,82289.36,6%,723.5645616,319.6941533,1
June,235,7,12,4736.25,29.65159924,82289.36,6%,70.7331489,281.968786,1
January,236,7,12,2041.74,36.7816583,7792.475,26%,17.96458279,317.7363201,1
February,236,7,9,2041.74,38.02983718,7792.475,26%,64.72907524,310.6759799,1
March,236,3,12,2041.74,27.51535332,7792.475,26%,64.48978678,246.8726828,1
April,236,7,13,2041.74,24.40539991,7792.475,26%,15.35642956,307.6376701,1
May,236,2,0,2041.74,37.56484685,7792.475,26%,24.71231113,260.7664223,0
June,236,9,0,2041.74,28.43304864,7792.475,26%,28.63523416,241.1704008,0
January,237,26,8,705.44,26.37565289,65778.22,1%,94.82619753,317.6451658,1
February,237,31,8,705.44,31.47539328,65778.22,1%,489.2118584,282.1291284,1
March,237,26,8,705.44,24.58175362,65778.22,1%,158.470614,332.0787566,1
April,237,31,8,705.44,36.41680033,65778.22,1%,479.0596935,327.016205,1
May,237,26,5,705.44,28.02009804,65778.22,1%,162.5783514,275.2295604,0
June,237,26,7,705.44,38.44796608,65778.22,1%,215.0488641,318.2377801,1
January,238,22,0,583.27,32.66370838,12016,5%,27.76198441,296.7741288,0
February,238,26,0,583.27,35.32192991,12016,5%,96.34630239,322.9597744,0
March,238,25,20,583.27,35.73954063,12016,5%,15.9379276,767.9551331,1
April,238,26,0,583.27,31.32842058,12016,5%,40.7465063,740.1321966,0
May,238,25,20,583.27,27.31961806,12016,5%,13.5798016,686.1089796,1
June,238,25,20,583.27,26.02664925,12016,5%,47.51613576,795.028075,1
January,239,30,19,1127.57,33.15190296,19180.87,6%,142.99474,715.0631558,1
February,239,27,20,1127.57,28.23786491,19180.87,6%,212.8475866,727.4512362,1
March,239,25,0,1127.57,25.77179741,19180.87,6%,81.82244884,546.9791062,0
April,239,25,0,1127.57,31.99892988,19180.87,6%,67.88343218,811.7168902,0
May,239,-2,7,1127.57,37.26595427,19180.87,6%,19.65926177,476.3352464,1
June,239,6,7,1127.57,23.75918179,19180.87,6%,87.13923493,405.483793,1
January,240,1,7,463.07,37.02752347,60552.76,1%,66.53602515,502.0069343,1
February,240,1,7,463.07,25.22136275,60552.76,1%,322.952025,471.3965962,1
March,240,1,7,463.07,29.69423767,60552.76,1%,273.5412197,464.7629898,1
April,240,6,7,463.07,26.54875929,60552.76,1%,289.201504,373.184858,1
May,240,1,0,463.07,34.12312979,60552.76,1%,10000,332.9896004,0
June,240,1,0,463.07,34.70874749,60552.76,1%,293.0733953,306.9798248,0
January,241,19,2,1275.46,22.64993836,44386.47,3%,10000,935.9028596,0
February,241,14,2,1275.46,32.32109564,44386.47,3%,258.5356788,746.820279,0
March,241,14,2,1275.46,28.41099473,44386.47,3%,82.56602451,903.9150316,0
April,241,14,2,1275.46,25.5379885,44386.47,3%,50.62028685,619.9161926,0
May,241,11,2,1275.46,30.96734309,44386.47,3%,66.29354235,226.1751251,0
June,241,14,2,1275.46,36.54784801,44386.47,3%,310.9639556,1007.848723,0
January,242,14,0,2506.45,25.14818676,9141.63,27%,39.74367894,697.4143107,0
February,242,18,0,2506.45,36.5002154,9141.63,27%,79.52909992,939.0159669,0
March,242,9,11,2506.45,39.26664402,9141.63,27%,63.80546382,210.0917846,1
April,242,9,10,2506.45,39.73527479,9141.63,27%,49.07677972,318.4318286,1
May,242,9,9,2506.45,27.13175877,9141.63,27%,102.513896,386.9751623,1
June,242,9,12,2506.45,38.66760672,9141.63,27%,27.20533544,313.5312232,1
January,243,9,11,169.86,27.75373398,11245.11,2%,106.7068941,375.1817503,1
February,243,9,10,169.86,32.59786258,11245.11,2%,74.58314321,270.968546,1
March,243,9,0,169.86,26.46780079,11245.11,2%,38.8815547,337.7153405,0
April,243,6,0,169.86,34.10451683,11245.11,2%,80.76257672,377.8942417,0
May,243,13,6,169.86,31.04719514,11245.11,2%,59.23601898,534.6206576,1
June,243,13,0,169.86,28.76915781,11245.11,2%,,630.8990098,0
January,244,13,3,627.5,33.11569136,98197.74,1%,102.9413811,588.5729472,0
February,244,17,0,627.5,40.8195687,98197.74,1%,223.1167183,536.118257,0
March,244,13,3,627.5,33.959539,98197.74,1%,55.0244348,615.9966682,0
April,244,13,3,627.5,37.0705625,98197.74,1%,308.9423191,186.2441569,0
May,244,13,0,627.5,29.04900226,98197.74,1%,10000,630.5730727,0
June,244,10,0,627.5,39.15861056,98197.74,1%,94.62712637,514.2091619,0
January,245,17,0,811.08,35.86524097,30197.28,3%,227.2340379,328.8383874,0
February,245,19,16,811.08,33.57000089,30197.28,3%,203.1170324,362.6500514,1
March,245,19,15,811.08,30.89751936,30197.28,3%,32.02689485,351.9645269,1
April,245,19,18,811.08,41.15687417,30197.28,3%,108.5848361,279.984907,1
May,245,21,14,811.08,32.70853881,30197.28,3%,10000,341.6718144,1
June,245,19,15,811.08,36.08342263,30197.28,3%,10000,354.866874,1
January,246,19,0,846.45,25.48602333,31633.54,3%,200.9042,298.031911,0
February,246,19,0,846.45,29.29859996,31633.54,3%,78.20804977,353.8611927,0
March,246,26,20,846.45,26.31214177,31633.54,3%,216.6493583,284.6737837,1
April,246,27,20,846.45,39.26841,31633.54,3%,196.4863175,226.975682,1
May,246,26,22,846.45,29.31040825,31633.54,3%,159.6148516,68.31271094,1
June,246,25,18,846.45,38.26046773,31633.54,3%,174.0000091,493.1205233,1
January,247,26,20,701.27,40.09320892,118172.64,1%,389.7660015,450.0552087,1
February,247,31,20,701.27,32.6998187,118172.64,1%,326.5767816,215.664941,1
March,247,26,0,701.27,34.36177609,118172.64,1%,475.7595019,363.625473,0
April,247,26,0,701.27,36.57764563,118172.64,1%,75.38542323,179.2113562,0
May,247,17,16,701.27,26.54589289,118172.64,1%,398.2364516,685.5960317,1
June,247,17,19,701.27,27.46685807,118172.64,1%,194.3837606,631.4760598,1
January,248,15,19,1369.54,31.93186622,19623.18,7%,159.7337128,750.7013935,1
February,248,17,19,1369.54,24.31216014,19623.18,7%,116.0962072,686.6736678,1
March,248,17,0,1369.54,37.93478965,19623.18,7%,24.9633652,667.564618,0
April,248,17,19,1369.54,24.87441534,19623.18,7%,35.51862546,502.6502533,1
May,248,22,0,1369.54,26.83457273,19623.18,7%,240.6802672,589.1133304,0
June,248,17,0,1369.54,26.60221265,19623.18,7%,19.08460556,712.1793924,0
January,249,54,0,1435.94,23.49229303,63197.26,2%,599.8560026,277.9826967,1
February,249,54,15,1435.94,34.17039855,63197.26,2%,272.2139749,250.0361727,1
March,249,51,0,1435.94,24.14153939,63197.26,2%,480.9895412,256.6564846,1
April,249,54,15,1435.94,27.36330156,63197.26,2%,514.812291,298.1008868,1
May,249,54,15,1435.94,27.1348592,63197.26,2%,88.91943271,290.3513694,1
June,249,54,15,1435.94,34.1650074,63197.26,2%,,247.1430894,1
January,250,56,0,2195.63,36.7091872,10007.815,22%,35.92782529,264.8835827,1
February,250,56,0,2195.63,24.12979148,10007.815,22%,23.09480989,245.7763357,1
March,250,12,17,2195.63,31.84849417,10007.815,22%,40.39014789,1130.719536,1
April,250,12,17,2195.63,28.10855089,10007.815,22%,,1143.579288,1
May,250,12,17,2195.63,25.26247583,10007.815,22%,53.19634625,1166.091987,1
June,250,14,17,2195.63,30.9704132,10007.815,22%,43.72257911,1214.318235,1
January,251,12,17,54.68,38.01558168,121688.04,0%,139.3412612,638.725426,1
February,251,12,17,54.68,31.37490121,121688.04,0%,228.9476866,1030.653137,1
March,251,12,0,54.68,36.9638366,121688.04,0%,75.12970315,1051.263714,0
April,251,12,0,54.68,25.69460969,121688.04,0%,370.4092471,1220.006766,0
May,251,42,15,54.68,40.18842138,121688.04,0%,119.4309876,327.7058916,1
June,251,45,16,54.68,29.73715836,121688.04,0%,480.0224306,300.8466396,1
January,252,42,16,343.6,36.40319142,31069.32,1%,139.0871475,222.881938,1
February,252,44,16,343.6,32.99867955,31069.32,1%,190.5748496,219.6008266,1
March,252,41,16,343.6,37.58608937,31069.32,1%,64.64985253,210.7520906,1
April,252,39,15,343.6,30.2439151,31069.32,1%,65.3958207,286.8856358,1
May,252,42,0,343.6,38.81479471,31069.32,1%,34.74442449,265.6145919,1
June,252,42,0,343.6,30.45952122,31069.32,1%,139.5329775,337.0544504,1
January,253,42,20,843.44,34.19870136,72241.02,1%,10000,185.6050139,1
February,253,40,21,843.44,34.2383986,72241.02,1%,215.9806967,290.8211111,1
March,253,42,21,843.44,39.703629,72241.02,1%,443.9981018,283.8251141,1
April,253,42,20,843.44,37.308949,72241.02,1%,580.8438848,377.7410891,1
May,253,42,21,843.44,35.39100785,72241.02,1%,79.92770138,358.4789788,1
June,253,42,0,843.44,40.61734285,72241.02,1%,286.9511577,378.7948769,1
January,254,42,0,1514.74,25.61720755,7612.725,20%,65.42688294,331.1446509,1
February,254,42,0,1514.74,23.05740299,7612.725,20%,29.43037932,279.2211986,1
March,254,46,24,1514.74,28.44995337,7612.725,20%,33.26399182,505.878716,1
April,254,46,24,1514.74,36.18465799,7612.725,20%,99.6797675,332.1935853,1
May,254,49,24,1514.74,23.41415974,7612.725,20%,24.41633266,115.9172923,1
June,254,46,24,1514.74,27.01520189,7612.725,20%,72.79179303,372.6356748,1
January,255,46,27,554.48,27.45418512,16953.985,3%,132.9254588,427.4822213,1
February,255,46,24,554.48,27.2324528,16953.985,3%,53.31064238,248.0522547,1
March,255,46,0,554.48,28.23646894,16953.985,3%,118.1474319,483.8650002,1
April,255,47,0,554.48,37.62032239,16953.985,3%,155.7776626,452.1707997,1
May,255,14,7,554.48,26.23360929,16953.985,3%,39.5123144,837.7364042,1
June,255,14,9,554.48,28.39016805,16953.985,3%,213.1422738,563.3542021,1
January,256,19,7,505.14,29.3709951,125508.36,0%,905.9374723,962.5677054,1
February,256,14,7,505.14,30.53679375,125508.36,0%,620.8051628,969.7201635,1
March,256,9,7,505.14,27.60966879,125508.36,0%,88.61589625,486.8950545,1
April,256,14,7,505.14,23.6169795,125508.36,0%,1209.865496,810.9750449,1
May,256,10,0,505.14,28.48314348,125508.36,0%,216.3960758,1020.690652,0
June,256,14,0,505.14,30.84435074,125508.36,0%,492.8908124,597.8989835,0
January,257,22,16,2354.21,35.66810712,7495.305,31%,28.13243641,238.91689,1
February,257,22,13,2354.21,25.76213052,7495.305,31%,,310.8352515,1
March,257,22,13,2354.21,22.73141873,7495.305,31%,17.73912641,279.8186105,1
April,257,20,13,2354.21,28.15313155,7495.305,31%,19.15090088,255.5588422,1
May,257,17,13,2354.21,37.73661774,7495.305,31%,10000,270.1715888,1
June,257,25,10,2354.21,26.24606214,7495.305,31%,21.91516119,293.1208053,1
January,258,21,0,586.6,27.1416748,35133.49,2%,56.83254091,317.4298937,0
February,258,22,0,586.6,36.06031825,35133.49,2%,101.1365837,228.8907686,0
March,258,7,12,586.6,31.61112059,35133.49,2%,23.62323725,663.5906656,1
April,258,7,11,586.6,38.00248705,35133.49,2%,237.1353319,340.4427757,1
May,258,7,10,586.6,29.72557604,35133.49,2%,187.5991649,757.8432321,1
June,258,7,10,586.6,39.80631565,35133.49,2%,77.38869232,844.5019244,1
January,259,7,10,1385.89,35.01240654,16866.5,8%,164.7074492,756.8791285,1
February,259,7,12,1385.89,37.76437885,16866.5,8%,105.6042788,898.3276284,1
March,259,7,0,1385.89,24.83085992,16866.5,8%,146.0354618,10.60845636,0
April,259,7,0,1385.89,29.84520075,16866.5,8%,75.03217052,955.8954037,0
May,259,12,10,1385.89,40.31867625,16866.5,8%,10000,408.7118284,1
June,259,16,7,1385.89,24.1217729,16866.5,8%,196.1866152,310.0987811,1
January,260,16,9,54.82,32.64698134,18969.19,0%,200.3277724,284.0057735,1
February,260,16,10,54.82,23.95026033,18969.19,0%,10000,325.7292777,1
March,260,12,0,54.82,29.56421648,18969.19,0%,,231.3054718,0
April,260,16,8,54.82,25.29020013,18969.19,0%,131.7815948,360.6541396,1
May,260,16,0,54.82,25.16238265,18969.19,0%,117.2167627,283.2153155,0
June,260,14,0,54.82,27.20714969,18969.19,0%,74.64520025,249.7689089,0
January,261,19,1,651.85,30.61774942,36154.19,2%,23.09988104,418.9625465,0
February,261,14,-2,651.85,34.07270382,36154.19,2%,329.0915329,329.6238772,0
March,261,19,1,651.85,34.48451532,36154.19,2%,48.54866226,191.318209,0
April,261,19,1,651.85,26.60085892,36154.19,2%,33.64055057,194.3003486,0
May,261,19,1,651.85,26.09046339,36154.19,2%,40.99144183,176.7197283,0
June,261,19,1,651.85,34.58028462,36154.19,2%,328.8393943,399.5820231,0
January,262,22,0,3164.78,26.07919779,51113.85,6%,228.6586235,395.261406,0
February,262,19,0,3164.78,27.85381643,51113.85,6%,155.0329118,399.0128266,0
March,262,16,13,3164.78,24.72580885,51113.85,6%,126.2129482,302.5679369,1
April,262,17,13,3164.78,26.47300205,51113.85,6%,134.2367842,325.7517116,1
May,262,17,16,3164.78,32.38529025,51113.85,6%,317.8771055,341.1350655,1
June,262,17,14,3164.78,24.57222703,51113.85,6%,165.7241987,368.8671127,1
January,263,13,11,2076.13,27.91198292,18784.88,11%,125.1353255,429.5308316,1
February,263,17,13,2076.13,29.19600958,18784.88,11%,73.1343173,421.7360658,1
March,263,17,0,2076.13,21.90731963,18784.88,11%,142.5593224,433.0907982,0
April,263,16,0,2076.13,22.88754371,12311582,0%,65.97861342,287.9598653,0
May,263,12,15,2076.13,39.10034913,18784.88,11%,57.70125441,0,1
June,263,15,15,2076.13,25.48520998,18784.88,11%,170.6748382,822.6978576,1
January,264,12,15,1450.37,29.54595997,49889.38,3%,,658.0869654,1
February,264,12,0,1450.37,39.05407222,49889.38,3%,137.8009798,764.4034533,0
March,264,12,15,1450.37,26.22790601,49889.38,3%,131.2459309,817.1677146,1
April,264,16,15,1450.37,34.12206636,49889.38,3%,188.1582751,219.43582,1
May,264,8,0,1450.37,37.52358065,49889.38,3%,379.37526,790.5937237,0
June,264,12,0,1450.37,32.7356864,49889.38,3%,223.6576361,85.43971283,0
January,265,16,3,96.31,25.93997597,29233.34,0%,204.3268233,465.3306467,0
February,265,11,5,96.31,28.36976094,29233.34,0%,153.9968554,472.1283057,0
March,265,11,3,96.31,36.09376911,29233.34,0%,206.7896908,482.955819,0
April,265,11,3,96.31,29.27873867,29233.34,0%,52.61005016,501.6837617,0
May,265,11,6,96.31,30.34585716,29233.34,0%,142.7304101,485.1542697,1
June,265,11,3,96.31,33.0365814,29233.34,0%,118.1865113,422.4093921,0
January,266,11,0,1329.59,26.93045049,28922.03,5%,223.3062364,335.2278142,0
February,266,11,0,1329.59,34.02710772,28922.03,5%,138.600204,330.1210177,0
March,266,12,5,1329.59,31.98987456,28922.03,5%,42.85132934,818.371401,0
April,266,12,8,1329.59,36.7202493,28922.03,5%,96.52669546,814.8593473,1
May,266,12,6,1329.59,41.06407471,28922.03,5%,143.3451576,366.6535064,1
June,266,17,8,1329.59,37.56208819,28922.03,5%,42.29558091,743.3154531,1
January,267,12,8,1319.87,36.75915337,20742.46,6%,85.37550978,174.9575371,1
February,267,9,8,1319.87,35.45982096,20742.46,6%,25.27155279,899.7996265,1
March,267,12,0,1319.87,22.5376057,20742.46,6%,,67.52917434,0
April,267,12,0,1319.87,35.60753364,20742.46,6%,,590.7395212,0
May,267,7,0,1319.87,31.27916835,20742.46,6%,,347.2190049,0
June,267,9,14,1319.87,28.35400227,20742.46,6%,68.4970365,362.9765055,1
January,268,10,14,4090.5,33.56195891,55719.18,7%,199.3915892,274.4262077,1
February,268,9,14,4090.5,30.13952413,55719.18,7%,434.1650528,347.3377548,1
March,268,9,14,4090.5,38.03986781,55719.18,7%,220.3450252,338.9875706,1
April,268,9,14,4090.5,41.72833764,55719.18,7%,53.96682654,306.9012356,1
May,268,9,0,4090.5,24.38075013,55719.18,7%,571.2402509,299.7481757,0
June,268,9,0,4090.5,29.94722929,55719.18,7%,68.49247556,288.6385752,0
January,269,18,12,4196.17,30.00077581,55558.71,8%,226.6443077,238.6692707,1
February,269,14,7,4196.17,36.20106595,55558.71,8%,73.08719571,477.9335041,1
March,269,11,10,4196.17,39.99902695,55558.71,8%,207.5275011,486.3892742,1
April,269,15,3478,4196.17,39.30560794,55558.71,8%,222.0326416,226.8423476,1
May,269,14,10,4196.17,31.29356138,55558.71,8%,58.78560744,451.4999241,1
June,269,14,7,4196.17,41.82567772,55558.71,8%,95.22548586,489.7225729,1
January,270,11,0,1571.52,25.06587591,33447.42,5%,10000,559.9517666,0
February,270,14,0,1571.52,36.00720204,33447.42,5%,61.30972523,519.4126474,0
March,270,40,2420,1571.52,37.25970627,33447.42,5%,63.47300479,290.9325763,1
April,270,38,22,1571.52,24.92955522,33447.42,5%,105.1283631,155.523868,1
May,270,36,0,1571.52,25.66437914,33447.42,5%,,253.9502642,1
June,270,42,0,1571.52,36.95952495,33447.42,5%,69.01001136,312.2422263,1
January,271,39,24,142.05,23.63044024,34841.87,0%,236.453869,0,1
February,271,33,21,142.05,29.41375342,34841.87,0%,77.54795805,330.7984012,1
March,271,38,0,142.05,33.54368942,34841.87,0%,183.4824446,185.8303963,1
April,271,33,0,142.05,38.01174054,34841.87,0%,208.3775467,312.7830751,1
May,271,7,17,142.05,36.74014425,34841.87,0%,274.5734446,259.0955752,1
June,271,2,15,142.05,24.39943536,34841.87,0%,108.5025554,231.3764075,1
January,272,7,15,2725.14,30.28596131,17655.43,15%,10000,261.3766805,1
February,272,7,15,2725.14,34.4974091,17655.43,15%,170.1408171,234.120936,1
March,272,7,15,2725.14,23.97277893,17655.43,15%,126.5518836,249.323687,1
April,272,7,12,2725.14,31.48274694,17655.43,15%,174.3487866,292.4094889,1
May,272,7,0,2725.14,39.46702438,17655.43,15%,146.7932997,292.3386976,0
June,272,7,0,2725.14,30.13609702,17655.43,15%,,266.9389032,0
January,273,27,10,2114.92,35.31531517,7103.035,30%,77.18090292,309.7577986,1
February,273,27,10,2114.92,33.22394558,7103.035,30%,95.90763915,235.5566773,1
March,273,27,10,2114.92,24.69308079,7103.035,30%,19.66258537,312.6036975,1
April,273,27,9,2114.92,23.46337978,7103.035,30%,31.37375747,341.1961177,1
May,273,27,10,2114.92,27.08505219,7103.035,30%,10000,271.4092883,1
June,273,27,9,2114.92,40.69901601,7103.035,30%,67.23793038,355.4636501,1
January,274,26,0,64.53,28.07939681,63101.14,0%,99.87584852,347.1010068,0
February,274,24,0,64.53,37.6815376,63101.14,0%,284.8650413,362.7740486,0
March,274,3,1,64.53,38.01845258,63101.14,0%,395.8359189,1041.07619,0
April,274,1,1,64.53,25.78668911,63101.14,0%,291.3998881,1008.328592,0
May,274,3,1,64.53,32.81499035,63101.14,0%,385.9702404,722.8828931,0
June,274,3,1,64.53,36.89944546,63101.14,0%,134.4078929,1008.589307,0
January,275,3,1,1498.09,23.29680781,33453.08,4%,202.7599122,481.7759166,0
February,275,1,1,1498.09,33.47449638,33453.08,4%,195.0917482,922.7535325,0
March,275,3,0,1498.09,26.7973611,33453.08,4%,211.6521777,400.5664086,0
April,275,3,0,1498.09,34.05010982,33453.08,4%,72.01386208,968.8022783,0
May,275,5,0,1498.09,38.2315833,33453.08,4%,51.44424564,362.9939777,0
June,275,10,6,1498.09,35.64566376,33453.08,4%,49.36085235,253.4748088,1
January,276,10,6,49.6,41.23738067,83845.7,0%,168.3306948,275.5474974,1
February,276,11,6,49.6,33.47782495,83845.7,0%,282.4634325,285.0371943,1
March,276,10,6,49.6,34.26221952,83845.7,0%,312.3779546,230.5637358,1
April,276,10,6,49.6,38.00136005,83845.7,0%,400.8593368,290.7420688,1
May,276,8,0,49.6,27.2598974,83845.7,0%,246.9704492,261.4584693,0
June,276,15,0,49.6,38.25109402,83845.7,0%,10000,245.2083442,0
January,277,4,6,1075.84,33.68198915,108415,1%,64.2920881,719.6850633,1
February,277,9,0,1075.84,33.0534057,108415,1%,178.6439196,761.670312,0
March,277,6,7,1075.84,36.11455566,108415,1%,889.6997544,644.4670086,1
April,277,9,6,1075.84,31.53656498,108415,1%,87.9243998,566.5588406,1
May,277,9,6,1075.84,35.1894661,108415,1%,286.349475,334.0677373,1
June,277,9,6,1075.84,41.09955058,108415,1%,335.0391632,481.7367827,1
January,278,9,0,1067.3,32.18554016,32663.41,3%,39.11311135,738.3322035,0
February,278,9,0,1067.3,36.87038354,32663.41,3%,235.7948486,216.6508545,0
March,278,21,0,1067.3,38.22831563,32663.41,3%,155.3141708,282.9321925,0
April,278,21,13,1067.3,38.75234803,32663.41,3%,136.5573279,344.0769828,1
May,278,21,13,1067.3,24.68167302,32663.41,3%,188.6988302,323.0583496,1
June,278,21,10,1067.3,30.57227379,32663.41,3%,138.3712613,359.6215459,1
January,279,21,12,382.04,44.60422041,132537.24,0%,210.3501254,375.8651918,1
February,279,21,11,382.04,27.63665027,132537.24,0%,589.2997913,167.8007426,1
March,279,19,0,382.04,38.30821266,132537.24,0%,476.2254772,368.6606939,0
April,279,21,0,382.04,33.29551126,132537.24,0%,966.2252443,347.6465391,0
May,279,54,16,382.04,41.84859964,132537.24,0%,200.6940012,354.8918735,1
June,279,54,16,382.04,34.66121669,132537.24,0%,10000,297.5678594,1
January,280,49,14,3380.69,40.5821768,17850.56,19%,22.45317291,303.9203977,1
February,280,57,14,3380.69,29.14436832,17850.56,19%,127.0464694,267.3366712,1
March,280,50,16,3380.69,37.54814707,17850.56,19%,131.0620748,358.1610395,1
April,280,54,16,3380.69,34.20274776,17850.56,19%,72.05366523,291.4903319,1
May,280,54,0,3380.69,28.38686797,17850.56,19%,73.21581342,271.1941455,1
June,280,59,0,3380.69,32.3512144,17850.56,19%,181.9309244,281.4135479,1
January,281,9,13,2271.53,33.91448311,15713.83,14%,85.34019888,742.9678133,1
February,281,6,18,2271.53,23.64512154,15713.83,14%,32.92466409,444.3710575,1
March,281,5,15,2271.53,41.12704546,15713.83,14%,60.38800088,811.7675506,1
April,281,10,16,2271.53,24.39026039,15713.83,14%,107.9986638,826.3197331,1
May,281,10,15,2271.53,30.15490757,15713.83,14%,103.2465967,309.9176442,1
June,281,15,15,2271.53,30.87311341,15713.83,14%,10000,600.5941893,1
January,282,10,0,4293.32,27.67344611,62050.89,7%,,533.5402217,0
February,282,10,0,4293.32,29.46236778,62050.89,7%,120.3930044,840.8985688,0
March,282,14,4,4293.32,33.26211037,62050.89,7%,360.6017563,995.9131597,0
April,282,12,2,4293.32,26.3075933,62050.89,7%,228.7290538,801.7085965,0
May,282,14,4,4293.32,38.91335455,62050.89,7%,105.3180198,997.635459,0
June,282,14,2,4293.32,32.77245824,62050.89,7%,337.2042979,942.1015144,0
January,283,17,4,4432.68,26.793362,18744.4,24%,145.2447007,848.5729993,0
February,283,11,4,4432.68,36.17556889,18744.4,24%,125.9641228,218.0978343,0
March,283,14,0,4432.68,37.20294061,18744.4,24%,83.71065495,1046.53796,0
April,283,14,0,4432.68,27.58671365,18744.4,24%,62.3716437,944.3986807,0
May,283,62,17,4432.68,27.21727487,18744.4,24%,37.87691806,264.5330342,1
June,283,62,18,4432.68,33.76278212,18744.4,24%,179.8566713,292.8027755,1
January,284,64,19,759.86,31.39543108,12070.845,6%,39.99861057,257.5079135,1
February,284,62,17,759.86,28.59584786,12070.845,6%,49.22807948,265.9634871,1
March,284,62,17,759.86,28.83078169,12070.845,6%,75.90196409,261.4748086,1
April,284,62,17,759.86,26.03213559,12070.845,6%,74.52135838,267.2113739,1
May,284,62,0,759.86,22.58810616,12070.845,6%,114.4028087,286.8797525,1
June,284,62,0,759.86,31.52864922,12070.845,6%,103.5663154,267.5849813,1
January,285,59,16,526.62,27.34780113,38539.57,1%,277.018349,210.9114136,1
February,285,59,15,526.62,30.03999795,38539.57,1%,285.2820709,298.6486213,1
March,285,59,15,526.62,39.48930933,38539.57,1%,243.2758564,276.369256,1
April,285,59,13,526.62,40.12095141,38539.57,1%,81.09418711,250.4165524,1
May,285,59,16,526.62,35.45774286,38539.57,1%,303.0276653,406.0006133,1
June,285,59,16,526.62,37.79778327,38539.57,1%,381.4716401,391.8218764,1
January,286,59,0,821.27,31.97170242,48411.24,2%,167.273391,405.0992018,1
February,286,59,0,821.27,38.88271127,48411.24,2%,57.00582377,317.5789007,1
March,286,28,18,821.27,34.66055202,48411.24,2%,56.99305698,288.9230163,1
April,286,30,18,821.27,32.37493076,48411.24,2%,152.9237598,252.1740912,1
May,286,29,18,821.27,39.82697124,48411.24,2%,179.7661872,254.8486414,1
June,286,28,18,821.27,31.8308255,48411.24,2%,,265.9925723,1
January,287,28,18,302.1,32.40579414,47275.96,1%,75.56461377,281.61132,1
February,287,25,21,302.1,34.88354091,47275.96,1%,469.732373,298.5712708,1
March,287,28,0,302.1,30.4054129,47275.96,1%,74.36499752,300.4600162,0
April,287,28,0,302.1,30.20330333,47275.96,1%,52.30567881,272.6830922,0
May,287,21,13,302.1,39.83414802,47275.96,1%,10000,412.5799704,1
June,287,19,13,302.1,24.42710438,47275.96,1%,96.07291031,441.3927518,1
January,288,19,11,1483.59,25.7442157,30232.28,5%,,374.5149131,1
February,288,19,13,1483.59,24.71093038,30232.28,5%,80.5435778,422.5768492,1
March,288,19,10,1483.59,24.34439331,30232.28,5%,32.84142071,444.9806154,1
April,288,19,10,1483.59,27.47298422,30232.28,5%,134.767797,453.163797,1
May,288,19,0,1483.59,35.91089356,30232.28,5%,119.3413868,439.5166773,0
June,288,20,0,1483.59,28.78391817,30232.28,5%,203.7837495,443.4589135,0
January,289,9,5,3271.84,34.20617681,33314.96,10%,184.6666856,1191.373157,0
February,289,12,5,3271.84,31.33007825,33314.96,10%,91.24228771,1108.416134,0
March,289,7,5,3271.84,25.87367382,33314.96,10%,10000,1284.300414,0
April,289,8,5,3271.84,36.11551748,33314.96,10%,258.9981629,1419.318047,0
May,289,7,5,3271.84,37.33982135,33314.96,10%,390.3183914,1209.909074,0
June,289,6,8,3271.84,39.18038583,33314.96,10%,69.07804175,0.688298779,1
January,290,7,0,2198.82,24.42928971,7599.035,29%,98.81828233,1029.724469,0
February,290,7,0,2198.82,33.44497849,7599.035,29%,35.8438101,44.4788737,0
March,290,36,24,2198.82,35.91863008,7599.035,29%,25.62301659,180.4149747,1
April,290,36,24,2198.82,31.54533316,7599.035,29%,109.9266911,278.2095181,1
May,290,36,24,2198.82,24.92937452,7599.035,29%,120.018727,207.2397541,1
June,290,36,24,2198.82,34.06409856,7599.035,29%,16.2907539,273.6565775,1
January,291,36,21,80.5,37.11345666,97640.4,0%,727.9822228,263.8273256,1
February,291,36,23,80.5,39.28646441,97640.4,0%,173.4952741,257.3644565,1
March,291,36,0,80.5,40.50296066,97640.4,0%,171.9704541,291.2887725,1
April,291,33,0,80.5,28.76961204,97640.4,0%,141.8642813,218.8368731,1
May,291,15,9,80.5,32.79002094,97640.4,0%,223.6558851,379.1819806,1
June,291,19,8,80.5,30.97145649,97640.4,0%,99.73933287,528.2618816,1
January,292,19,707,2321.23,32.08164606,75881.16,3%,94.59513166,379.9130888,1
February,292,19,9,2321.23,30.73000587,75881.16,3%,333.4966539,502.0127241,1
March,292,23,0,2321.23,34.23130426,75881.16,3%,128.1096506,511.2274778,0
April,292,24,9,2321.23,27.30701089,75881.16,3%,451.3351651,392.6367611,1
May,292,19,0,2321.23,25.84011766,75881.16,3%,474.0644699,481.7886556,0
June,292,19,0,2321.23,37.03194976,75881.16,3%,512.7324609,332.4348392,0
January,293,44,15,581.05,28.92477168,36490.98,2%,54.60230189,247.2177832,1
February,293,40,15,581.05,24.63901022,36490.98,2%,58.63332278,293.1606064,1
March,293,40,16,581.05,30.87646093,36490.98,2%,340.8374323,271.6937589,1
April,293,39,15,581.05,27.72370675,36490.98,2%,44.45868647,266.460435,1
May,293,40,13,581.05,25.17990331,36490.98,2%,50.74827411,275.3383548,1
June,293,40,15,581.05,31.72598972,36490.98,2%,130.0193046,257.6913538,1
January,294,40,0,401.53,37.06629091,30743.6,1%,38.01437647,262.8703295,1
February,294,40,0,401.53,24.15575589,30743.6,1%,80.79006992,298.1399375,1
March,294,18,25,401.53,24.87346005,30743.6,1%,174.6332528,172.8289952,1
April,294,22,22,401.53,28.35545826,30743.6,1%,82.91104926,76.18559661,1
May,294,18,22,401.53,25.96814116,30743.6,1%,56.11761972,287.0806885,1
June,294,16,22,401.53,28.93201033,30743.6,1%,301.1361952,330.3616186,1
January,295,18,22,429.86,41.35399191,177150.4,0%,296.504285,374.6026454,1
February,295,23,20,429.86,37.49865221,177150.4,0%,,285.979694,1
March,295,18,0,429.86,30.31822751,177150.4,0%,1299.584468,361.2234312,0
April,295,18,0,429.86,40.53493432,177150.4,0%,220.1060734,245.1656109,0
May,295,5,16,429.86,31.64492775,177150.4,0%,816.9023299,395.6293185,1
June,295,5,13,429.86,34.02798747,177150.4,0%,606.3935648,213.0148896,1
January,296,5,16,642.65,29.92644153,110264,1%,121.57314,365.0397906,1
February,296,2,18,642.65,41.04281847,110264,1%,,227.1741175,1
March,296,5,19,642.65,33.53355701,110264,1%,,272.8660558,1
April,296,5,16,642.65,34.01034058,110264,1%,147.332202,313.0071387,1
May,296,5,0,642.65,29.24192867,110264,1%,477.9202906,334.1450774,0
June,296,5,0,642.65,33.79501246,110264,1%,669.8898104,291.0991951,0
January,297,33,78,465.04,36.6154338,32128.24,1%,239.3017729,166.1452322,1
February,297,30,17,465.04,34.94970762,32128.24,1%,46.5822452,386.5868852,1
March,297,34,15,465.04,29.84952942,32128.24,1%,137.6555082,351.5175982,1
April,297,30,17,465.04,27.96667496,32128.24,1%,212.7184255,351.2686067,1
May,297,30,14,465.04,36.04695238,32128.24,1%,151.7952645,386.8919406,1
June,297,32,16,465.04,33.89757457,32128.24,1%,74.18108118,393.2856759,1
January,298,27,0,218.25,36.89580297,151722.56,0%,1359.394441,379.9715099,0
February,298,30,0,218.25,25.59606601,151722.56,0%,1072.889719,331.1414115,0
March,298,17,20,218.25,44.10124847,151722.56,0%,205.411665,433.1161608,1
April,298,17,20,218.25,37.29468171,151722.56,0%,121.4080824,529.0921317,1
May,298,17,20,218.25,41.29413849,151722.56,0%,318.5533615,338.6330904,1
June,298,17,18,218.25,36.67160928,151722.56,0%,683.8709535,425.1712441,1
January,299,17,0,417.27,28.73289527,62316.63,1%,441.3438381,393.6706073,0
February,299,14,20,417.27,35.0404506,62316.63,1%,243.3579014,386.3168967,1
March,299,17,0,417.27,36.97242072,62316.63,1%,73.31445607,438.8576935,0
April,299,17,0,417.27,26.34933907,62316.63,1%,86.08430299,482.0483817,0
May,299,47,24,417.27,33.99439238,62316.63,1%,93.13362812,296.8969573,1
June,299,47,24,417.27,35.12914398,62316.63,1%,10000,252.2735243,1
January,300,47,24,1306.08,35.56911984,19310.62,7%,152.2541641,297.0095304,1
February,300,47,26,1306.08,36.94904074,19310.62,7%,14.45150678,266.519151,1
March,300,44,21,1306.08,35.42993267,19310.62,7%,80.85126883,276.4825059,1
April,300,47,24,1306.08,28.1088224,19310.62,7%,103.2071557,257.7615432,1
May,300,47,0,1306.08,24.63317528,19310.62,7%,47.54862903,291.0051913,1
June,300,47,0,1306.08,26.23504472,19310.62,7%,67.10128288,258.5647628,1
January,301,26,11,1315.6,29.42768535,94511.79,1%,605.6547311,269.6979018,1
February,301,24,9,1315.6,36.6038721,94511.79,1%,498.8840842,263.8344968,1
March,301,24,9,1315.6,33.5182484,94511.79,1%,101.0140736,277.5945813,1
April,301,25,12,1315.6,35.79875055,94511.79,1%,10000,277.7781703,1
May,301,29,9,1315.6,36.56463004,94511.79,1%,217.9098531,243.9744858,1
June,301,26,9,1315.6,40.56005902,94511.79,1%,441.4676753,288.9213776,1
January,302,24,0,999.36,41.18918061,96275.84,1%,148.3607103,261.0369729,0
February,302,24,0,999.36,36.86495685,96275.84,1%,,243.5009562,0
March,302,3,3,999.36,32.09475286,96275.84,1%,187.6973828,391.6787968,0
April,302,3,0,999.36,30.00696045,96275.84,1%,598.2463611,398.9631727,0
May,302,4,3,999.36,38.81916502,96275.84,1%,287.4350579,377.2255188,0
June,302,5,3,999.36,35.02903695,96275.84,1%,472.1294437,371.9479205,0
January,303,3,3,4935.76,31.64836156,57219.92,9%,10000,326.0743775,0
February,303,3,3,4935.76,26.00505418,57219.92,9%,150.1177375,370.4861584,0
March,303,-1,0,4935.76,26.38603801,57219.92,9%,,338.8963132,0
April,303,3,0,4935.76,39.31417541,57219.92,9%,218.8882329,389.5718284,0
May,303,0,8,4935.76,41.4513038,57219.92,9%,76.24300407,368.254006,1
June,303,1,8,4935.76,35.29294862,57219.92,9%,417.6121083,318.5071428,1
January,304,1,8,2024.84,25.86304545,80591.2,3%,512.9191895,441.6366867,1
February,304,1,8,2024.84,31.09206148,80591.2,3%,653.1526743,212.458541,1
March,304,1,8,2024.84,30.68590475,80591.2,3%,133.6741155,296.9994097,1
April,304,1,7,2024.84,31.05761873,80591.2,3%,496.1273305,417.3190072,1
May,304,5,0,2024.84,28.02563436,80591.2,3%,193.355651,409.1763263,0
June,304,1,0,2024.84,36.04651025,80591.2,3%,613.7810167,229.8527697,0
January,305,10,0,192.45,34.83859367,73434.92,0%,137.1585196,882.0514122,0
February,305,10,1,192.45,36.1086868,73434.92,0%,131.5162914,652.2810796,0
March,305,10,1,192.45,25.86800318,73434.92,0%,,846.1058877,0
April,305,10,4,192.45,33.50086296,73434.92,0%,562.4491165,794.5719885,0
May,305,11,4,192.45,23.62059845,73434.92,0%,10000,752.6891067,0
June,305,10,4,192.45,27.38044179,73434.92,0%,470.7278529,706.1647617,0
January,306,10,0,2560.45,38.33959106,53916.84,5%,,959.5553002,0
February,306,10,0,2560.45,30.54932501,53916.84,5%,207.691648,0,0
March,306,22,10,2560.45,31.68540978,53916.84,5%,231.3024053,444.7215384,1
April,306,21,13,2560.45,29.98530902,53916.84,5%,82.4879027,440.9176512,1
May,306,21,10,2560.45,39.40657473,53916.84,5%,169.8803677,276.2185884,1
June,306,21,10,2560.45,34.91951337,53916.84,5%,163.5861726,335.5348442,1
January,307,21,12,1740.38,36.26215986,53071.47,3%,60.72245822,395.6171042,1
February,307,21,11,1740.38,29.99882275,53071.47,3%,77.57109206,412.4619771,1
March,307,21,0,1740.38,32.13739225,53071.47,3%,451.5421441,214.7956327,0
April,307,23,0,1740.38,25.45298988,53071.47,3%,76.30682513,387.514071,0
May,307,27,19,1740.38,32.76322061,53071.47,3%,215.979395,267.64825,1
June,307,27,17,1740.38,37.73826282,53071.47,3%,182.3194493,401.6983253,1
January,308,26,18,2128.87,26.79924889,69692.16,3%,121.8483595,422.6460384,1
February,308,25,18,2128.87,27.18427743,69692.16,3%,10000,478.2029166,1
March,308,27,0,2128.87,32.73365882,69692.16,3%,99.85887515,390.0855332,0
April,308,26,18,2128.87,26.75124852,69692.16,3%,10000,266.100193,1
May,308,27,0,2128.87,29.51343015,69692.16,3%,252.9426653,411.3562683,0
June,308,27,0,2128.87,28.50645994,69692.16,3%,258.9739483,472.0974882,0
January,309,16,12,1574.91,32.42520937,15735.68,10%,10000,958.5570338,1
February,309,22,14,1574.91,28.42267116,15735.68,10%,30.63041905,1019.351101,1
March,309,21,12,1574.91,23.2047954,15735.68,10%,51.12416516,912.5053987,1
April,309,21,13,1574.91,31.5897405,15735.68,10%,101.084499,706.921514,1
May,309,21,12,1574.91,31.30750079,15735.68,10%,42.1256533,519.9580708,1
June,309,21,12,1574.91,28.91158726,15735.68,10%,101.2555231,773.9929779,1
January,310,21,0,4182.21,32.71470197,20502.64,20%,68.0771681,846.5090132,0
February,310,18,0,4182.21,24.33770964,20502.64,20%,201.1728577,1102.103435,0
March,310,10,0,4182.21,25.12687838,20502.64,20%,148.7138907,515.6402408,0
April,310,10,0,4182.21,34.49616325,20502.64,20%,117.1593531,519.5813736,0
May,310,5,3,4182.21,34.715337,20502.64,20%,119.267897,485.533378,0
June,310,5,0,4182.21,25.94442492,20502.64,20%,63.96982525,400.816785,0
January,311,7,0,1078.02,26.97982892,55662.64,2%,423.729524,594.9740326,0
February,311,10,0,1078.02,36.84437481,55662.64,2%,139.3655821,499.5790741,0
March,311,10,0,1078.02,28.31822426,55662.64,2%,44.57131426,612.8170352,0
April,311,10,0,1078.02,34.13460737,55662.64,2%,77.64173629,642.4687323,0
May,311,25,18,1078.02,38.69836479,55662.64,2%,339.3782531,461.2014329,1
June,311,25,15,1078.02,37.21961663,55662.64,2%,204.8036289,325.070647,1
January,312,25,16,1352.88,24.61385176,19758.84,7%,39.60399979,230.3044337,1
February,312,25,15,1352.88,33.82384274,19758.84,7%,,281.0543662,1
March,312,25,18,1352.88,37.56938827,19758.84,7%,71.16605209,360.2251968,1
April,312,25,18,1352.88,38.0330947,19758.84,7%,70.90258244,255.7004156,1
May,312,25,0,1352.88,29.49994573,19758.84,7%,156.064738,460.7163786,0
June,312,25,0,1352.88,35.34448591,19758.84,7%,51.30001566,290.3205348,0
January,313,29,17,815.35,25.69837462,55000.62,1%,115.8077544,593.3420843,1
February,313,29,16,815.35,26.10975903,55000.62,1%,66.67637344,590.2570658,1
March,313,29,16,815.35,36.73896575,55000.62,1%,238.3169155,605.4683166,1
April,313,29,17,815.35,40.27927892,55000.62,1%,384.9574075,525.8781321,1
May,313,25,18,815.35,40.58150123,55000.62,1%,343.8246379,20.82866392,1
June,313,24,16,815.35,30.20528474,55000.62,1%,600.5157206,623.6600767,1
January,314,29,0,343.41,35.87601682,10352.745,3%,30.77363547,221.2949937,0
February,314,29,0,343.41,30.80812489,10352.745,3%,78.88989848,546.8893249,0
March,314,16,18,343.41,35.99482434,10352.745,3%,102.841486,247.2729873,1
April,314,16,18,343.41,37.4221037,10352.745,3%,56.00327691,240.5084948,1
May,314,19,15,343.41,39.58099898,10352.745,3%,71.6905836,240.7477833,1
June,314,16,18,343.41,26.88143495,10352.745,3%,89.08421224,269.8811405,1
January,315,16,18,1274.59,27.20809798,50811.27,3%,86.26076834,280.5252589,1
February,315,16,18,1274.59,34.9571975,50811.27,3%,211.9968361,246.6023359,1
March,315,19,0,1274.59,24.70910186,50811.27,3%,257.0148922,270.1217785,0
April,315,16,0,1274.59,25.90052163,50811.27,3%,114.9084207,244.4371038,0
May,315,26,0,1274.59,33.54365955,50811.27,3%,112.5710723,538.7951025,0
June,315,29,15,1274.59,32.43121733,50811.27,3%,44.45414946,174.4094417,1
January,316,26,15,3825.82,28.41107636,59448.04,6%,273.5780408,495.1506861,1
February,316,23,17,3825.82,28.15267287,59448.04,6%,210.4452026,184.5616066,1
March,316,31,16,3825.82,32.49179779,59448.04,6%,,471.0429486,1
April,316,22,15,3825.82,30.14869082,59448.04,6%,565.4289733,418.5724359,1
May,316,26,0,3825.82,24.31122779,59448.04,6%,290.3177977,500.7815721,0
June,316,26,0,3825.82,30.94823768,59448.04,6%,,543.4984788,0
January,317,31,10,1247.3,32.9616636,18549.28,7%,98.89260912,304.4278052,1
February,317,27,7,1247.3,32.90267401,18549.28,7%,17.64112298,245.8434872,1
March,317,29,10,1247.3,28.12386762,18549.28,7%,81.43914072,296.251862,1
April,317,27,10,1247.3,35.31401117,18549.28,7%,50.39486694,301.4432833,1
May,317,27,10,1247.3,26.40603353,18549.28,7%,28.29478712,278.609988,1
June,317,27,10,1247.3,36.65438819,5444147,0%,129.5064735,284.6736538,1
January,318,27,0,744.97,29.87962269,134810.13,1%,806.8608461,263.8841618,0
February,318,30,0,744.97,29.87176362,134810.13,1%,766.7799329,303.1006423,0
March,318,7,17,744.97,40.73910114,134810.13,1%,325.2486865,238.4816323,1
April,318,4,17,744.97,36.25644555,134810.13,1%,652.5902258,188.6287857,1
May,318,5,18,744.97,43.13051049,134810.13,1%,312.7363581,309.6539235,1
June,318,5,17,744.97,38.92442299,134810.13,1%,279.6363767,293.5929401,1
January,319,9,16,789.13,36.5283912,162550.32,0%,146.0267596,341.8171106,1
February,319,5,17,789.13,36.02308694,162550.32,0%,322.9702887,314.3371374,1
March,319,5,0,789.13,35.04406228,162550.32,0%,101.6600796,333.5596017,0
April,319,5,0,789.13,47.96956024,162550.32,0%,241.0992135,263.4931451,0
May,319,30,11,789.13,35.80246147,162550.32,0%,,566.7414881,1
June,319,30,11,789.13,38.03282138,162550.32,0%,571.4854909,320.3254882,1
January,320,26,11,1033.59,41.49850224,102596.64,1%,211.7125666,379.7362935,1
February,320,33,11,1033.59,44.22447855,102596.64,1%,135.5267124,374.0760093,1
March,320,25,3815,1033.59,27.51797771,102596.64,1%,190.8314049,10.30550807,1
April,320,34,14,1033.59,44.93121975,102596.64,1%,195.0625204,380.204118,1
May,320,27,0,1033.59,46.2937028,102596.64,1%,61.64215703,554.9769826,0
June,320,35,0,1033.59,39.87407899,102596.64,1%,64.15779849,346.4100329,1
January,321,31,25,1122.86,26.31939198,14884.465,8%,57.72786348,144.3468441,1
February,321,34,24,1122.86,38.93601916,14884.465,8%,131.07955,103.003041,1
March,321,34,25,1122.86,35.54806105,14884.465,8%,171.7102297,238.9726952,1
April,321,34,23,1122.86,35.14489108,14884.465,8%,55.58661182,270.9184329,1
May,321,34,0,1122.86,29.29814927,14884.465,8%,128.2418398,265.2451774,1
June,321,34,25,1122.86,28.82336882,14884.465,8%,165.4691676,50.57476411,1
January,322,29,0,1404.06,39.9291405,31732.61,4%,39.35478893,222.8856338,0
February,322,38,0,1404.06,23.40744887,31732.61,4%,92.53224266,215.6845745,1
March,322,64,17,1404.06,29.54729677,31732.61,4%,51.48058165,292.2354423,1
April,322,61,17,1404.06,30.14333948,31732.61,4%,127.4011606,252.4500213,1
May,322,59,17,1404.06,27.78039054,31732.61,4%,70.23296462,278.1736574,1
June,322,57,15,1404.06,33.70987478,31732.61,4%,255.9691484,262.9023415,1
January,323,59,14,486.71,28.16592179,50847.22,1%,146.2525941,239.4652253,1
February,323,59,17,486.71,32.60012371,50847.22,1%,112.1982194,294.7737858,1
March,323,59,0,486.71,29.98192277,50847.22,1%,54.53134806,271.0848518,1
April,323,59,0,486.71,42.37251786,50847.22,1%,104.8698746,268.689656,1
May,323,12,13,486.71,33.72492552,50847.22,1%,400.1931517,290.6023559,1
June,323,12,13,486.71,30.7492159,50847.22,1%,293.4234473,322.7261068,1
January,324,12,10,4833.08,23.68663313,9349.475,52%,35.73150545,348.4276953,1
February,324,12,13,4833.08,26.97107875,9349.475,52%,46.56537263,316.5466733,1
March,324,12,14,4833.08,35.73122996,9349.475,52%,16.8415769,338.073231,1
April,324,10,0,4833.08,33.55276575,9349.475,52%,47.13656835,330.2941218,0
May,324,12,0,4833.08,34.89284185,9349.475,52%,37.78970502,276.5821426,0
June,324,12,0,4833.08,34.98613157,9349.475,52%,39.58768095,268.1028927,0
January,325,30,7,269.46,35.74443414,135115.44,0%,10000,799.0311421,1
February,325,30,0,269.46,34.85955013,135115.44,0%,1079.474357,708.8558048,0
March,325,30,7,269.46,31.24785577,135115.44,0%,1048.397194,846.9480883,1
April,325,34,8,269.46,31.68657487,135115.44,0%,183.5209924,613.030204,1
May,325,29,8,269.46,39.6510773,135115.44,0%,288.6554033,641.6016207,1
June,325,34,11,269.46,42.55547608,135115.44,0%,479.6036351,807.3453967,1
January,326,30,0,198.53,31.52048941,66169.56,0%,127.9396928,272.1816876,0
February,326,30,0,198.53,28.37863502,66169.56,0%,344.6720228,646.5891791,0
March,326,20,11,198.53,30.29485373,66169.56,0%,41.67108038,265.1289244,1
April,326,17,13,198.53,40.01564884,66169.56,0%,,289.2459299,1
May,326,20,13,198.53,27.6248603,66169.56,0%,217.122165,420.3360674,1
June,326,20,13,198.53,26.78424596,66169.56,0%,484.2706322,343.7781262,1
January,327,20,16,4701.09,34.60750805,56760.51,8%,72.29548058,409.1322312,1
February,327,20,10,4701.09,31.71257459,56760.51,8%,238.0492226,377.3509344,1
March,327,20,0,4701.09,33.56193533,56760.51,8%,165.7624041,398.579337,0
April,327,20,0,4701.09,34.97457372,56760.51,8%,55.91007241,369.6328398,0
May,327,8,8,4701.09,34.25408858,56760.51,8%,622.1943163,331.3401933,1
June,327,8,8,4701.09,36.77028101,56760.51,8%,459.1717358,424.0363435,1
January,328,8,5,977.19,34.30884371,108223.62,1%,1134.73594,295.595035,0
February,328,8,7,977.19,35.38110109,108223.62,1%,227.8256118,305.7580758,1
March,328,3,7,977.19,29.16380909,108223.62,1%,314.8937787,372.6295417,1
April,328,8,5,977.19,31.20278392,108223.62,1%,159.7722026,358.2443842,0
May,328,6,0,977.19,37.18354611,108223.62,1%,218.2998588,246.4845984,0
June,328,8,0,977.19,32.83578984,108223.62,1%,538.8080231,365.6062237,0
January,329,10,8,3403.23,27.42572763,53098.47,6%,51.2605352,516.6377014,1
February,329,10,5,3403.23,30.88697281,53098.47,6%,10000,559.8269214,0
March,329,9,8,3403.23,38.45881035,53098.47,6%,169.2463396,440.6442011,1
April,329,10,0,3403.23,32.91510969,53098.47,6%,,791.0182797,0
May,329,10,8,3403.23,24.05961625,53098.47,6%,238.3533639,478.1672513,1
June,329,5,8,3403.23,35.76150911,53098.47,6%,358.2013433,672.0199423,1
January,330,10,0,990.35,36.48677323,17853.5,6%,87.85641268,0,0
February,330,10,0,990.35,30.65523168,17853.5,6%,54.08347267,650.2406454,0
March,330,17,14,990.35,26.46739144,17853.5,6%,116.2828953,291.1340594,1
April,330,13,14,990.35,37.48163022,17853.5,6%,80.95095566,334.771565,1
May,330,17,14,990.35,38.46016677,17853.5,6%,75.73728609,385.904407,1
June,330,19,14,990.35,27.5938286,17853.5,6%,106.6376179,365.3491467,1
January,331,18,14,3520.79,32.13503693,16813.54,21%,52.0155821,210.187505,1
February,331,22,0,3520.79,32.53949628,16813.54,21%,99.935238,381.7831666,0
March,331,22,0,3520.79,36.73631362,16813.54,21%,130.6624524,315.7207722,0
April,331,17,0,3520.79,23.56129771,16813.54,21%,59.16643489,345.8940007,0
May,331,15,15,3520.79,28.31513605,16813.54,21%,124.498427,45.91328725,1
June,331,10,15,3520.79,24.37168979,16813.54,21%,101.6904418,343.555315,1
January,332,15,15,420.02,38.63061576,68665.76,1%,315.9726071,154.7797487,1
February,332,15,15,420.02,31.5451192,68665.76,1%,180.8168859,130.9569989,1
March,332,15,15,420.02,32.25378233,68665.76,1%,635.5601402,516.8498572,1
April,332,15,15,420.02,35.79469564,68665.76,1%,434.9668892,505.8430258,1
May,332,15,0,420.02,40.94151457,68665.76,1%,118.6102026,103.5421203,0
June,332,16,0,420.02,24.42680103,68665.76,1%,281.7888045,455.5635062,0
January,333,7,8,864.7,34.6659351,22500.52,4%,174.4491265,273.9196599,1
February,333,12,6,864.7,27.02276475,22500.52,4%,41.79090909,266.7526754,1
March,333,11,8,864.7,35.32607566,22500.52,4%,197.73304,259.4573374,1
April,333,7,8,864.7,26.85868224,22500.52,4%,51.09396182,255.7664482,1
May,333,8,8,864.7,28.83576174,22500.52,4%,52.28291318,236.651139,1
June,333,7,11,864.7,39.42229751,22500.52,4%,57.08209535,236.1249061,1
January,334,4,0,642.42,37.76381085,15305.46,4%,132.3098739,209.5876484,0
February,334,7,0,642.42,34.49804409,15305.46,4%,75.64273717,248.1459468,0
March,334,18,13,642.42,36.35520068,15305.46,4%,103.4551466,812.6602841,1
April,334,20,13,642.42,34.79348795,15305.46,4%,160.2879817,723.0538588,1
May,334,20,15,642.42,32.6711522,15305.46,4%,,876.8718422,1
June,334,20,0,642.42,39.32159761,15305.46,4%,79.00742355,631.5922982,0
January,335,20,15,2909.71,36.72950022,15544.47,19%,26.46895035,832.5705577,1
February,335,20,14,2909.71,30.88178096,15544.47,19%,129.7135339,491.9791147,1
March,335,20,0,2909.71,37.21163915,15544.47,19%,87.09076722,593.2928514,0
April,335,20,0,2909.71,34.03557395,15544.47,19%,125.2340647,783.7522181,0
May,335,14,3,2909.71,24.46833339,15544.47,19%,135.0161817,342.855248,0
June,335,14,2,2909.71,34.42975239,15544.47,19%,72.24402102,301.367546,0
January,336,14,2,338.95,29.17466092,99089.52,0%,670.0521236,397.292543,0
February,336,19,2,338.95,38.07573563,99089.52,0%,645.614654,386.5465748,0
March,336,14,2,338.95,37.49406279,99089.52,0%,402.917018,417.1979711,0
April,336,14,2,338.95,36.22652948,99089.52,0%,846.3415521,322.409418,0
May,336,9,0,338.95,42.51529121,9374962,0%,147.803693,221.0082741,0
June,336,19,0,338.95,29.88711686,99089.52,0%,408.9073828,343.1416648,0
January,337,30,14,486.05,32.39622858,9307.24,5%,10000,536.4628937,1
February,337,29,12,486.05,39.80424325,9307.24,5%,43.86994874,579.319475,1
March,337,35,12,486.05,34.550703,9307.24,5%,53.74478574,381.30207,1
April,337,30,12,486.05,30.85429745,9307.24,5%,44.68282975,244.4562869,1
May,337,25,12,486.05,32.84606547,9307.24,5%,43.91726929,695.3724704,1
June,337,30,12,486.05,25.13319496,9307.24,5%,101.3431312,508.349014,1
January,338,30,0,1383.6,27.41588318,134316.2,1%,1027.04614,489.3062687,0
February,338,27,0,1383.6,41.76865775,134316.2,1%,840.1671469,481.6437906,0
March,338,60,24,1383.6,44.59204849,134316.2,1%,273.3993688,289.8896694,1
April,338,65,25,1383.6,24.62768676,134316.2,1%,889.4561242,285.8861731,1
May,338,60,0,1383.6,37.96156962,134316.2,1%,277.3982484,322.0525606,1
June,338,60,25,1383.6,27.1412206,134316.2,1%,1034.636518,255.6367849,1
January,339,57,25,1340.41,36.50312515,38685.98,3%,148.4273514,320.9002197,1
February,339,59,0,1340.41,38.50561558,38685.98,3%,10000,272.5247594,1
March,339,60,0,1340.41,34.13396548,38685.98,3%,448.4877945,240.0748895,1
April,339,60,0,1340.41,25.52958446,38685.98,3%,205.4115205,276.7785771,1
May,339,1,2,1340.41,33.7293762,38685.98,3%,89.7804197,307.2717403,0
June,339,1,4,1340.41,35.05704373,38685.98,3%,174.6612873,346.8865568,0
January,340,5,3,1446.37,28.44219112,69933.98,2%,262.1556232,302.0497672,0
February,340,1,4,1446.37,28.92677698,69933.98,2%,71.40054764,274.4195365,0
March,340,-2,0,1446.37,30.60913067,69933.98,2%,290.5051451,360.6848847,0
April,340,1,4,1446.37,25.58847691,69933.98,2%,139.9840301,227.0549254,0
May,340,1,0,1446.37,33.99993719,69933.98,2%,184.3643665,222.9870476,0
June,340,1,0,1446.37,36.21743027,69933.98,2%,146.0099153,375.9630759,0
January,341,7,8,1498.02,41.12891217,21075.36,7%,119.4000237,124.6626926,1
February,341,7,8,1498.02,32.18994706,21075.36,7%,50.53160002,409.7950022,1
March,341,7,8,1498.02,34.86942815,21075.36,7%,21.95705958,901.9842687,1
April,341,7,8,1498.02,31.59037685,21075.36,7%,55.17302526,0,1
May,341,9,8,1498.02,25.52809985,21075.36,7%,116.2318916,774.2040892,1
June,341,6,10,1498.02,36.37820747,21075.36,7%,250.0914613,537.7093525,1
January,342,8,0,1494.43,29.95727574,60843.33,2%,39.14685837,768.4007395,0
February,342,7,0,1494.43,35.958286,60843.33,2%,197.5291002,557.4671008,0
March,342,27,14,1494.43,29.68614109,60843.33,2%,240.8474729,269.0709223,1
April,342,22,14,1494.43,23.28617556,60843.33,2%,660.1416343,270.0871244,1
May,342,22,14,1494.43,30.66765048,60843.33,2%,528.4542278,269.4642323,1
June,342,22,15,1494.43,36.23932295,60843.33,2%,82.50761512,288.0524578,1
January,343,22,14,3247.42,38.06854044,15091.03,22%,63.26759253,269.4540116,1
February,343,22,14,3247.42,34.70475274,15091.03,22%,29.44017907,265.2881975,1
March,343,22,0,3247.42,32.06143988,15091.03,22%,95.84028212,262.5981128,0
April,343,22,0,3247.42,24.22741058,15091.03,22%,104.4795442,290.5116085,0
May,343,16,12,3247.42,30.55391153,15091.03,22%,189.5674099,435.6536318,1
June,343,16,12,3247.42,31.50787508,15091.03,22%,,411.349589,1
January,344,16,12,1263.12,40.18505087,54987.52,2%,208.1867557,458.8629354,1
February,344,16,12,1263.12,25.76132003,54987.52,2%,119.3812883,295.3508408,1
March,344,16,12,1263.12,36.79774166,54987.52,2%,163.9431098,314.8870077,1
April,344,16,9,1263.12,32.45230044,54987.52,2%,192.2321859,415.0974804,1
May,344,16,0,1263.12,26.65785559,54987.52,2%,128.2645272,353.1796985,0
June,344,12,0,1263.12,25.08013683,54987.52,2%,387.6273812,458.8056516,0
January,345,31,12,4183.22,25.04460412,7506.125,56%,26.84429789,268.306587,1
February,345,27,12,4183.22,35.16460735,7506.125,56%,10000,307.4097574,1
March,345,24,12,4183.22,31.83445848,7506.125,56%,106.7212883,296.9785744,1
April,345,27,12,4183.22,25.31817714,7506.125,56%,72.33579642,337.9818657,1
May,345,27,10,4183.22,24.12045707,7506.125,56%,65.51465329,352.5524351,1
June,345,27,14,4183.22,36.60015747,7506.125,56%,66.28412561,246.827421,1
January,346,27,0,2575.23,34.87888323,17448.08,15%,18.18126405,234.3932514,0
February,346,27,0,2575.23,23.89831265,17448.08,15%,10000,349.1935997,0
March,346,13,11,2575.23,28.41069857,17448.08,15%,19.26805963,274.648811,1
April,346,13,9,2575.23,23.25115385,17448.08,15%,88.38235343,402.5706565,1
May,346,10,6,2575.23,29.39467528,17448.08,15%,68.02684533,410.9503828,1
June,346,13,9,2575.23,28.2317063,17448.08,15%,72.64589498,343.1949885,1
January,347,13,9,190.04,36.15598628,42241.19,0%,129.0859843,357.7598206,1
February,347,12,9,190.04,32.2807082,42241.19,0%,10000,360.3313831,1
March,347,13,0,190.04,38.75594492,42241.19,0%,127.0915132,291.998789,0
April,347,13,0,190.04,26.19891785,42241.19,0%,47.36619989,371.0363848,0
May,347,9,0,190.04,41.2312031,42241.19,0%,182.1624895,511.0400084,0
June,347,9,8,190.04,26.8820526,42241.19,0%,334.9436777,245.0483565,1
January,348,14,8,70.82,26.52288661,31087.66,0%,33.05801212,485.5912272,1
February,348,9,9,70.82,34.1198758,31087.66,0%,97.7894616,500.4993389,1
March,348,9,8,70.82,29.46747188,31087.66,0%,104.4919935,503.1484476,1
April,348,14,0,70.82,30.38748376,31087.66,0%,107.5636269,255.3004951,0
May,348,9,0,70.82,26.63587033,31087.66,0%,253.1883183,179.3204394,0
June,348,9,0,70.82,23.07044209,31087.66,0%,72.75569131,346.5410447,0
January,349,33,26,53.73,34.40662869,132414.16,0%,86.92695747,262.1462491,1
February,349,33,25,53.73,29.015579,132414.16,0%,686.1816462,315.7719608,1
March,349,33,25,53.73,42.44061788,132414.16,0%,142.7001251,344.5919244,1
April,349,33,25,53.73,30.75909167,132414.16,0%,717.3115363,336.5680884,1
May,349,33,26,53.73,36.95450419,132414.16,0%,157.1511547,192.9277671,1
June,349,33,25,53.73,30.52275466,132414.16,0%,10000,335.0806738,1
January,350,34,0,1269.4,26.45381338,92794.04,1%,118.7900467,228.4331237,1
February,350,33,0,1269.4,27.99127225,92794.04,1%,918.9577755,383.0923539,1
March,350,10,23,1269.4,30.12612266,92794.04,1%,566.1081534,193.9716699,1
April,350,8,20,1269.4,36.894637,92794.04,1%,451.7440417,235.9726781,1
May,350,5,21,1269.4,43.09389444,92794.04,1%,190.2358538,176.547673,1
June,350,7,23,1269.4,33.80757263,92794.04,1%,282.3693969,253.128382,1
January,351,8,20,4879.41,32.66512309,82998.24,6%,411.4274637,231.405741,1
February,351,8,20,4879.41,39.46608335,82998.24,6%,689.1861354,148.4321573,1
March,351,8,0,4879.41,37.32479771,82998.24,6%,419.8152801,228.97529,0
April,351,3,0,4879.41,38.1934744,82998.24,6%,132.1382681,181.3534649,0
May,351,5,17,4879.41,22.44719524,82998.24,6%,385.9055833,502.4855239,1
June,351,10,17,4879.41,22.41168093,82998.24,6%,767.2581277,568.1438535,1
January,352,6,17,471.81,38.65753196,16582.83,3%,,564.6989024,1
February,352,6,17,471.81,30.21917815,16582.83,3%,146.4241192,507.7865582,1
March,352,1,16,471.81,36.49528923,16582.83,3%,60.2616497,326.5695733,1
April,352,6,17,471.81,23.91434191,16582.83,3%,44.93601303,492.2871972,1
May,352,6,0,471.81,26.69300966,16582.83,3%,75.24376225,578.8066613,0
June,352,6,0,471.81,27.764248,16582.83,3%,124.1843543,630.2600161,0
January,353,9,11,1177.43,35.83716316,31896.42,4%,154.4717305,278.669888,1
February,353,9,13,1177.43,25.82137719,31896.42,4%,53.82718457,348.999856,1
March,353,4,13,1177.43,28.16778495,31896.42,4%,118.2999472,276.2070205,1
April,353,9,13,1177.43,40.31578072,31896.42,4%,69.35079339,420.3866612,1
May,353,9,16,1177.43,28.55273248,31896.42,4%,130.5947333,350.2663013,1
June,353,9,13,1177.43,37.88903344,31896.42,4%,117.4738823,364.8102001,1
January,354,9,0,1158.55,27.6456154,34927,3%,115.0418943,156.2205762,0
February,354,9,0,1158.55,32.15550198,34927,3%,230.7965081,250.1658187,0
March,354,18,5,1158.55,31.38110648,34927,3%,60.50918455,321.5106802,0
April,354,23,4,1158.55,27.47095957,34927,3%,54.43583567,376.2167126,0
May,354,19,8,1158.55,36.44548517,34927,3%,76.97695113,461.9655873,1
June,354,19,5,1158.55,29.9555146,34927,3%,62.52269391,408.2902212,0
January,355,14,5,94.75,37.80152426,25020.07,0%,22.80310536,401.4717591,0
February,355,19,0,94.75,31.61892882,25020.07,0%,215.1999681,462.5213358,0
March,355,17,0,94.75,37.80198147,25020.07,0%,244.8230211,416.4276719,0
April,355,19,0,94.75,36.36290831,25020.07,0%,153.6146615,454.6695215,0
May,355,14,19,94.75,32.18448412,25020.07,0%,46.07277174,324.712211,1
June,355,14,19,94.75,30.49497301,25020.07,0%,93.95225411,334.816168,1
January,356,14,21,1777.73,36.5633131,82778.56,2%,201.3549911,315.3699955,1
February,356,12,0,1777.73,27.46036101,82778.56,2%,164.1969527,316.0208645,0
March,356,14,21,1777.73,34.26604358,82778.56,2%,76.80930253,316.0947206,1
April,356,16,22,1777.73,30.15473168,82778.56,2%,148.9248859,311.5906843,1
May,356,14,0,1777.73,40.69729415,82778.56,2%,88.64287504,250.4809231,0
June,356,14,0,1777.73,42.50253965,82778.56,2%,153.0103832,243.2833825,0
January,357,36,20,76.99,31.8869753,94052.22,0%,665.8545917,399.0665075,1
February,357,41,22,76.99,33.12986652,94052.22,0%,109.0260988,184.2930439,1
March,357,41,22,76.99,33.30375043,94052.22,0%,221.1489381,398.1130714,1
April,357,45,20,76.99,41.43018563,94052.22,0%,272.4853847,534.4912701,1
May,357,43,22,76.99,34.2699491,94052.22,0%,728.8317453,57.21784579,1
June,357,41,22,76.99,30.50484605,94052.22,0%,10000,509.9656211,1
January,358,37,0,1696.82,38.06822668,16355.71,10%,49.03250389,1.227628399,1
February,358,41,0,1696.82,34.6275954,16355.71,10%,38.38113533,499.7643252,1
March,358,21,18,1696.82,38.03867991,16355.71,10%,67.87707164,256.8552336,1
April,358,21,17,1696.82,29.21436023,16355.71,10%,44.87421099,400.4123456,1
May,358,21,18,1696.82,35.15911161,16355.71,10%,94.83763361,275.9720402,1
June,358,21,21,1696.82,24.81769827,16355.71,10%,67.26141194,291.4668997,1
January,359,21,18,3154.07,32.65622217,15119.56,21%,106.619669,414.7139339,1
February,359,21,15,3154.07,33.63241558,15119.56,21%,47.94400601,388.2740554,1
March,359,21,0,3154.07,35.6711718,15119.56,21%,19.79193717,87.27790908,0
April,359,22,0,3154.07,41.27894307,15119.56,21%,66.1758974,0,0
May,359,6,9,3154.07,34.81167376,15119.56,21%,140.2378952,434.2545795,1
June,359,6,9,3154.07,35.00079072,15119.56,21%,16.11466977,414.1052075,1
January,360,6,10,4145.87,33.80774323,20639.79,20%,192.4273953,421.9419279,1
February,360,1,9,4145.87,27.87095643,20639.79,20%,123.7406877,390.2865696,1
March,360,6,11,4145.87,31.95053714,20639.79,20%,42.74836523,250.9066502,1
April,360,6,9,4145.87,33.20119879,20639.79,20%,143.4552994,396.4049213,1
May,360,6,0,4145.87,28.24845553,20639.79,20%,71.01008392,409.0405197,0
June,360,4,0,4145.87,37.14017334,20639.79,20%,141.8018491,408.1961175,0
January,361,1,2,2031.89,29.29207666,18472.71,11%,46.94486958,302.7289496,0
February,361,-3,2,2031.89,39.42984302,18472.71,11%,80.56595452,441.6348605,0
March,361,1,1,2031.89,31.90778505,18472.71,11%,50.25222604,365.700374,0
April,361,1,2,2031.89,29.33078605,18472.71,11%,125.9240717,350.8052718,0
May,361,1,2,2031.89,32.94441128,18472.71,11%,85.59247977,274.609374,0
June,361,1,2,2031.89,27.21278778,18472.71,11%,37.27114183,410.6802631,0
January,362,1,0,511.85,32.28408282,42731.27,1%,,413.2414065,0
February,362,1,0,511.85,31.35928301,42731.27,1%,41.79900934,374.3087324,0
March,362,59,27,511.85,27.75306162,42731.27,1%,,275.0642254,1
April,362,60,25,511.85,30.29250097,42731.27,1%,305.8498656,190.2335475,1
May,362,59,25,511.85,26.11934907,42731.27,1%,137.1226529,233.8224809,1
June,362,59,25,511.85,31.14373729,42731.27,1%,148.1317097,186.0255779,1
January,363,65,25,4659.6,38.22880588,82700.32,6%,308.6420449,213.5810648,1
February,363,65,25,4659.6,37.16070768,82700.32,6%,65.88851788,208.4810059,1
March,363,60,0,4659.6,25.57005292,82700.32,6%,331.480753,174.0641913,1
April,363,60,0,4659.6,25.73056941,82700.32,6%,98.01062881,163.9063377,1
May,363,57,11,4659.6,29.30906723,82700.32,6%,114.8830865,255.1055573,1
June,363,55,11,4659.6,36.04882242,82700.32,6%,137.1598661,236.3788211,1
January,364,55,0,685.74,27.670114,11968.51,6%,36.67950532,282.6238748,1
February,364,50,14,685.74,34.78791128,11968.51,6%,109.0623032,290.9127027,1
March,364,55,0,685.74,33.66808098,11968.51,6%,37.44229654,258.7044586,1
April,364,55,11,685.74,29.55612924,11968.51,6%,145.3363288,265.0485298,1
May,364,55,0,685.74,33.51214674,11968.51,6%,98.12667964,286.0898098,1
June,364,55,0,685.74,31.34980858,11968.51,6%,135.9767631,284.5355431,1
January,365,2,7,1343.67,40.42088047,33386.25,4%,,494.2240194,1
February,365,-3,8,1343.67,28.44974783,33386.25,4%,195.3773624,359.2348265,1
March,365,2,8,1343.67,26.63038774,33386.25,4%,324.8507346,228.2639489,1
April,365,2,9,1343.67,30.77959265,33386.25,4%,48.68114386,332.6999797,1
May,365,3,8,1343.67,36.71501257,33386.25,4%,58.05282439,258.1296275,1
June,365,0,8,1343.67,35.4335059,33386.25,4%,86.04251272,459.691975,1
January,366,2,0,1330.8,33.47077659,67614.24,2%,191.5452951,346.669837,0
February,366,1,0,1330.8,39.55175942,67614.24,2%,58.11685365,353.6929087,0
March,366,16,8,1330.8,28.99010303,67614.24,2%,129.8008963,312.3559208,1
April,366,16,8,1330.8,32.2223366,67614.24,2%,294.0496274,310.0240848,1
May,366,16,8,1330.8,26.0635385,67614.24,2%,10000,313.4636553,1
June,366,16,8,1330.8,30.55545363,67614.24,2%,448.4074771,413.1019709,1
January,367,16,7,461.16,45.69697529,174304.04,0%,411.4090543,433.6715874,1
February,367,16,8,461.16,26.3151489,174304.04,0%,908.9426597,435.7549806,1
March,367,16,0,461.16,32.15152164,174304.04,0%,,395.3651848,0
April,367,16,0,461.16,34.52840401,174304.04,0%,924.5006617,196.0359619,0
May,367,8,8,461.16,43.60998835,174304.04,0%,457.5456431,660.1023414,1
June,367,3,8,461.16,43.12342138,174304.04,0%,150.8701341,585.9696037,1
January,368,5,8,651.38,24.97691209,68742.75,1%,594.119779,546.0550817,1
February,368,8,8,651.38,26.3841002,68742.75,1%,298.4283348,457.5736994,1
March,368,8,11,651.38,26.74042361,68742.75,1%,,621.4625871,1
April,368,8,8,651.38,31.80790041,68742.75,1%,102.3860761,630.0704001,1
May,368,8,0,651.38,37.43315036,68742.75,1%,160.351673,697.1546335,0
June,368,8,0,651.38,36.00077993,68742.75,1%,272.1071575,540.4039881,0
January,369,14,17,1124.16,34.32953017,15932.725,7%,62.59804405,983.7086822,1
February,369,14,17,1124.16,39.9506353,15932.725,7%,30.40156329,869.3568506,1
March,369,14,17,1124.16,38.79232586,15932.725,7%,114.3254025,208.3010158,1
April,369,14,17,1124.16,39.17412496,15932.725,7%,15.6311459,960.0763705,1
May,369,14,18,1124.16,27.65483493,15932.725,7%,30.96125517,791.6512953,1
June,369,12,17,1124.16,35.4084138,15932.725,7%,10000,722.9616071,1
January,370,14,0,2019.51,39.94061525,55583.67,4%,148.4988981,215.3316384,0
February,370,14,0,2019.51,27.4269899,55583.67,4%,130.304986,654.1943488,0
March,370,3,5,2019.51,28.01246095,55583.67,4%,258.0544123,433.4766062,0
April,370,8,6,2019.51,34.13824026,55583.67,4%,,286.794869,1
May,370,8,0,2019.51,23.76400718,55583.67,4%,394.5478462,367.2755468,0
June,370,3,3,2019.51,36.21344473,55583.67,4%,,376.0323897,0
January,371,8,8,51.39,37.50992953,72252.36,0%,580.0378686,323.8908874,1
February,371,8,5,51.39,28.6399751,72252.36,0%,90.77576851,384.2184563,0
March,371,3,0,51.39,26.34579075,72252.36,0%,124.4990063,363.7444651,0
April,371,8,0,51.39,27.74624012,72252.36,0%,46.31600978,185.4675456,0
May,371,12,-1,51.39,37.35689095,72252.36,0%,249.6274608,1052.316725,0
June,371,12,1,51.39,35.18634728,72252.36,0%,334.5985912,693.3670589,0
January,372,12,0,516.76,26.31384489,30399.06,2%,171.6617411,826.441373,0
February,372,12,0,516.76,37.71148,30399.06,2%,10000,336.4416059,0
March,372,8,0,516.76,36.87001366,30399.06,2%,153.0156991,1071.972849,0
April,372,9,2,516.76,25.98811276,30399.06,2%,143.0942779,1176.400285,0
May,372,12,0,516.76,24.81209137,30399.06,2%,120.5602597,938.2019893,0
June,372,12,0,516.76,27.05790876,30399.06,2%,52.75492104,539.9273599,0
January,373,25,20,2758.61,36.0250722,8365.075,33%,19.51340238,229.4778021,1
February,373,25,22,2758.61,26.91872166,8365.075,33%,42.75914404,174.8845056,1
March,373,25,20,2758.61,25.9507661,8365.075,33%,76.98085135,160.8689002,1
April,373,25,20,2758.61,32.25671634,8365.075,33%,55.57627661,199.8773098,1
May,373,25,20,2758.61,33.19469964,8365.075,33%,48.85033329,198.7151616,1
June,373,24,21,2758.61,25.91028633,8365.075,33%,95.00717972,120.0000506,1
January,374,24,0,933.84,33.24614847,133410.66,1%,,236.9476556,0
February,374,27,0,933.84,43.54308077,133410.66,1%,190.1812102,242.9041727,0
March,374,46,11,933.84,30.86749727,133410.66,1%,10000,315.6995752,1
April,374,46,12,933.84,43.41734758,133410.66,1%,147.8499442,328.11511,1
May,374,46,11,933.84,43.52791792,133410.66,1%,,330.6517732,1
June,374,46,9,933.84,38.28849615,133410.66,1%,298.5142111,283.0411103,1
January,375,49,14,1297.12,32.05801381,19167.04,7%,132.9557607,297.7931774,1
February,375,46,11,1297.12,31.77120746,19167.04,7%,111.484906,353.5211359,1
March,375,41,0,1297.12,30.97203915,19167.04,7%,,273.5231084,1
April,375,46,0,1297.12,26.86735083,19167.04,7%,133.7620303,322.2864238,1
May,375,18,22,1297.12,39.31634346,19167.04,7%,149.3106987,0,1
June,375,18,22,1297.12,33.7285291,19167.04,7%,45.72732662,371.3385246,1
,,,,,,,,,151.1297727,
,,,,,,,,,313.0024752,
,,,,,,,,,386.4135092,
,,,,,,,,,174.5272311,
,,,,,,,,,14.0301294,
,,,,,,,,,382.6475068,
,,,,,,,,,145.8182474,
,,,,,,,,,155.0988253,
,,,,,,,,,197.3522932,
,,,,,,,,,228.6913044,
,,,,,,,,,243.1860301,
,,,,,,,,,111.2062768,
,,,,,,,,,114.4688114,
,,,,,,,,,225.369594,
,,,,,,,,,317.5417948,
,,,,,,,,,308.3123259,
,,,,,,,,,291.6384413,
,,,,,,,,,273.019047,
,,,,,,,,,253.1375967,
,,,,,,,,,253.97409,
,,,,,,,,,282.9646142,
,,,,,,,,,280.6053529,
,,,,,,,,,324.1614552,
,,,,,,,,,325.8977333,
,,,,,,,,,367.9039477,
,,,,,,,,,490.0856171,
,,,,,,,,,298.1521389,
,,,,,,,,,229.7081641,
,,,,,,,,,451.5099565,
,,,,,,,,,451.5341933,
,,,,,,,,,431.1321379,
,,,,,,,,,531.3997051,
,,,,,,,,,541.4124719,
,,,,,,,,,445.4817691,
,,,,,,,,,418.6393417,
,,,,,,,,,148.8596481,
,,,,,,,,,548.2718064,
,,,,,,,,,301.8963381,
,,,,,,,,,476.3728424,
,,,,,,,,,122.2050832,
,,,,,,,,,487.5724586,
,,,,,,,,,489.6317773,
,,,,,,,,,292.9082294,
,,,,,,,,,445.8645458,
,,,,,,,,,464.6613338,
,,,,,,,,,471.3693537,
,,,,,,,,,308.192603,
,,,,,,,,,305.2226348,
,,,,,,,,,342.9247919,
,,,,,,,,,290.9984156,
,,,,,,,,,286.4248258,
,,,,,,,,,221.9824631,
,,,,,,,,,276.6456064,
,,,,,,,,,138.1197809,
,,,,,,,,,302.6648912,
,,,,,,,,,366.0892891,
,,,,,,,,,212.4776154,
,,,,,,,,,228.3334139,
,,,,,,,,,97.01318539,
,,,,,,,,,368.253535,
,,,,,,,,,399.3503434,
,,,,,,,,,354.3406347,
,,,,,,,,,251.6114873,
,,,,,,,,,304.5859595,
,,,,,,,,,314.806753,
,,,,,,,,,240.5030786,
,,,,,,,,,230.4110426,
,,,,,,,,,294.1390157,
,,,,,,,,,296.9929054,
,,,,,,,,,262.4355884,
,,,,,,,,,95.68184031,
,,,,,,,,,610.168789,
,,,,,,,,,611.6936091,
,,,,,,,,,651.7997819,
,,,,,,,,,570.008178,
,,,,,,,,,693.9247303,
,,,,,,,,,599.7287426,
,,,,,,,,,467.1765504,
,,,,,,,,,576.5631508,
,,,,,,,,,367.6616286,
,,,,,,,,,533.0486318,
,,,,,,,,,259.8231174,
,,,,,,,,,227.0938125,
,,,,,,,,,198.4258216,
,,,,,,,,,439.1418379,
,,,,,,,,,191.2614002,
,,,,,,,,,375.9376146,
,,,,,,,,,381.9065937,
,,,,,,,,,139.7024842,
,,,,,,,,,396.08123,
,,,,,,,,,389.7916424,
,,,,,,,,,320.5206119,
,,,,,,,,,272.0767842,
,,,,,,,,,387.6491458,
,,,,,,,,,437.357348,
,,,,,,,,,414.5816546,
,,,,,,,,,320.7384717,
,,,,,,,,,402.4606752,
,,,,,,,,,419.2541048,
,,,,,,,,,224.2355293,
,,,,,,,,,449.4382702,
,,,,,,,,,421.6835069,
,,,,,,,,,942.2705906,
,,,,,,,,,0,
,,,,,,,,,0,
,,,,,,,,,1018.668802,
,,,,,,,,,471.8725457,
,,,,,,,,,642.3813108,
,,,,,,,,,0,
,,,,,,,,,1082.382075,
,,,,,,,,,676.7031265,
,,,,,,,,,414.4336655,
,,,,,,,,,307.4248023,
,,,,,,,,,650.9440645,
,,,,,,,,,350.3559758,
,,,,,,,,,158.386456,
,,,,,,,,,718.8165259,
,,,,,,,,,370.9140552,
,,,,,,,,,216.5773472,
,,,,,,,,,369.2968749,
,,,,,,,,,288.2236119,
,,,,,,,,,223.1606946,
,,,,,,,,,274.0838556,
,,,,,,,,,361.6980389,
,,,,,,,,,283.4650606,
,,,,,,,,,359.2306035,
,,,,,,,,,0.908145844,
,,,,,,,,,287.4128682,
,,,,,,,,,1114.890922,
,,,,,,,,,1188.894505,
,,,,,,,,,1001.749226,
,,,,,,,,,666.4316339,
,,,,,,,,,1033.173395,
,,,,,,,,,0,
,,,,,,,,,235.4282349,
,,,,,,,,,433.4141716,
,,,,,,,,,573.4576169,
,,,,,,,,,560.68777,
,,,,,,,,,563.6384449,
,,,,,,,,,495.5625,
,,,,,,,,,582.6655546,
,,,,,,,,,510.3418935,
,,,,,,,,,209.4025731,
,,,,,,,,,317.2052304,
,,,,,,,,,300.8054684,
,,,,,,,,,278.4495815,
,,,,,,,,,294.1081082,
,,,,,,,,,304.5554543,
,,,,,,,,,238.2587481,
,,,,,,,,,283.9897658,
,,,,,,,,,436.1435189,
,,,,,,,,,562.9141658,
,,,,,,,,,910.7841764,
,,,,,,,,,884.2136583,
,,,,,,,,,803.8883969,
,,,,,,,,,610.3305747,
,,,,,,,,,808.3087251,
,,,,,,,,,671.8993863,
,,,,,,,,,846.8766195,
,,,,,,,,,897.7089303,
,,,,,,,,,797.539947,
,,,,,,,,,426.9909687,
,,,,,,,,,717.802272,
,,,,,,,,,533.1078861,
,,,,,,,,,835.0066903,
,,,,,,,,,855.4053631,
,,,,,,,,,327.1006707,
,,,,,,,,,391.7191049,
,,,,,,,,,195.9407533,
,,,,,,,,,352.9486096,
,,,,,,,,,465.5938384,
,,,,,,,,,154.2247342,
,,,,,,,,,492.3132929,
,,,,,,,,,478.5949932,
,,,,,,,,,314.5768861,
,,,,,,,,,174.3434014,
,,,,,,,,,663.8219601,
,,,,,,,,,331.3687451,
,,,,,,,,,604.1404247,
,,,,,,,,,213.715059,
,,,,,,,,,385.7513995,
,,,,,,,,,262.2267803,
,,,,,,,,,493.3689687,
,,,,,,,,,479.0111969,
,,,,,,,,,0,
,,,,,,,,,98.07837174,
,,,,,,,,,263.7883286,
,,,,,,,,,169.7996354,
,,,,,,,,,390.5967034,
,,,,,,,,,448.6185493,
,,,,,,,,,3.512807587,
,,,,,,,,,225.5853114,
,,,,,,,,,211.9745541,
,,,,,,,,,340.7890567,
,,,,,,,,,253.3965917,
,,,,,,,,,259.6907868,
,,,,,,,,,338.0637158,
,,,,,,,,,326.5749064,
,,,,,,,,,446.4563437,
,,,,,,,,,429.6077099,
,,,,,,,,,95.63665782,
,,,,,,,,,420.8719768,
,,,,,,,,,321.199407,
,,,,,,,,,334.8593526,
,,,,,,,,,406.8569022,
,,,,,,,,,345.9639848,
,,,,,,,,,335.7402473,
,,,,,,,,,186.3521003,
,,,,,,,,,347.7297317,
,,,,,,,,,258.1306176,
,,,,,,,,,204.6459415,
,,,,,,,,,208.6146586,
,,,,,,,,,236.107501,
,,,,,,,,,255.3910486,
,,,,,,,,,309.8095381,
,,,,,,,,,322.3440628,
,,,,,,,,,301.8503167,
,,,,,,,,,271.8899828,
,,,,,,,,,290.8488285,
,,,,,,,,,271.7189587,
,,,,,,,,,300.3540038,
,,,,,,,,,320.4799015,
,,,,,,,,,263.3160242,
,,,,,,,,,160.2203346,
,,,,,,,,,212.6793016,
,,,,,,,,,244.2338392,
,,,,,,,,,242.1252953,
,,,,,,,,,277.4233671,
,,,,,,,,,237.5203958,
,,,,,,,,,287.9321334,
,,,,,,,,,265.3758638,
,,,,,,,,,509.7398056,
,,,,,,,,,594.5340735,
,,,,,,,,,571.4636515,
,,,,,,,,,349.7271346,
,,,,,,,,,454.3017589,
,,,,,,,,,554.7107025,
,,,,,,,,,549.3941955,
,,,,,,,,,338.8582604,
,,,,,,,,,284.8232874,
,,,,,,,,,307.2962081,
,,,,,,,,,297.5596777,
,,,,,,,,,252.3975221,
,,,,,,,,,317.1622445,
,,,,,,,,,214.7173465,
,,,,,,,,,325.0448868,
,,,,,,,,,576.8307456,
,,,,,,,,,635.9621266,
,,,,,,,,,474.3215845,
,,,,,,,,,337.6810925,
,,,,,,,,,398.8138621,
,,,,,,,,,142.1227794,
,,,,,,,,,597.7721773,
,,,,,,,,,631.4163453,
,,,,,,,,,308.7698626,
,,,,,,,,,250.6535995,
,,,,,,,,,236.702012,
,,,,,,,,,283.5402211,
,,,,,,,,,267.8529144,
,,,,,,,,,250.4592858,
,,,,,,,,,266.5804487,
,,,,,,,,,225.6298412,
,,,,,,,,,495.1370181,
,,,,,,,,,389.4009503,
,,,,,,,,,364.3828943,
,,,,,,,,,466.4893657,
,,,,,,,,,468.8267141,
,,,,,,,,,526.943637,
,,,,,,,,,493.9925727,
,,,,,,,,,472.2431749,
,,,,,,,,,289.5878614,
,,,,,,,,,362.7206996,
,,,,,,,,,492.8741035,
,,,,,,,,,27.73692894,
,,,,,,,,,292.8481046,
,,,,,,,,,149.9906632,
,,,,,,,,,181.9103348,
,,,,,,,,,450.4249447,
,,,,,,,,,340.9847242,
,,,,,,,,,392.2362104,
,,,,,,,,,378.4381926,
,,,,,,,,,399.4824664,
,,,,,,,,,391.5825462,
,,,,,,,,,330.3708599,
,,,,,,,,,361.7819179,
,,,,,,,,,342.5912427,
,,,,,,,,,373.1148054,
,,,,,,,,,413.1957186,
,,,,,,,,,834.726965,
,,,,,,,,,527.3854257,
,,,,,,,,,867.2392934,
,,,,,,,,,870.3392748,
,,,,,,,,,507.7889959,
,,,,,,,,,952.8537241,
,,,,,,,,,1400.976936,
,,,,,,,,,1214.033407,
,,,,,,,,,1435.343616,
,,,,,,,,,1315.904482,
,,,,,,,,,1072.552925,
,,,,,,,,,975.5182045,
,,,,,,,,,425.3149136,
,,,,,,,,,1088.021166,
,,,,,,,,,900.1594334,
,,,,,,,,,976.3452876,
,,,,,,,,,921.0405951,
,,,,,,,,,916.8094796,
,,,,,,,,,1050.229843,
,,,,,,,,,1047.714202,
,,,,,,,,,1015.095314,
,,,,,,,,,773.5278023,
,,,,,,,,,338.3225064,
,,,,,,,,,274.9708199,
,,,,,,,,,234.3401401,
,,,,,,,,,340.463758,
,,,,,,,,,267.8085301,
,,,,,,,,,240.5812022,
,,,,,,,,,336.7202007,
,,,,,,,,,222.310543,
,,,,,,,,,399.66822,
,,,,,,,,,376.4907663,
,,,,,,,,,377.5424273,
,,,,,,,,,351.6218484,
,,,,,,,,,358.7900443,
,,,,,,,,,213.0538605,
,,,,,,,,,287.84014,
,,,,,,,,,205.0832365,
,,,,,,,,,525.5903611,
,,,,,,,,,539.6447358,
,,,,,,,,,577.3116071,
,,,,,,,,,526.9730806,
,,,,,,,,,271.6498035,
,,,,,,,,,378.4195079,
,,,,,,,,,533.3768712,
,,,,,,,,,276.125526,
,,,,,,,,,259.4156512,
,,,,,,,,,268.581784,
,,,,,,,,,258.3055797,
,,,,,,,,,268.0105883,
,,,,,,,,,277.3574516,
,,,,,,,,,265.5594757,
,,,,,,,,,232.0512463,
,,,,,,,,,264.0220509,
,,,,,,,,,886.2938642,
,,,,,,,,,150.3694199,
,,,,,,,,,161.4465826,
,,,,,,,,,996.322784,
,,,,,,,,,901.1883731,
,,,,,,,,,740.2401413,
,,,,,,,,,1055.122263,
,,,,,,,,,106.3374433,
,,,,,,,,,575.1838457,
,,,,,,,,,368.4515157,
,,,,,,,,,651.4524581,
,,,,,,,,,532.8750022,
,,,,,,,,,516.0013735,
,,,,,,,,,238.8529063,
,,,,,,,,,385.6749232,
,,,,,,,,,547.0031597,
,,,,,,,,,276.4873853,
,,,,,,,,,150.7336433,
,,,,,,,,,183.0204618,
,,,,,,,,,292.8727935,
,,,,,,,,,0,
,,,,,,,,,0,
,,,,,,,,,223.0670231,
,,,,,,,,,305.1341097,
,,,,,,,,,0,
,,,,,,,,,761.8086747,
,,,,,,,,,724.7405078,
,,,,,,,,,829.8620839,
,,,,,,,,,771.3344277,
,,,,,,,,,500.8262634,
,,,,,,,,,431.3853504,
,,,,,,,,,694.9608165,
,,,,,,,,,338.3240952,
,,,,,,,,,138.9406535,
,,,,,,,,,240.3382907,
,,,,,,,,,308.2985357,
,,,,,,,,,201.2312665,
,,,,,,,,,61.38328711,
,,,,,,,,,0,
,,,,,,,,,285.6470238,
,,,,,,,,,306.8000505,
,,,,,,,,,320.5729905,
,,,,,,,,,278.3735679,
,,,,,,,,,313.7055075,
,,,,,,,,,308.919177,
,,,,,,,,,268.0188452,
,,,,,,,,,244.8037011,
,,,,,,,,,264.7785032,
,,,,,,,,,255.1561363,
,,,,,,,,,187.2364804,
,,,,,,,,,176.509266,
,,,,,,,,,248.0052835,
,,,,,,,,,182.6732914,
,,,,,,,,,205.4812766,
,,,,,,,,,251.9865604,
,,,,,,,,,188.6805109,
,,,,,,,,,196.2759976,
,,,,,,,,,301.4317189,
,,,,,,,,,0,
,,,,,,,,,87.28171557,
,,,,,,,,,363.6384021,
,,,,,,,,,210.4598003,
,,,,,,,,,303.8670597,
,,,,,,,,,321.0683099,
,,,,,,,,,227.5341807,
,,,,,,,,,330.1923981,
,,,,,,,,,204.2502672,
,,,,,,,,,320.8893454,
,,,,,,,,,319.700394,
,,,,,,,,,304.9012119,
,,,,,,,,,295.4257296,
,,,,,,,,,292.2150562,
,,,,,,,,,260.4339722,
,,,,,,,,,317.101109,
,,,,,,,,,289.2886995,
,,,,,,,,,232.4558644,
,,,,,,,,,333.4204666,
,,,,,,,,,313.7364226,
,,,,,,,,,315.3674372,
,,,,,,,,,327.9653661,
,,,,,,,,,291.3115014,
,,,,,,,,,228.0669178,
,,,,,,,,,270.6896845,
,,,,,,,,,232.546387,
,,,,,,,,,222.76427,
,,,,,,,,,285.5364307,
,,,,,,,,,316.7005795,
,,,,,,,,,265.4562698,
,,,,,,,,,383.7326469,
,,,,,,,,,408.1701165,
,,,,,,,,,650.8677525,
,,,,,,,,,207.4432184,
,,,,,,,,,865.9810775,
,,,,,,,,,644.8773877,
,,,,,,,,,585.689871,
,,,,,,,,,889.5620464,
,,,,,,,,,259.0623706,
,,,,,,,,,306.6031886,
,,,,,,,,,306.7283516,
,,,,,,,,,305.7903075,
,,,,,,,,,316.555868,
,,,,,,,,,269.1300061,
,,,,,,,,,295.7769227,
,,,,,,,,,234.8128227,
,,,,,,,,,395.8555268,
,,,,,,,,,582.7345197,
,,,,,,,,,1109.502298,
,,,,,,,,,543.4455425,
,,,,,,,,,1105.503418,
,,,,,,,,,378.2651484,
,,,,,,,,,974.4984671,
,,,,,,,,,1009.871595,
,,,,,,,,,425.0533,
,,,,,,,,,476.6012845,
,,,,,,,,,124.9928569,
,,,,,,,,,348.0691309,
,,,,,,,,,463.7002318,
,,,,,,,,,368.8193641,
,,,,,,,,,414.9954896,
,,,,,,,,,121.6248083,
,,,,,,,,,497.6263853,
,,,,,,,,,648.3814608,
,,,,,,,,,449.2768634,
,,,,,,,,,599.7979784,
,,,,,,,,,545.4176419,
,,,,,,,,,573.7720932,
,,,,,,,,,521.6720526,
,,,,,,,,,632.1765355,
,,,,,,,,,311.6806648,
,,,,,,,,,370.5490885,
,,,,,,,,,389.1236289,
,,,,,,,,,365.9076633,
,,,,,,,,,344.848797,
,,,,,,,,,210.9892272,
,,,,,,,,,337.763933,
,,,,,,,,,367.2030156,
,,,,,,,,,539.1020421,
,,,,,,,,,390.7198002,
,,,,,,,,,387.4014275,
,,,,,,,,,0,
,,,,,,,,,99.79467265,
,,,,,,,,,505.7412853,
,,,,,,,,,456.410433,
,,,,,,,,,428.5998364,
,,,,,,,,,281.1737899,
,,,,,,,,,265.0012033,
,,,,,,,,,248.6011003,
,,,,,,,,,229.9618382,
,,,,,,,,,154.8739725,
,,,,,,,,,259.0864146,
,,,,,,,,,236.9343332,
,,,,,,,,,149.2402478,
,,,,,,,,,528.0425777,
,,,,,,,,,596.848045,
,,,,,,,,,592.2862236,
,,,,,,,,,533.9971475,
,,,,,,,,,597.9648061,
,,,,,,,,,378.6019522,
,,,,,,,,,579.3237739,
,,,,,,,,,326.0093691,
,,,,,,,,,307.4983325,
,,,,,,,,,296.5542095,
,,,,,,,,,247.6213421,
,,,,,,,,,272.006834,
,,,,,,,,,288.8279771,
,,,,,,,,,288.0585048,
,,,,,,,,,303.4124448,
,,,,,,,,,266.8539653,
,,,,,,,,,268.4645345,
,,,,,,,,,213.7674567,
,,,,,,,,,267.3777389,
,,,,,,,,,208.2634451,
,,,,,,,,,248.6189532,
,,,,,,,,,243.9999035,
,,,,,,,,,266.7217462,
,,,,,,,,,251.2083428,
,,,,,,,,,444.0239323,
,,,,,,,,,439.1379404,
,,,,,,,,,476.0184035,
,,,,,,,,,525.7437168,
,,,,,,,,,410.9474272,
,,,,,,,,,268.1662389,
,,,,,,,,,460.1679071,
,,,,,,,,,371.9491061,
,,,,,,,,,329.414101,
,,,,,,,,,284.6826515,
,,,,,,,,,257.9801196,
,,,,,,,,,294.9084862,
,,,,,,,,,149.2837948,
,,,,,,,,,299.7164218,
,,,,,,,,,273.3896441,
,,,,,,,,,266.7549178,
,,,,,,,,,1258.124376,
,,,,,,,,,678.8696872,
,,,,,,,,,1212.351208,
,,,,,,,,,667.739797,
,,,,,,,,,1197.900179,
,,,,,,,,,1031.60792,
,,,,,,,,,478.8039977,
,,,,,,,,,1228.288151,
,,,,,,,,,887.49362,
,,,,,,,,,127.3258912,
,,,,,,,,,470.1755133,
,,,,,,,,,564.539625,
,,,,,,,,,816.0478129,
,,,,,,,,,723.9142698,
,,,,,,,,,939.9991625,
,,,,,,,,,871.2802133,
,,,,,,,,,203.3105222,
,,,,,,,,,0,
,,,,,,,,,184.9227058,
,,,,,,,,,462.5997177,
,,,,,,,,,228.8324026,
,,,,,,,,,0,
,,,,,,,,,481.6632314,
,,,,,,,,,445.3851274,
,,,,,,,,,301.1851762,
,,,,,,,,,207.341207,
,,,,,,,,,283.5036765,
,,,,,,,,,308.8293131,
,,,,,,,,,258.5215639,
,,,,,,,,,229.5809719,
,,,,,,,,,261.7751491,
,,,,,,,,,268.2853405,
,,,,,,,,,324.4319917,
,,,,,,,,,425.0765377,
,,,,,,,,,370.603775,
,,,,,,,,,399.5529289,
,,,,,,,,,358.3089889,
,,,,,,,,,371.4298399,
,,,,,,,,,271.5040846,
,,,,,,,,,385.4078328,
,,,,,,,,,427.016439,
,,,,,,,,,331.2618252,
,,,,,,,,,481.5491488,
,,,,,,,,,487.6224977,
,,,,,,,,,465.0813822,
,,,,,,,,,469.5356394,
,,,,,,,,,375.5482938,
,,,,,,,,,459.8454852,
,,,,,,,,,402.931197,
,,,,,,,,,250.5343342,
,,,,,,,,,220.9112812,
,,,,,,,,,302.1196408,
,,,,,,,,,399.6615306,
,,,,,,,,,371.7820482,
,,,,,,,,,358.4339443,
,,,,,,,,,361.9159554,
,,,,,,,,,564.2710253,
,,,,,,,,,571.4290636,
,,,,,,,,,658.8167139,
,,,,,,,,,586.7011305,
,,,,,,,,,656.9831414,
,,,,,,,,,592.6156332,
,,,,,,,,,485.4371842,
,,,,,,,,,625.0936069,
,,,,,,,,,355.0385761,
,,,,,,,,,861.8670689,
,,,,,,,,,759.7442297,
,,,,,,,,,738.407783,
,,,,,,,,,282.0614224,
,,,,,,,,,851.886547,
,,,,,,,,,694.7564307,
,,,,,,,,,695.2374099,
,,,,,,,,,300.1300294,
,,,,,,,,,320.7813979,
,,,,,,,,,311.2854616,
,,,,,,,,,344.2883223,
,,,,,,,,,284.3248997,
,,,,,,,,,301.9011213,
,,,,,,,,,251.8505451,
,,,,,,,,,282.6637979,
,,,,,,,,,226.1654724,
,,,,,,,,,284.8411354,
,,,,,,,,,292.9932042,
,,,,,,,,,286.609244,
,,,,,,,,,212.5472462,
,,,,,,,,,286.6704716,
,,,,,,,,,263.1805529,
,,,,,,,,,262.3824252,
,,,,,,,,,156.1439445,
,,,,,,,,,214.8306521,
,,,,,,,,,265.8229746,
,,,,,,,,,205.1160404,
,,,,,,,,,247.5612559,
,,,,,,,,,206.7694907,
,,,,,,,,,209.7091589,
,,,,,,,,,220.2461864,
,,,,,,,,,281.4684904,
,,,,,,,,,287.8474055,
,,,,,,,,,318.1611339,
,,,,,,,,,232.4892883,
,,,,,,,,,282.8208802,
,,,,,,,,,311.1422181,
,,,,,,,,,269.5588199,
,,,,,,,,,280.4735523,
,,,,,,,,,351.4866369,
,,,,,,,,,487.4438933,
,,,,,,,,,442.9648922,
,,,,,,,,,243.393037,
,,,,,,,,,392.1202497,
,,,,,,,,,391.1111929,
,,,,,,,,,433.0310262,
,,,,,,,,,368.0191741,
,,,,,,,,,251.8129553,
,,,,,,,,,444.5664823,
,,,,,,,,,198.9742472,
,,,,,,,,,412.4443714,
,,,,,,,,,395.5719137,
,,,,,,,,,383.2951341,
,,,,,,,,,372.2655345,
,,,,,,,,,174.0451722,
,,,,,,,,,340.683593,
,,,,,,,,,288.300795,
,,,,,,,,,349.9208017,
,,,,,,,,,252.0267695,
,,,,,,,,,299.2364186,
,,,,,,,,,261.3863352,
,,,,,,,,,312.0567516,
,,,,,,,,,324.9324153,
,,,,,,,,,412.3643797,
,,,,,,,,,272.1952627,
,,,,,,,,,172.7218904,
,,,,,,,,,398.8914812,
,,,,,,,,,409.5198006,
,,,,,,,,,371.5301123,
,,,,,,,,,376.9108429,
,,,,,,,,,340.6408094,
,,,,,,,,,559.2738383,
,,,,,,,,,642.7022797,
,,,,,,,,,581.018237,
,,,,,,,,,456.7695059,
,,,,,,,,,555.5513804,
,,,,,,,,,282.4116562,
,,,,,,,,,158.4709047,
,,,,,,,,,577.5307826,
,,,,,,,,,1304.424612,
,,,,,,,,,816.891007,
,,,,,,,,,1303.67945,
,,,,,,,,,781.333005,
,,,,,,,,,1268.288024,
,,,,,,,,,1534.963533,
,,,,,,,,,1528.885807,
,,,,,,,,,950.8257858,
,,,,,,,,,196.4790648,
,,,,,,,,,492.170509,
,,,,,,,,,693.6748062,
,,,,,,,,,638.2127677,
,,,,,,,,,600.2471708,
,,,,,,,,,498.4916863,
,,,,,,,,,406.1052587,
,,,,,,,,,545.3608814,
,,,,,,,,,326.1066101,
,,,,,,,,,338.3030909,
,,,,,,,,,264.3792517,
,,,,,,,,,343.0735083,
,,,,,,,,,317.743399,
,,,,,,,,,342.144219,
,,,,,,,,,282.0387443,
,,,,,,,,,271.3734155,
,,,,,,,,,543.4643534,
,,,,,,,,,531.6582654,
,,,,,,,,,443.9088391,
,,,,,,,,,381.4997543,
,,,,,,,,,307.4154053,
,,,,,,,,,409.9088772,
,,,,,,,,,91.71578965,
,,,,,,,,,530.2161102,
,,,,,,,,,178.7148294,
,,,,,,,,,627.9769295,
,,,,,,,,,594.2536917,
,,,,,,,,,672.4366883,
,,,,,,,,,499.1252372,
,,,,,,,,,424.1541068,
,,,,,,,,,607.3574572,
,,,,,,,,,586.3989315,
,,,,,,,,,293.6355047,
,,,,,,,,,173.6542994,
,,,,,,,,,282.2815467,
,,,,,,,,,292.2029679,
,,,,,,,,,334.7369861,
,,,,,,,,,372.5423248,
,,,,,,,,,180.9288238,
,,,,,,,,,201.1676299,
,,,,,,,,,278.1410661,
,,,,,,,,,304.8953245,
,,,,,,,,,270.6736171,
,,,,,,,,,292.0781919,
,,,,,,,,,278.8041352,
,,,,,,,,,252.6472888,
,,,,,,,,,302.7940678,
,,,,,,,,,293.9037094,
,,,,,,,,,738.3451769,
,,,,,,,,,1198.57429,
,,,,,,,,,933.6538646,
,,,,,,,,,1230.905556,
,,,,,,,,,1003.401463,
,,,,,,,,,1090.241289,
,,,,,,,,,1154.040317,
,,,,,,,,,880.5197191,
,,,,,,,,,250.434121,
,,,,,,,,,281.9049757,
,,,,,,,,,272.9113971,
,,,,,,,,,259.6278514,
,,,,,,,,,244.079183,
,,,,,,,,,317.6625551,
,,,,,,,,,266.6009107,
,,,,,,,,,322.9498612,
