Month,ID,Annual_Income,Monthly_Inhand_Salary,Interest_Rate,Delay_from_due_date,Num_of_Delayed_Payment,Outstanding_Debt,Credit_Utilization_Ratio,Amount_invested_monthly,Monthly_Balance
January,1,19114.12,1824.843333,3,3,7,809.98,26.82261962,80.41529544,312.4940887
February,1,19114.12,1824.843333,3,-1,7,809.98,31.94496006,118.2802216,284.6291625
March,1,19114.12,1824.843333,3,3,7,809.98,28.60935202,81.69952126,331.2098629
April,1,19114.12,1824.843333,3,5,4,809.98,31.37786187,199.4580744,223.4513097
May,1,19114.12,1824.843333,3,6,4,809.98,24.79734691,41.42015309,341.489231
June,1,19114.12,1824.843333,3,8,4,809.98,27.26225871,62.43017233,340.4792118
January,2,34847.84,3037.986667,6,3,8,605.03,24.46403064,104.2918252,470.6906269
February,2,34847.84,3037.986667,6,3,6,605.03,38.55084843,40.39123783,484.5912143
March,2,34847.84,3037.986667,6,3,4,605.03,33.22495079,58.5159757,466.4664764
April,2,34847.84,3037.986667,6,7,1,605.03,39.18265566,99.30622796,465.6762241
May,2,34847.84,3037.986667,6,3,-1,605.03,34.97789475,130.1154202,444.8670319
June,2,34847.84,3037.986667,6,3,3,605.03,33.3810102,43.47719014,481.5052619
January,3,143162.64,12187.22,8,3,1,1303.01,28.61673482,168.4137027,1043.315978
February,3,143162.64,12187.22,8,3,0,1303.01,41.70257342,232.8603838,998.8692968
March,3,143162.64,12187.22,8,3,4,1303.01,26.51981539,10000,715.7413674
April,3,143162.64,12187.22,8,3,4,1303.01,39.50164811,825.2162699,426.5134106
May,3,143162.64,12187.22,8,5,8,1303.01,31.37614957,430.9475279,810.7821527
June,3,143162.64,12187.22,8,13,6,1303.01,39.78399346,257.8080994,963.9215811
January,4,30689.89,2612.490833,4,8,7,632.46,26.54422872,81.22885871,433.604773
February,4,30689.89,2612.490833,4,8,5,632.46,35.27998178,124.8818199,409.9518118
March,4,30689.89,2612.490833,4,10,5,632.46,32.30116343,83.4065088,411.4271229
April,4,30689.89,2612.490833,4,8,6,632.46,38.13234819,272.3340374,262.4995943
May,4,30689.89,2612.490833,4,8,6,632.46,41.15431655,10000,359.3749155
June,4,30689.89,2612.490833,4,8,6,632.46,27.44542179,84.95284817,419.8807835
January,5,35547.71,2853.309167,5,0,6,943.86,39.79776423,276.7253943,288.6055223
February,5,35547.71,2853.309167,5,5,3,943.86,27.02036025,74.44364105,460.8872756
March,5,35547.71,2853.309167,5,3,9,943.86,23.46230304,173.138651,392.1922657
April,5,35547.71,2853.309167,5,7,6,943.86,28.92495378,96.78548509,438.5454316
May,5,35547.71,2853.309167,5,5,6,943.86,41.77618715,62.72327834,482.6076383
June,5,35547.71,2853.309167,5,5,6,943.86,29.21755633,37.64363789,497.6872788
January,6,73928.46,5988.705,8,5,0,548.2,39.96268501,98.67440994,740.1960901
February,6,73928.46,5988.705,8,4,9,548.2,42.7698644,172.9392145,705.9312855
March,6,73928.46,5988.705,8,5,12,548.2,40.71218653,150.0597343,698.8107657
April,6,73928.46,5988.705,8,9,12,548.2,30.20165771,618.2023913,270.6681087
May,6,73928.46,5988.705,8,5,12,548.2,26.33331043,177.9518357,690.9186643
June,6,73928.46,5988.705,8,1,15,548.2,35.27543652,235.790325,633.080175
January,7,131313.4,11242.78333,8,9,17,352.16,32.200509,378.1712535,858.4624744
February,7,131313.4,11242.78333,8,5,15,352.16,31.98371001,698.8732707,547.7604572
March,7,131313.4,10469.20776,8,10,15,352.16,31.8031345,188.0643211,1038.569407
April,7,131313.4,10469.20776,8,1,15,352.16,42.6457849,337.4349563,899.1987716
May,7,131313.4,10469.20776,8,12,10,352.16,40.90251715,263.3789089,963.254819
June,7,131313.4,10469.20776,8,8,7,352.16,41.98016961,86.56638801,1140.06734
January,8,34081.38,2611.115,15,8,7,1704.18,24.44806275,162.4410092,298.1921581
February,8,34081.38,2611.115,15,8,7,1704.18,35.17116002,38.43698276,392.1961846
March,8,34081.38,2611.115,15,11,7,1704.18,35.11155247,199.7207655,260.9124018
April,8,34081.38,2611.115,15,7,7,1704.18,29.76215931,220.5521919,260.0809754
May,8,34081.38,2611.115,15,8,4,1704.18,30.20621422,0,397.2283547
June,8,34081.38,2611.115,15,8,7,1704.18,31.17087232,0,410.6743661
January,9,114838.41,9843.8675,7,0,3,1377.74,33.66455429,215.1935159,802.3004421
February,9,114838.41,9843.8675,7,-1,2,1377.74,27.62632549,212.2356022,785.2583559
March,9,114838.41,9843.8675,7,0,3,1377.74,35.1415673,470.3857957,547.1081624
April,9,114838.41,9843.8675,7,0,2,1377.74,30.45903184,225.0820495,772.4119086
May,9,114838.41,9843.8675,7,0,4,1377.74,29.81918663,649.8093642,367.6845939
June,9,114838.41,9843.8675,7,0,4,1377.74,26.11421387,546.3805705,491.1133876
January,10,31370.8,2825.233333,12,0,2,421.43,29.51935256,154.3527811,341.5544232
February,10,31370.8,2825.233333,12,0,2,421.43,28.22048096,298.7444693,227.1627349
March,10,31370.8,2825.233333,12,30,11,421.43,31.04641791,140.820696,375.0865083
April,10,31370.8,2825.233333,12,30,14,421.43,30.1680304,233.6055264,292.3016778
May,10,31370.8,2825.233333,12,31,14,421.43,25.18923173,184.7005716,341.2066326
June,10,31370.8,2825.233333,12,34,14,421.43,25.50246855,137.7174249,378.1897794
January,11,33751.27,2948.605833,20,27,14,1328.93,37.08907565,117.3066971,362.5457119
February,11,33751.27,2948.605833,20,30,14,1328.93,30.90808063,70.13107792,399.7213311
March,11,33751.27,2948.605833,20,30,11,1328.93,38.03072168,270.1825822,229.6698268
April,11,33751.27,2948.605833,20,30,14,1328.93,23.40441278,25.19256191,444.6598471
May,11,33751.27,2948.605833,20,13,11,1328.93,29.07375818,243.3296848,276.5227243
June,11,33751.27,2948.605833,20,14,8,1328.93,32.78263673,72.86008181,406.9923272
January,12,88640.24,7266.686667,1,11,11,950.36,28.21061721,98.93176402,732.5635317
February,12,88640.24,7266.686667,1,11,14,950.36,41.03616828,157.1747883,674.3205074
March,12,88640.24,7266.686667,1,11,11,950.36,34.67019438,298.1889115,543.3063842
April,12,88640.24,7266.686667,1,13,14,950.36,31.82853557,0,86.63611983
May,12,88640.24,7266.686667,1,11,0,950.36,34.70283693,279.6186221,561.8766736
June,12,88640.24,7266.686667,1,11,11,950.36,38.32363895,686.1262166,195.3690791
January,13,54392.16,4766.68,14,4,0,179.22,25.64924607,243.7354374,378.5404802
February,13,54392.16,4766.68,14,2,0,179.22,29.40877528,142.7518641,459.5240535
March,13,54392.16,4766.68,14,-2,0,179.22,31.25892847,33.34956859,558.926349
April,13,54392.16,4766.68,14,1,0,179.22,27.19258741,494.8422277,147.4336899
May,13,54392.16,4766.68,14,1,0,179.22,34.59532446,233.1184454,409.1574722
June,13,54392.16,4766.68,14,1,0,179.22,23.1950254,635.1465605,7.129357074
January,14,8701.545,519.12875,32,-1,2,2602.69,24.52316385,13.06620992,272.2984679
February,14,8701.545,519.12875,32,-2,2,2602.69,39.9025176,34.71516394,250.6495139
March,14,8701.545,519.12875,32,16,20,2602.69,36.47591386,45.65097554,239.7137023
April,14,8701.545,519.12875,32,16,20,2602.69,32.09749228,20.39018388,284.974494
May,14,8701.545,519.12875,32,16,20,2602.69,37.16937449,50.4869522,254.8777256
June,14,8701.545,519.12875,32,17,22,2602.69,28.57003141,52.93161341,242.4330644
January,15,25546.26,2415.855,14,16,20,758.44,37.41820917,53.10459911,337.1522635
February,15,25546.26,2415.855,14,16,20,758.44,29.71137554,300.3232317,129.933631
March,15,25546.26,2415.855,14,16,20,758.44,25.41361674,91.21658676,319.0402759
April,15,25546.26,2415.855,14,16,17,758.44,35.94627822,83.71475049,306.5421121
May,15,25546.26,2415.855,14,-1,0,758.44,28.27742001,311.9993475,118.2575152
June,15,25546.26,2415.855,14,4,2,758.44,34.58659949,61.73074847,338.5261142
January,16,31993.78,2942.148333,7,4,0,818.22,25.36959679,81.99883506,447.0747001
February,16,31993.78,2942.148333,7,4,2,818.22,37.95856941,10000,157.8698035
March,16,31993.78,2942.148333,7,4,2,818.22,27.38010905,264.2570885,274.8164466
April,16,31993.78,2942.148333,7,4,0,818.22,34.15826212,152.4523259,376.6212092
May,16,31993.78,2942.148333,7,4,2,818.22,30.7880388,43.47040867,455.6031264
June,16,31993.78,2942.148333,7,-1,0,818.22,34.28096872,112.7238874,396.3496477
January,17,92047.08,2942.148333,16,10,8,1296.64,37.11561494,154.6341231,854.5248769
February,17,92047.08,7591.59,16,10,10,1296.64,39.46775837,710.4953807,328.6636193
March,17,92047.08,7591.59,16,15,11,1296.64,27.79278836,175.4456227,823.7133773
April,17,92047.08,7591.59,16,10,7,1296.64,42.94468168,120.9075538,878.2514462
May,17,92047.08,7591.59,16,10,8,1296.64,34.35765024,78.71934549,920.4396545
June,17,92047.08,7591.59,16,10,8,1296.64,28.77693774,266.5850272,782.5739728
January,18,32284.62,2898.385,17,10,8,1283.37,28.94089259,254.8616151,211.9393246
February,18,32284.62,2898.385,17,10,8,1283.37,27.86131019,103.2103074,353.5906322
March,18,32284.62,2898.385,17,23,9,1283.37,27.88169704,35.79356841,391.0073712
April,18,32284.62,2898.385,17,23,9,1283.37,38.39455822,280.2182538,196.5826859
May,18,32284.62,2898.385,17,23,9,1283.37,33.23978443,154.0197492,292.7811904
June,18,32284.62,2898.385,17,22,7,1283.37,26.87446741,272.2735499,204.5273897
January,19,97791.42,8079.285,12,22,9,107.41,25.71557884,451.2465194,646.6819806
February,19,97791.42,8079.285,12,23,6,107.41,28.71120252,322.7203197,755.2081803
March,19,97791.42,8079.285,12,21,9,107.41,34.92287233,176.2642258,881.6642742
April,19,97791.42,8079.285,12,23,9,107.41,26.51363149,499.24502,588.68348
May,19,97791.42,8079.285,12,16,14,107.41,38.64911431,77.60922834,970.3192717
June,19,97791.42,8079.285,12,16,13,107.41,44.67688859,108.3039386,939.6245614
January,20,19300.34,1512.361667,17,16,10,2430.21,29.93418573,79.17641583,312.4876886
February,20,19300.34,1512.361667,17,16,10,2430.21,36.64120358,55.29821299,306.3658914
March,20,19300.34,1512.361667,17,16,13,2430.21,37.62486247,140.8185959,230.8455085
April,20,19300.34,1512.361667,17,16,10,2430.21,28.87038692,61.42802987,300.2360745
May,20,19300.34,1512.361667,17,16,14,2430.21,28.05884596,173.0425508,218.6215536
June,20,19300.34,1512.361667,17,15,13,2430.21,25.84779062,83.44744883,288.2166556
January,21,19514.88,1828.24,17,8,14,881.4,26.08454275,50.14372714,382.6802729
February,21,19514.88,1828.24,17,12,14,881.4,25.66585678,10000,381.8960652
March,21,19514.88,1828.24,17,8,14,881.4,33.66946005,43.31582446,389.5081755
April,21,19514.88,1828.24,17,8,14,881.4,34.50370724,45.38882031,387.4351797
May,21,19514.88,1828.24,17,8,14,881.4,41.1763842,168.3414629,304.4825371
June,21,19514.88,1828.24,17,8,14,881.4,38.78807246,151.3776398,321.4463602
January,22,10183.015,1074.584583,17,8,16,1672.43,25.95127289,14.62273924,295.2476463
February,22,10183.015,1074.584583,17,8,16,1672.43,32.38559762,92.36195002,267.5084355
March,22,10183.015,1074.584583,17,16,11,1672.43,23.73134791,91.88397194,267.9864136
April,22,10183.015,1074.584583,17,16,11,1672.43,27.61417778,46.81041575,283.0599697
May,22,10183.015,1074.584583,17,18,11,1672.43,32.29348991,65.83126164,294.0391239
June,22,10183.015,1074.584583,17,16,11,1672.43,25.10540255,73.89986104,285.9705245
January,23,106733.13,8873.4275,1,16,8,76.23,29.81589563,388.3603537,768.9823963
February,23,106733.13,8873.4275,1,16,13,76.23,28.10808629,807.2067768,370.1359732
March,23,106733.13,8873.4275,1,16,10,76.23,42.0704586,172.0328285,955.3099215
April,23,106733.13,8873.4275,1,16,11,76.23,25.84254794,644.2873937,513.0553563
May,23,106733.13,8873.4275,1,11,12,76.23,28.82055378,345.6091354,791.7336146
June,23,106733.13,8873.4275,1,11,12,76.23,31.7276036,0,913.0316547
January,24,12600.445,782.0370833,10,10,12,569.8,33.07588357,0,284.2982045
February,24,12600.445,782.0370833,10,11,12,569.8,38.15374126,103.1586179,238.9847429
March,24,12600.445,782.0370833,10,15,0,569.8,23.17983274,32.02630794,310.1170529
April,24,12600.445,782.0370833,10,11,12,569.8,28.81940706,31.14919791,300.9941629
May,24,12600.445,782.0370833,10,7,0,569.8,37.24021434,41.0826367,301.0607241
June,24,12600.445,782.0370833,10,13,12,569.8,36.52748004,48.00806666,294.1352941
January,25,57983.12,4720.926667,31,18,8,3532.83,32.32176946,265.7062119,295.9538413
February,25,57983.12,4720.926667,31,18,8,3532.83,37.87364187,193.8733754,327.7866778
March,25,57983.12,4720.926667,31,18,7,3532.83,37.81024309,534.3581784,27.30187488
April,25,57983.12,4720.926667,31,19,8,3532.83,32.56739684,197.6404955,324.0195577
May,25,57983.12,4720.926667,31,18,0,3532.83,37.28428974,205.2501523,356.409901
June,25,57983.12,4720.926667,31,16,8,3532.83,35.2573783,626.869242,
January,26,20787.69,1999.3075,14,18,8,614.6,23.72318578,10000,253.3256224
February,26,20787.69,1999.3075,14,18,8,614.6,34.23585268,82.62718037,345.081577
March,26,20787.69,1999.3075,14,52,0,614.6,22.80214523,110.1720956,337.5366617
April,26,20787.69,1999.3075,14,51,18,614.6,37.06719824,89.87484896,337.8339084
May,26,20787.69,1999.3075,14,48,19,614.6,29.33902944,155.460944,292.2478133
June,26,20787.69,1999.3075,14,51,19,614.6,30.44242522,28.63736094,369.0713964
January,27,34290.12,2697.51,25,51,19,2686.81,39.28029559,248.0699573,106.5690601
February,27,34290.12,2697.51,25,51,17,2686.81,27.03684229,10000,196.5585016
March,27,34290.12,2697.51,25,51,19,2686.81,29.01885043,60.58953609,274.0494813
April,27,34290.12,2697.51,25,53,19,2686.81,36.16398913,99.47477404,255.1642434
May,27,34290.12,2697.51,25,30,12,2686.81,33.84186604,330.0718422,44.56717524
June,27,34290.12,2697.51,25,30,14,2686.81,24.22255486,108.9469111,225.6921063
January,28,43070.24,3622.186667,18,30,12,1233.1,27.98070066,397.0022489,224.6403329
February,28,43070.24,3622.186667,18,30,12,1233.1,28.07129186,443.9186742,177.7239077
March,28,43070.24,3622.186667,18,30,12,1233.1,28.36116615,50.50914885,521.133433
April,28,43070.24,3622.186667,18,30,12,1233.1,24.33177176,74.92037487,506.722207
May,28,43070.24,3622.186667,18,30,15,1233.1,26.44753733,178.0953584,423.5472234
June,28,43070.24,3622.186667,18,26,11,1233.1,39.06984399,41.33398006,530.3086018
January,29,28572.39,2210.0325,15,48,18,400.07,24.42225068,42.85050715,348.5498224
February,29,28572.39,2210.0325,15,48,18,400.07,36.43787042,83.04420901,358.3561205
March,29,28572.39,2210.0325,15,48,23,400.07,29.3235169,53.48420329,347.9161262
April,29,28572.39,2210.0325,15,43,20,400.07,34.71456104,25.9934623,375.4068672
May,29,28572.39,2210.0325,15,51,20,400.07,37.50455238,61.62810913,339.7722204
June,29,28572.39,2210.0325,15,48,24,400.07,35.6939494,129.2648347,312.1354949
January,30,39641.54,3007.461667,25,52,21,2258.73,34.12570493,246.9150252,151.4486141
February,30,39641.54,3007.461667,25,48,21,2258.73,33.41459804,236.0775819,162.2860574
March,30,39641.54,3007.461667,25,10,8,2258.73,27.5728629,198.0421234,190.3215159
April,30,39641.54,3007.461667,25,5,7,2258.73,32.4134468,254.0211199,164.3425194
May,30,39641.54,3007.461667,25,2,6,2258.73,25.98322951,254.2603725,154.1032668
June,30,39641.54,3007.461667,25,5,7,2258.73,27.91283759,122.148451,296.2151883
January,31,20186.02,1684.168333,1,5,6,413.32,35.94290749,74.21434055,334.6679091
February,31,20186.02,1684.168333,1,5,6,413.32,32.93734626,42.61914207,336.2631075
March,31,20186.02,1684.168333,1,9,4,413.32,31.86173627,26.29047662,362.591773
April,31,20186.02,1684.168333,1,7,6,413.32,22.7435821,104.7238335,294.1584161
May,31,20186.02,1684.168333,1,28,19,413.32,39.06398122,138.8031575,270.0790921
June,31,586359,1684.168333,1,25,18,413.32,28.83634916,68.95672494,319.9255247
January,32,18627.64,1387.303333,19,25,16,1793.54,38.97966115,48.43998335,275.1508622
February,32,18627.64,1387.303333,19,25,18,1793.54,35.03034908,53.83325981,299.7575858
March,32,18627.64,1387.303333,19,20,19,1793.54,27.19720883,105.1491496,258.441696
April,32,18627.64,1387.303333,19,25,19,1793.54,35.91940493,75.7913889,277.7994567
May,32,18627.64,1387.303333,19,25,20,1793.54,25.5852052,24.34618841,289.2446572
June,32,18627.64,1387.303333,19,25,19,1793.54,35.706437,109.5920323,243.9988133
January,33,12986.745,959.22875,10,47,19,1489.49,26.32926887,16.28671936,312.9168554
February,33,12986.745,959.22875,10,53,21,1489.49,24.61461029,44.19300345,315.0105713
March,33,12986.745,959.22875,10,48,21,1489.49,26.15307798,47.26668051,311.9368943
April,33,12986.745,959.22875,10,48,21,1489.49,31.78179827,76.35527781,272.848297
May,33,12986.745,959.22875,10,48,21,1489.49,37.66150545,72.3465135,296.8570613
June,33,12986.745,959.22875,10,46,21,1489.49,26.5074745,111.2576305,257.9459443
January,34,58317,4664.75,9,49,21,98.97,40.41111483,109.4889496,467.088851
February,34,58317,4664.75,9,48,24,98.97,27.80691779,83.30040819,483.2773924
March,34,58317,4664.75,9,22,14,98.97,25.8321089,57.95122336,498.6265772
April,34,58317,4664.75,9,24,14,98.97,29.76610686,158.648276,407.9295246
May,34,58317,4664.75,9,22,14,98.97,34.19230439,180.8305734,415.7472272
June,34,58317,4664.75,9,22,12,98.97,24.6655252,98.88050778,467.6972928
January,35,42171.98,4664.75,10,22,14,556.91,33.47895197,56.71137669,466.9588769
February,35,42171.98,3764.331667,10,22,14,556.91,26.98611476,136.9830014,426.6872521
March,35,42171.98,3764.331667,10,23,14,556.91,40.15058277,97.56675631,446.1034972
April,35,42171.98,3764.331667,10,22,14,556.91,34.42998587,255.7658284,287.9044251
May,35,42171.98,3764.331667,10,52,10,556.91,31.74521339,150.313187,373.3570666
June,35,42171.98,3764.331667,10,47,10,556.91,29.46412058,82.51039863,451.1598549
January,36,71681.4,5799.45,15,52,6,1293.02,40.33902429,301.2920819,514.7294041
February,36,71681.4,5799.45,15,52,7,1293.02,29.68295387,137.3311426,638.6903434
March,36,71681.4,5799.45,15,52,12,1293.02,29.37139648,253.3197219,562.7017641
April,36,71681.4,5799.45,15,52,12,1293.02,33.04149896,120.890142,645.131344
May,36,71681.4,5799.45,15,52,12,1293.02,40.79113731,10000,358.0954
June,36,71681.4,5799.45,15,52,9,1293.02,34.98356207,414.8965494,391.1249366
January,37,29469.98,2227.831667,24,11,8,3421.66,24.63965803,59.82559612,363.272112
February,37,29469.98,2227.831667,24,13,8,3421.66,30.26841053,125.4917683,287.6059398
March,37,29469.98,2227.831667,24,15,8,3421.66,31.21226879,32.70665182,360.3910563
April,37,29469.98,2227.831667,24,11,8,3421.66,33.29865431,27.25079463,375.8469135
May,37,29469.98,2227.831667,24,10,8,3421.66,38.17731096,71.26438577,361.8333223
June,37,29469.98,2227.831667,24,8,8,3421.66,30.98699814,117.3103161,325.787392
January,38,72559.36,6284.613333,17,11,8,1173.7,23.28213511,565.7433853,116.8787774
February,38,72559.36,6284.613333,17,11,8,1173.7,38.35585257,205.72099,456.9011727
March,38,72559.36,6284.613333,17,25,12,1173.7,25.56009927,370.4699742,322.1521885
April,38,72559.36,6284.613333,17,25,9,1173.7,36.63682651,298.6987125,393.9234502
May,38,72559.36,6284.613333,17,28,10,1173.7,32.83357784,117.3102589,535.3119038
June,38,72559.36,6284.613333,17,25,14,1173.7,38.08037974,172.9621775,489.6599852
January,39,15566.02,1423.168333,32,25,12,1693.95,37.40993372,65.98658552,323.2597282
February,39,15566.02,1423.168333,32,25,11,1693.95,24.25102818,169.6209801,219.6253336
March,39,15566.02,1423.168333,32,25,13,1693.95,38.78765215,46.5766728,302.6696409
April,39,15566.02,1423.168333,32,25,12,1693.95,25.0380524,94.29931655,294.9469972
May,39,15566.02,1423.168333,32,61,13,1693.95,23.09179312,188.8661137,200.3802
June,39,15566.02,1423.168333,32,61,16,1693.95,31.33422002,131.6125215,257.6337922
January,40,66567.32,5800.276667,5,61,15,233.79,34.45627234,251.6474222,518.1908835
February,40,66567.32,5800.276667,5,61,16,233.79,32.34982187,542.0422096,217.7960961
March,40,66567.32,5800.276667,5,61,16,233.79,33.48684838,770.6964131,
April,40,66567.32,5800.276667,5,61,16,233.79,33.29385607,526.9189014,222.9194043
May,40,66567.32,5800.276667,5,61,14,233.79,26.54909964,149.525305,580.3130008
June,40,66567.32,5800.276667,5,61,13,233.79,28.10570447,66.77787002,663.0604358
January,41,12909.895,853.8245833,13,5,6,602.5,31.35686818,20.44668059,334.9357777
February,41,12909.895,853.8245833,13,5,6,602.5,38.33948756,67.16171995,308.2207384
March,41,12909.895,853.8245833,13,4,3,602.5,32.21809912,114.1999515,261.1825069
April,41,12909.895,853.8245833,13,5,6,602.5,29.42723189,110.9742218,264.4082365
May,41,12909.895,853.8245833,13,5,7,602.5,32.4690579,64.52797054,310.8544878
June,41,12909.895,853.8245833,13,5,7,602.5,35.63389379,31.01282665,334.3696317
January,42,30788.44,2623.703333,31,5,6,3470.08,24.61673534,232.1388168,185.6984956
February,42,30788.44,2623.703333,31,5,6,3470.08,39.74169977,53.64864334,344.1886691
March,42,30788.44,2623.703333,31,31,21,3470.08,39.15505442,102.343498,335.4938145
April,42,30788.44,2623.703333,31,31,21,3470.08,27.68144423,97.31358834,340.5237241
May,42,30788.44,2623.703333,31,31,21,3470.08,33.46870759,55.92865463,331.9086578
June,42,30788.44,2623.703333,31,31,21,3470.08,35.45708113,72.98412459,334.8531878
January,43,20574.47,1740.539167,14,31,21,749.95,25.82415682,145.900478,268.8047724
February,43,20574.47,1740.539167,14,31,21,749.95,37.26323375,0,309.7407407
March,43,20574.47,1740.539167,14,26,21,749.95,27.20801259,127.2455258,267.4597245
April,43,20574.47,1740.539167,14,31,18,749.95,36.55953784,25.16140443,349.5438459
May,43,20574.47,1740.539167,14,30,14,749.95,29.03616365,139.9785623,254.7266881
June,43,20574.47,1740.539167,14,29,17,749.95,37.55229512,192.372069,222.3331814
January,44,148699.32,12432.61,5,30,20,949.38,41.68721335,296.1518279,822.1939947
February,44,148699.32,12432.61,5,30,15,949.38,28.51077465,237.9183809,880.4274417
March,44,148699.32,12432.61,5,30,18,949.38,41.47825034,10000,705.6144782
April,44,148699.32,12432.61,5,30,17,949.38,31.40151636,599.4618328,558.8839898
May,44,148699.32,12432.61,5,28,20,949.38,34.26155637,264.7984248,853.5473978
June,44,148699.32,12432.61,5,28,17,949.38,26.71579704,861.1156692,277.2301534
January,45,85554.03,7185.5025,3,18,17,1095.73,33.43437152,162.9955862,795.5546638
February,45,85554.03,7185.5025,3,18,20,1095.73,38.38982003,81.57260644,886.9776436
March,45,85554.03,7185.5025,3,16,20,1095.73,36.62486342,128.5248739,840.0253761
April,45,85554.03,7185.5025,3,18,23,1095.73,31.36024474,303.6646866,684.8855634
May,45,85554.03,7185.5025,3,18,20,1095.73,41.66180247,70.82263262,887.7276174
June,45,85554.03,7185.5025,3,18,20,1095.73,25.02632602,465.4277737,523.1224763
January,46,55829.79,4369.4825,18,18,20,3422.49,27.07054347,348.7994885,63.24697621
February,46,18334118,4369.4825,18,22,0,3422.49,36.72993924,124.5414704,257.5049943
March,46,55829.79,4369.4825,18,4,10,3422.49,27.97880174,132.0062495,250.0402152
April,46,55829.79,4369.4825,18,4,8,3422.49,27.11330402,172.22331,209.8231548
May,46,55829.79,4369.4825,18,4,8,3422.49,38.02568458,182.04655,199.9999147
June,46,55829.79,4369.4825,18,2,10,3422.49,23.34669686,106.9001127,255.146352
January,47,19717385,1057.435833,33,4,10,2797.17,25.31433886,60.55078556,246.3243569
February,47,14165.23,1057.435833,33,2,10,2797.17,33.13167712,10000,252.016603
March,47,14165.23,1057.435833,33,4,10,2797.17,33.07759976,124.0568381,212.8183044
April,47,14165.23,1057.435833,33,4,10,2797.17,31.87826486,95.67488196,241.2002605
May,47,14165.23,1057.435833,33,7,8,2797.17,27.64251073,105.7567546,221.1183879
June,47,14165.23,1057.435833,33,8,6,2797.17,30.73296021,53.85988289,283.0152596
January,48,87215.68,7489.973333,8,8,10,680.77,35.12551976,10000,333.2919819
February,48,87215.68,7489.973333,8,4,8,680.77,26.78610224,106.9503614,760.3649552
March,48,87215.68,7489.973333,8,8,8,680.77,31.30850875,90.98095529,776.3343613
April,48,87215.68,7489.973333,8,5,6,680.77,26.44728156,264.2066739,653.1086427
May,48,87215.68,7489.973333,8,8,10,680.77,33.9600344,799.3743611,117.9409555
June,48,87215.68,7489.973333,8,8,8,680.77,28.92882975,173.0943692,694.2209474
January,49,81842.28,6810.19,25,53,21,3053.16,39.43016631,162.5887242,194.364478
February,49,81842.28,6810.19,25,50,18,3053.16,26.05088484,152.7337662,204.2194359
March,49,81842.28,6810.19,25,53,24,3053.16,24.07007993,192.4731148,174.4800873
April,49,81842.28,6810.19,25,53,21,3053.16,27.92660965,332.9131245,34.04007764
May,49,81842.28,6810.19,25,53,21,3053.16,31.3174328,447.8485782,
June,49,81842.28,6810.19,25,53,21,3053.16,28.64312875,165.0734558,181.8797463
January,50,95956.5,8279.375,11,58,24,1079.73,33.77692753,0,884.9056903
February,50,95956.5,8279.375,11,53,21,1079.73,35.74006715,265.3115234,717.1043479
March,50,95956.5,8279.375,11,14,21,1079.73,42.13760293,377.3584081,635.0574631
April,50,95956.5,8279.375,11,14,22,1079.73,28.06838239,623.4087219,389.0071493
May,50,95956.5,8279.375,11,18,22,1079.73,37.20726208,517.8021721,474.6136991
June,50,95956.5,8279.375,11,14,18,1079.73,24.97857316,761.0455291,251.3703422
January,51,49967.01,4091.9175,31,14,21,2253.95,28.87573769,66.93199535,426.256443
February,51,49967.01,4091.9175,31,16,19,2253.95,23.11502218,132.2857313,390.9027071
March,51,49967.01,4091.9175,31,14,19,2253.95,38.57921381,80.27846003,422.9099783
April,51,49967.01,4091.9175,31,15,19,2253.95,22.84117831,373.1685164,160.019922
May,51,49967.01,4091.9175,31,16,1338,2253.95,33.91270307,192.9207713,350.267667
June,51,49967.01,4091.9175,31,17,20,2253.95,37.33034027,0,436.3089192
January,52,39887.22,3224.935,16,12,19,3119.6,30.18805936,198.9967508,270.025904
February,52,39887.22,3224.935,16,17,20,3119.6,26.11222201,153.2707254,295.7519293
March,52,39887.22,3224.935,16,17,20,3119.6,38.23896598,319.4923738,159.5302809
April,52,39887.22,3224.935,16,13,23,3119.6,37.08960444,0,176.9314779
May,52,39887.22,3224.935,16,12,17,3119.6,36.97060762,96.09548178,342.927173
June,52,39887.22,3224.935,16,17,23,3119.6,31.24846249,123.9598696,315.0627851
January,53,14129.76,1012.48,21,7,15,4071.62,36.1372924,124.4459203,185.0894247
February,53,14129.76,1012.48,21,7,0,4071.62,28.13414922,31.28654276,268.2488022
March,53,14129.76,1012.48,21,7,12,4071.62,39.16106265,112.3614498,197.1738952
April,53,14129.76,1012.48,21,7,0,4071.62,33.11102175,24.67934851,244.8559965
May,53,2592822,1012.48,21,7,15,4071.62,26.42915211,0,179.1095355
June,53,14129.76,1012.48,21,7,15,4071.62,29.81521347,47.31078336,252.2245616
January,54,123732.32,10416.02667,11,7,15,1154.46,43.36806475,0,940.3944828
February,54,123732.32,10416.02667,11,7,14,1154.46,31.13019514,10000,1157.857522
March,54,123732.32,10416.02667,11,22,14,1154.46,32.68645906,874.7145585,446.8881082
April,54,123732.32,10416.02667,11,22,14,1154.46,38.99063467,532.1607307,789.4419359
May,54,123732.32,10416.02667,11,20,14,1154.46,36.64159184,129.1812728,1162.421394
June,54,123732.32,10416.02667,11,22,15,1154.46,31.24192774,96.70297297,1184.899694
January,55,17251.38,1654.615,7,22,14,2431.64,29.41972183,0,273.3735401
February,55,17251.38,1654.615,7,17,14,2431.64,37.22594439,26.59867398,321.5116608
March,55,17251.38,1654.615,7,22,16,2431.64,27.59559906,132.443901,245.6664338
April,55,17251.38,1654.615,7,22,15,2431.64,28.12269302,169.3026601,228.8076747
May,55,17251.38,1654.615,7,49,20,2431.64,33.91486539,71.9105158,296.199819
June,55,17251.38,1654.615,7,49,20,2431.64,32.70581751,54.07668314,334.0336517
January,56,36822.29,3132.524167,6,52,22,125.25,26.61287178,121.4083759,386.0433278
February,56,36822.29,3132.524167,6,49,20,125.25,23.33674451,259.7908045,227.6608993
March,56,36822.29,3132.524167,6,49,20,125.25,29.24844181,132.9440996,354.5076041
April,56,36822.29,3132.524167,6,45,21,125.25,35.08033049,73.93253934,383.5191644
May,56,36822.29,3132.524167,6,49,20,125.25,28.3106512,114.4824364,352.9692673
June,56,36822.29,3132.524167,6,49,20,125.25,39.64980173,38.11405466,429.3376491
January,57,80108.31,6866.6925,17,6,10,997.28,38.73267646,107.0656525,829.6035975
February,57,80108.31,6866.6925,17,6,10,997.28,26.17314465,52.18981024,874.4794398
March,57,80108.31,6866.6925,17,6,10,997.28,26.72857312,549.0992911,407.5699589
April,57,80108.31,6866.6925,17,6,12,997.28,39.91463675,123.1885231,803.4807269
May,57,80108.31,6866.6925,17,6,7,997.28,32.94802192,341.3768772,625.2923728
June,57,80108.31,6866.6925,17,6,10,997.28,32.40424137,228.0964591,708.5727909
January,58,69977.6,5978.466667,20,1,7,3042.36,37.2171993,405.1493636,
February,58,69977.6,5978.466667,20,6,10,3042.36,30.46783632,470.8372043,
March,58,69977.6,5978.466667,20,13,8,3042.36,35.60710564,177.9055932,214.1906424
April,58,69977.6,5978.466667,20,13,4,3042.36,23.84176883,250.7661703,141.3300654
May,58,69977.6,5978.466667,20,13,3,3042.36,26.20467951,122.7310698,229.3651659
June,58,69977.6,5978.466667,20,13,6,3042.36,28.13069484,332.2100424,59.88619327
January,59,78988.48,6449.373333,29,10,3,1746.9,34.70500518,88.07126674,515.0833063
February,59,78988.48,6449.373333,29,13,6,1746.9,35.1549357,419.575712,193.578861
March,59,78988.48,6449.373333,29,18,6,1746.9,28.38967163,295.6050491,327.5495239
April,59,78988.48,6449.373333,29,16,8,1746.9,39.64707758,178.1531521,455.0014209
May,59,78988.48,6449.373333,29,12,7,1746.9,37.47919344,0,75.19634822
June,59,78988.48,6449.373333,29,12,0,1746.9,32.4955483,399.2485836,233.9059894
January,60,41746.76,3651.896667,31,12,7,1936.79,37.70526076,425.1038222,127.8024469
February,60,41746.76,3651.896667,31,12,7,1936.79,30.0899524,31.56000966,471.3462595
March,60,41746.76,3651.896667,31,14,0,1936.79,24.03858303,150.747271,362.1589981
April,60,41746.76,3651.896667,31,12,7,1936.79,37.58178658,134.42247,398.4837991
May,60,41746.76,3651.896667,31,12,4,1936.79,30.25268542,42.79187097,460.1143982
June,60,41746.76,3651.896667,31,12,7,1936.79,32.15961047,199.1276057,323.7786634
January,61,19981.6,1459.133333,20,30,20,4834.59,38.16554553,69.78240333,287.7126585
February,61,19981.6,1459.133333,20,30,18,4834.59,29.04463822,35.92166782,291.573394
March,61,19981.6,1459.133333,20,30,19,4834.59,26.7842801,0,236.9991171
April,61,19981.6,1459.133333,20,30,18,4834.59,35.05013881,69.46880384,278.0262579
May,61,19981.6,1459.133333,20,27,18,4834.59,34.31347599,10000,239.4320793
June,61,19981.6,1459.133333,20,31,21,4834.59,38.9777452,42.4353362,285.0597256
January,62,73737.36,5936.78,18,30,15,1219.39,34.50073214,77.2660256,541.5985112
February,62,73737.36,5936.78,18,30,19,1219.39,35.72613069,113.162405,515.7021318
March,62,73737.36,5936.78,18,59,0,1219.39,37.97265478,321.1426678,337.721869
April,62,73737.36,5936.78,18,55,24,1219.39,34.81301084,153.8744615,474.9900753
May,62,73737.36,5936.78,18,56,24,1219.39,33.0159281,424.0584112,244.8061256
June,62,73737.36,5936.78,18,59,24,1219.39,26.38962385,188.5743324,440.2902044
January,63,88362.46,7255.538333,8,59,24,325.93,26.64350552,185.3272952,569.0421478
February,63,88362.46,7255.538333,8,55,24,325.93,36.5905132,472.7754275,321.5940155
March,63,88362.46,7255.538333,8,59,24,325.93,26.86579943,187.5698797,586.7995633
April,63,88362.46,7255.538333,8,61,26,325.93,31.5286769,283.3812328,480.9882102
May,63,88362.46,7255.538333,8,2,0,325.93,30.30042098,0,40.66430409
June,63,88362.46,7255.538333,8,6,6,325.93,38.41963348,214.6101098,579.7593332
January,64,118248.6,10115.05,4,3,0,191.09,29.14953015,227.6187415,1023.886258
February,64,118248.6,10115.05,4,2,0,191.09,34.34487102,338.7642171,942.7407829
March,64,118248.6,10115.05,4,2,5,191.09,32.68206167,545.8997341,755.6052659
April,64,118248.6,10115.05,4,6,4,191.09,44.24642053,10000,1142.147936
May,64,118248.6,10115.05,4,2,5,191.09,29.32435284,670.5779061,600.9270939
June,64,118248.6,10115.05,4,2,8,191.09,43.96183939,324.6255705,936.8794295
January,65,60162.1,5197.508333,5,20,19,1037.45,36.35924552,80.01264638,469.5244602
February,65,60162.1,5197.508333,5,20,16,1037.45,33.18394227,153.4475402,396.0895664
March,65,60162.1,5197.508333,5,20,19,1037.45,30.91438852,184.5531485,364.9839581
April,65,60162.1,5197.508333,5,20,16,1037.45,27.6412103,356.3858247,213.1512819
May,65,60162.1,5197.508333,5,20,17,1037.45,32.16686073,96.8446731,452.6924335
June,65,60162.1,5197.508333,5,20,19,1037.45,28.73291735,450.5601781,118.9769286
January,66,75273.24,6552.77,32,20,19,2497.34,33.59482507,124.6322882,548.0256556
February,66,75273.24,6552.77,32,20,16,2497.34,24.82967191,482.0882842,220.5696597
March,66,75273.24,6552.77,32,18,10,2497.34,39.15098231,162.1888645,510.4690793
April,66,75273.24,6552.77,32,23,10,2497.34,38.05213442,170.3151592,512.3427847
May,66,75273.24,6424.022011,32,23,10,2497.34,35.27464015,141.1879102,541.4700337
June,66,75273.24,6424.022011,32,28,0,2497.34,37.90870332,76.68731089,595.970633
January,67,54820.89,4295.4075,28,22,13,4795.13,35.80248914,479.5857747,70.47299093
February,67,54820.89,4295.4075,28,23,0,4795.13,32.59131378,229.8721223,320.1866434
March,67,54820.89,4295.4075,28,23,10,4795.13,25.92375905,92.22239678,417.8363689
April,67,54820.89,4295.4075,28,23,0,4795.13,34.79256617,87.26667315,412.7920925
May,67,54820.89,4295.4075,28,27,11,4795.13,28.62435875,359.5541628,190.5046029
June,67,54820.89,4295.4075,28,27,11,4795.13,35.95384759,0,260.3700816
January,68,58674.66,4824.555,15,27,11,2425.38,37.340892,121.3798305,484.9722526
February,68,58674.66,4824.555,15,27,11,2425.38,25.16742497,262.7332958,393.6187872
March,68,58674.66,4824.555,15,27,11,2425.38,36.49072833,182.5464906,463.8055925
April,68,58674.66,4824.555,15,27,14,2425.38,24.82077382,69.22823275,537.1238503
May,68,58674.66,4824.555,15,27,10,2425.38,34.14221724,113.3959015,492.9561816
June,68,58674.66,4824.555,15,27,11,2425.38,34.99081327,628.7091521,27.64293096
January,69,30390.44,2721.536667,5,57,21,580.31,26.97596095,10000,407.2936282
February,69,30390.44,2721.536667,5,59,3104,580.31,33.55567404,149.6134397,327.6921888
March,69,30390.44,2721.536667,5,57,19,580.31,35.832413,10000,327.4436392
April,69,30390.44,2721.536667,5,52,0,580.31,34.53357345,60.91459665,396.3910318
May,69,30390.44,2721.536667,5,54,19,580.31,38.00156519,169.8763743,307.4292542
June,69,30390.44,2721.536667,5,57,18,580.31,31.07504071,225.9197881,271.3858404
January,70,45207.54,3507.295,24,57,19,2497.48,26.63171974,39.83022939,401.9859972
February,70,45207.54,3507.295,24,57,22,2497.48,33.88856426,375.7330662,116.0831604
March,70,45207.54,3507.295,24,62,17,2497.48,24.30177052,10000,407.1341931
April,70,45207.54,3507.295,24,62,18,2497.48,29.57534481,131.096168,320.7200586
May,70,45207.54,3507.295,24,65,0,2497.48,28.94303915,119.0870984,362.7291282
June,70,45207.54,3507.295,24,62,21,2497.48,22.50520105,55.56367935,396.2525472
January,71,144546.72,11809.56,7,62,21,1045.11,40.84068721,573.4115905,730.5558529
February,71,144546.72,11809.56,7,62,18,1045.11,36.33873578,0,1026.919211
March,71,144546.72,11809.56,7,64,0,1045.11,43.6110939,103.9012093,1180.066234
April,71,144546.72,11809.56,7,62,18,1045.11,31.33767968,205.4748681,1078.492575
May,71,144546.72,11809.56,7,15,8,1045.11,39.20382495,10000,14.11872663
June,71,144546.72,10653.04311,7,15,8,1045.11,37.16404251,415.1834125,878.7840309
January,72,30346.35,2651.8625,14,15,8,523.56,28.21235656,145.1083749,313.3565949
February,72,30346.35,2651.8625,14,15,8,523.56,30.28018466,332.4861616,125.9788082
March,72,30346.35,2651.8625,14,15,0,523.56,38.94962888,106.2992268,342.165743
April,72,30346.35,2651.8625,14,15,8,523.56,30.50811574,98.62135851,319.8436113
May,72,30346.35,2651.8625,14,18,8,523.56,32.90975438,106.448575,322.0163948
June,72,30346.35,2651.8625,14,15,8,523.56,28.78678915,151.6096001,306.8553697
January,73,18681.465,1584.78875,9,8,13,327.88,27.53134292,52.09642061,351.5610294
February,73,18681.465,1584.78875,9,8,15,327.88,38.90124971,140.6547558,283.0026942
March,73,18681.465,1584.78875,9,5,12,327.88,27.37775919,55.33162201,338.325828
April,73,18681.465,1584.78875,9,10,15,327.88,24.18879867,90.57533568,333.0821143
May,73,18681.465,1584.78875,9,8,15,327.88,31.86689252,77.79346468,345.8639853
June,73,18681.465,1584.78875,9,5,15,327.88,30.12793418,131.1074314,272.5500187
January,74,9841.34,690.1116667,31,8,15,4984.82,27.3346898,0,263.003361
February,74,9841.34,690.1116667,31,3,15,4984.82,33.4598029,55.92433094,256.4117078
March,74,9841.34,690.1116667,31,14,19,4984.82,35.2517545,0,259.4705364
April,74,9841.34,690.1116667,31,14,19,4984.82,38.7684909,22.70173912,279.6342996
May,74,9841.34,690.1116667,31,14,17,4984.82,28.49691824,37.94400952,254.3920292
June,74,9841.34,690.1116667,31,14,19,4984.82,34.05642405,74.724782,247.6112567
January,75,72330.98,6300.581667,11,14,19,596.78,31.87384175,390.5462005,488.132172
February,75,72330.98,6300.581667,11,16,18,596.78,32.36779297,171.7435332,676.9348393
March,75,72330.98,6300.581667,11,14,20,596.78,27.24102191,110.0671087,728.6112638
April,75,72330.98,6300.581667,11,15,19,596.78,30.15846394,701.6599477,187.0184248
May,75,72330.98,6300.581667,11,25,19,596.78,39.60218493,339.2289211,519.4494514
June,75,72330.98,6300.581667,11,28,19,596.78,33.41197558,48.32875329,790.3496192
January,76,43241.49,3580.4575,30,25,16,2174.16,39.78232874,410.1902491,75.61653778
February,76,43241.49,3580.4575,30,20,21,2174.16,32.62468106,72.47252535,383.3342616
March,76,22335783,3580.4575,30,25,19,2174.16,37.35140673,230.3893891,255.4173978
April,76,43241.49,3580.4575,30,25,0,2174.16,24.40758995,179.3559234,286.4508636
May,76,43241.49,3580.4575,30,25,19,2174.16,31.24773473,63.59658329,372.2102036
June,76,43241.49,3580.4575,30,25,19,2174.16,32.18200633,134.1245993,351.6821877
January,77,34106.78,2767.231667,17,49,18,996.54,31.06392082,115.1517373,451.5714293
February,77,34106.78,2767.231667,17,49,18,996.54,38.62751709,24.07190317,492.6512635
March,77,34106.78,2767.231667,17,49,18,996.54,23.33248162,135.8018888,410.9212778
April,77,34106.78,2767.231667,17,49,18,996.54,40.79135176,216.3654359,330.3577308
May,77,34106.78,2767.231667,17,49,18,996.54,25.34390218,338.0036515,228.7195152
June,77,34106.78,2767.231667,17,54,20,996.54,39.49437697,118.6743753,448.0487914
January,78,129067.59,10795.6325,1,49,19,137.15,24.49869173,215.2174879,715.0400896
February,78,129067.59,10795.6325,1,49,18,137.15,30.7290606,511.2114299,459.0461476
March,78,129067.59,10795.6325,1,27,17,137.15,33.01978996,126.2690074,803.9885701
April,78,129067.59,10795.6325,1,27,17,137.15,33.1858694,10000,404.8901992
May,78,129067.59,10795.6325,1,27,17,137.15,32.67772557,112.014526,818.2430515
June,78,129067.59,10795.6325,1,27,17,137.15,28.43760665,264.7400106,665.517567
January,79,17001.34,1214.778333,5,27,17,1093.87,31.55554039,97.55551351,293.3867642
February,79,17001.34,1214.778333,5,27,15,1093.87,23.06986827,10000,333.598142
March,79,17001.34,1214.778333,5,22,17,1093.87,25.89483416,120.9712196,269.9710581
April,79,17001.34,1214.778333,5,27,17,1093.87,28.63344077,51.9051847,349.037093
May,79,17001.34,1214.778333,5,62,21,1093.87,25.68102673,0,243.5030775
June,79,17001.34,1214.778333,5,62,22,1093.87,36.06466979,51.24574815,349.6965296
January,80,44719.17,3969.5975,29,62,20,3818.57,30.98237348,130.2512251,268.1086391
February,80,44719.17,3969.5975,29,62,21,3818.57,30.86937294,167.656053,240.7038111
March,80,44719.17,3969.5975,29,62,18,3818.57,27.97975079,0,289.8878581
April,80,44719.17,3969.5975,29,67,21,3818.57,30.73768432,316.1728449,102.1870192
May,80,44719.17,3969.5975,29,59,23,3818.57,27.73718317,312.0946329,106.2652312
June,80,44719.17,3969.5975,29,62,21,3818.57,35.53327204,116.463927,281.8959372
January,81,17787.34,1242.278333,16,54,0,730.9,26.99358623,42.29858803,321.8656114
February,81,17787.34,1242.278333,16,54,21,730.9,36.33219149,54.89407316,329.2701263
March,81,17787.34,1242.278333,16,54,21,730.9,26.31431009,98.42059162,295.7436078
April,81,17787.34,1242.278333,16,54,21,730.9,34.9030915,28.51604362,325.6481558
May,81,17787.34,1242.278333,16,54,21,730.9,32.53512768,157.5524722,236.6117273
June,81,17787.34,1242.278333,16,54,19,730.9,33.68265491,119.1483872,265.0158122
January,82,103353.06,8527.755,6,54,23,1374.56,32.6855216,0,857.8262026
February,82,103353.06,8527.755,6,54,21,1374.56,40.54255171,326.4827489,742.2910654
March,82,103353.06,8527.755,6,20,0,1374.56,33.9918544,173.1808384,855.592976
April,82,103353.06,8527.755,6,20,20,1374.56,23.17084458,1043.873612,34.90020276
May,82,103353.06,8527.755,6,20,17,1374.56,38.76615976,165.4483707,863.3254437
June,82,103353.06,8527.755,6,20,17,1374.56,28.65012699,124.2894824,904.4843319
January,83,31021.24,2756.103333,11,15,20,852.81,31.19439865,68.51358027,366.3375746
February,83,31021.24,2756.103333,11,20,20,852.81,33.89457499,58.53848336,376.3126715
March,83,31021.24,2756.103333,11,20,20,852.81,32.86658163,136.9906689,317.860486
April,83,31021.24,2756.103333,11,20,17,852.81,29.50861953,10000,364.7327151
May,83,31021.24,2756.103333,11,17,5,852.81,34.13944939,153.4035982,291.4475567
June,83,31021.24,2756.103333,11,15,10,852.81,37.17152644,56.97757259,367.8735823
January,84,134978.24,11059.18667,15,17,8,668.14,36.59328467,834.1444379,406.6624054
February,84,134978.24,11059.18667,15,15,8,668.14,46.19423785,129.5214491,1081.285394
March,84,134978.24,10541.52075,15,15,8,668.14,24.85673514,0,550.8319048
April,84,134978.24,10541.52075,15,15,6,668.14,31.93375623,0,1103.544143
May,84,134978.24,10541.52075,15,15,0,668.14,41.61797405,148.8875069,1061.919336
June,84,134978.24,10541.52075,15,15,7,668.14,36.16238357,663.6269365,577.1799068
January,85,39800.12,3047.676667,12,13,10,660.69,24.79435667,404.2182245,132.0617849
February,85,39800.12,3047.676667,12,13,10,660.69,26.01921032,169.8630826,356.4169267
March,85,39800.12,3047.676667,12,13,7,660.69,29.72470803,410.2436031,126.0364062
April,85,39800.12,3047.676667,12,13,7,660.69,41.20335336,33.79278212,462.4872272
May,85,39800.12,3047.676667,12,13,10,660.69,32.66871615,42.10063083,444.1793785
June,85,39800.12,3047.676667,12,13,10,660.69,26.02052332,121.0441224,375.2358869
January,86,14841.35,1437.779167,17,13,0,3865.15,39.02987341,110.7777796,251.455394
February,86,14841.35,1437.779167,17,18,13,3865.15,30.47438664,82.88833259,279.344841
March,86,14841.35,1437.779167,17,18,10,3865.15,23.94861058,171.0862578,191.1469158
April,86,14841.35,1437.779167,17,18,10,3865.15,32.05285841,91.84978305,270.3833905
May,86,14841.35,1437.779167,17,18,10,3865.15,22.86545917,60.9873781,291.2457955
June,86,14841.35,1437.779167,17,18,12,3865.15,22.81838316,112.7638199,249.4693537
January,87,66105.4,5653.783333,31,17,10,1549.56,30.11104031,180.1468487,431.1593616
February,87,66105.4,5653.783333,31,18,11,1549.56,29.32779915,449.1873822,192.1188281
March,87,66105.4,5653.783333,31,18,13,1549.56,33.89863232,291.4013793,339.904831
April,87,66105.4,5653.783333,31,18,10,1549.56,28.07920302,169.8398152,441.4663951
May,87,66105.4,5653.783333,31,50,9,1549.56,31.75671187,732.6818427,
June,87,66105.4,5653.783333,31,48,9,1549.56,37.13217623,116.0659862,495.2402241
January,88,15398.95,1548.245833,5,50,10,343.84,36.74315458,81.67810682,298.3325067
February,88,15398.95,1548.245833,5,50,10,343.84,39.06640765,74.65272755,315.3578859
March,88,15398.95,1548.245833,5,50,9,343.84,33.49444239,47.60747045,322.403143
April,88,15398.95,1548.245833,5,50,9,343.84,37.71613993,10000,299.8695003
May,88,15398.95,1548.245833,5,50,10,343.84,30.97302503,123.4168433,286.5937702
June,88,15398.95,1548.245833,5,50,11,343.84,41.23900243,107.9849309,282.0256825
January,89,27070.07,2518.839167,11,36,20,919.76,28.55585041,76.31458795,362.3360102
February,89,27070.07,2518.839167,11,41,15,919.76,34.06157477,314.0875747,154.5630235
March,89,27070.07,2518.839167,11,41,17,919.76,29.8306522,104.1811039,324.4694943
April,89,27070.07,2518.839167,11,41,15,919.76,40.44063791,231.0897388,227.5608594
May,89,27070.07,2518.839167,11,43,17,919.76,24.73337424,58.00991024,380.6406879
June,89,27070.07,2518.839167,11,41,17,919.76,36.39840658,17.68883577,400.9617624
January,90,17992.775,2518.839167,6,41,17,565.22,22.38039887,88.44275347,348.4970382
February,90,17992.775,2518.839167,6,41,17,565.22,37.2194631,137.398429,329.5413627
March,90,17992.775,1769.397917,6,57,23,565.22,23.13682419,95.65646111,341.2833306
April,90,17992.775,1769.397917,6,57,23,565.22,25.15210984,162.6432543,304.2965373
May,90,17992.775,1769.397917,6,59,23,565.22,34.18203111,10000,386.8407909
June,90,17992.775,1769.397917,6,57,0,565.22,31.05399429,23.00301884,393.9367728
January,91,139354.48,1769.397917,18,57,23,519.3,32.7110284,382.2110719,1031.076261
February,91,139354.48,10872.26506,18,57,25,519.3,35.04958451,568.2347294,855.0526039
March,91,139354.48,10872.26506,18,62,0,519.3,33.5673417,277.2957148,1145.991619
April,91,139354.48,10872.26506,18,55,23,519.3,37.06219362,899.2623909,534.0249425
May,91,139354.48,10872.26506,18,19,20,519.3,31.74432925,607.9420858,815.3452475
June,91,139354.48,10872.26506,18,19,23,519.3,40.87876031,737.8098216,695.4775117
January,92,18305.25,10872.26506,4,19,18,363.51,34.8352811,73.87955399,361.864196
February,92,18305.25,10872.26506,4,19,17,363.51,35.61828916,137.9464988,297.7972512
March,92,18305.25,1557.4375,4,15,18,363.51,25.8539005,112.2594331,313.4843169
April,92,18305.25,1557.4375,4,16,20,363.51,38.52380158,201.3192804,244.4244696
May,92,18305.25,1557.4375,4,19,21,363.51,39.85047617,49.56528039,386.1784696
June,92,18305.25,1557.4375,4,19,20,363.51,30.19674704,179.3112311,266.4325189
January,93,27865.26,1557.4375,6,21,20,635.59,27.14233426,213.439601,319.4724557
February,93,27865.26,2606.105,6,24,22,635.59,22.01381947,339.1487277,193.763329
March,93,27865.26,2606.105,6,26,21,635.59,23.95474522,10000,423.9864337
April,93,27865.26,2606.105,6,21,20,635.59,30.82107192,73.26685798,419.6451987
May,93,27865.26,2606.105,6,25,20,635.59,24.0051777,156.3272161,376.5848406
June,93,27865.26,2606.105,6,24,23,635.59,26.89524308,46.78581394,436.1262427
January,94,23404.86,1899.405,7,22,20,35.54,34.05823767,84.46263179,375.4778682
February,94,23404.86,1899.405,7,24,20,35.54,38.23037044,55.56396607,384.3765339
March,94,23404.86,1899.405,7,15,7,35.54,27.58078996,80.32476098,379.615739
April,94,23404.86,1899.405,7,15,0,35.54,31.97512201,91.24510932,358.6953907
May,94,23404.86,1899.405,7,15,8,35.54,35.12706006,137.274521,342.665979
June,94,23404.86,1899.405,7,15,0,35.54,27.52690307,34.38842729,395.5520727
January,95,14205.09,1086.7575,21,14,7,4845.24,32.31373815,47.62770058,302.015654
February,95,14205.09,1086.7575,21,15,7,4845.24,25.86541896,86.99729209,262.6460624
March,95,14205.09,1086.7575,21,14,5,4845.24,30.56412447,129.6093474,220.0340071
April,95,14205.09,1086.7575,21,13,7,4845.24,34.8974674,72.76043069,266.8829238
May,95,14205.09,1086.7575,21,27,9,4845.24,30.9895037,64.58804985,265.0553047
June,95,14205.09,1086.7575,21,29,9,4845.24,35.13626855,15.3362246,284.3071299
January,96,62320.56,5068.38,18,29,9,3589.56,32.0205367,179.6503063,405.842134
February,96,62320.56,5068.38,18,24,9,3589.56,39.00855552,102.4200486,473.0723916
March,96,62320.56,5068.38,18,29,9,3589.56,34.20428782,162.8413655,422.6510748
April,96,62320.56,5068.38,18,27,6,3589.56,34.73441662,672.9965674,
May,96,62320.56,5068.38,18,26,9,3589.56,37.05281717,327.6725748,267.8198654
June,96,62320.56,5068.38,18,29,6,3589.56,34.75027783,0,513.5324196
January,97,43758.34,3454.528333,12,6,8,1194.28,29.31789666,229.2590696,319.8823432
February,97,43758.34,3454.528333,12,6,5,1194.28,27.69852435,417.5305244,161.6108884
March,97,43758.34,3454.528333,12,6,8,1194.28,26.01121877,0,485.3073541
April,97,43758.34,3454.528333,12,6,0,1194.28,32.4590762,10000,384.1566324
May,97,43758.34,3454.528333,12,6,0,1194.28,30.68567908,389.0516109,190.0898019
June,97,43758.34,3454.528333,12,6,8,1194.28,27.26513495,147.5732176,401.5681952
January,98,144881.68,11877.47333,15,6,8,404.51,33.90967515,10000,738.2518345
February,98,144881.68,11877.47333,15,6,6,404.51,30.92453971,237.605283,775.4860371
March,98,144881.68,11877.47333,15,61,16,404.51,36.28893236,1270.327961,
April,98,144881.68,11877.47333,15,65,15,404.51,39.2763797,990.2115188,72.87980133
May,98,144881.68,11877.47333,15,61,15,404.51,35.32552064,443.9157278,579.1755923
June,98,144881.68,11877.47333,15,61,15,404.51,28.15605347,757.8121973,275.2791228
January,99,108147.3,8926.275,6,61,13,1113.06,36.42376664,328.4800428,612.9678757
February,99,108147.3,8926.275,6,61,15,1113.06,39.57269231,799.3782051,162.0697133
March,99,108147.3,8926.275,6,61,15,1113.06,27.29590216,116.5331164,804.914802
April,99,108147.3,8926.275,6,61,15,1113.06,30.40254793,10000,778.6118203
May,99,108147.3,8926.275,6,1,7,1113.06,29.97751441,184.5925317,736.8553868
June,99,108147.3,8926.275,6,2,6,1113.06,38.51521527,122.7035818,808.7443366
January,100,17759.1,1533.925,19,1,6,3598.39,27.22856802,190.0547612,188.7871183
February,100,17759.1,1533.925,19,2,6,3598.39,38.05162518,114.1743166,264.6675629
March,100,17759.1,1533.925,19,1,6,3598.39,39.37829033,130.3179505,228.523929
April,100,17759.1,1533.925,19,5,0,3598.39,29.44796845,195.1092462,183.7326333
May,100,17759.1,1533.925,19,1,6,3598.39,30.14370368,206.4503839,172.3914957
June,100,17759.1,1533.925,19,1,6,3598.39,35.28592081,157.3673523,211.4745272
January,101,85328.73,6858.7275,11,36,17,585.05,28.02456085,145.0907844,712.3229995
February,101,85328.73,6858.7275,11,36,19,585.05,28.27046488,106.5877387,750.8260452
March,101,85328.73,6858.7275,11,36,17,585.05,29.33563866,318.3073417,579.1064422
April,101,85328.73,6858.7275,11,33,17,585.05,30.07533269,203.0705331,694.3432508
May,101,85328.73,6858.7275,11,32,17,585.05,38.05151985,95.81963874,771.5941452
June,101,85328.73,6858.7275,11,32,17,585.05,37.64923016,137.1702844,720.2434995
January,102,134321.44,11064.45333,12,36,14,1428.68,26.75528646,715.7040605,417.0530291
February,102,134321.44,11064.45333,12,36,17,1428.68,39.90369227,10000,335.9725019
March,102,134321.44,11064.45333,12,8,0,1428.68,34.22349216,0,949.50237
April,102,134321.44,9997.592514,12,8,10,1428.68,37.94748333,461.5302283,641.2268614
May,102,134321.44,9997.592514,12,8,10,1428.68,31.98128604,259.4569536,833.300136
June,102,134321.44,9997.592514,12,8,10,1428.68,40.96972833,598.8624397,513.89465
January,103,61008,5235,32,8,10,1755.81,27.37324216,218.2076697,365.8657996
February,103,61008,5235,32,8,10,1755.81,32.45474799,677.4251029,
March,103,61008,5235,32,11,10,1755.81,32.98956713,165.2171154,438.8563539
April,103,61008,5235,32,8,10,1755.81,32.85587002,73.60092894,500.4725404
May,103,61008,5235,32,9,5,1755.81,29.51708332,255.8771888,358.1962805
June,103,61008,5235,32,9,7,1755.81,29.07238717,201.6860912,382.3873781
January,104,28665.76,2582.813333,5,9,5,1237.46,36.6396993,340.9908376,184.6023182
February,104,28665.76,2582.813333,5,9,5,1237.46,34.10061402,182.0336712,323.5594845
March,104,28665.76,2582.813333,5,9,6,1237.46,31.42349681,117.0473528,378.5458029
April,104,28665.76,2582.813333,5,9,5,1237.46,33.37386506,80.25709666,405.3360591
May,104,28665.76,2582.813333,5,9,5,1237.46,36.48458788,236.8815961,288.7115597
June,104,28665.76,2582.813333,5,7,5,1237.46,33.84501778,138.3066033,377.2865525
January,105,56803.71,4620.6425,25,11,20,2593.44,29.75653236,10000,243.0942731
February,105,56803.71,4620.6425,25,10,0,2593.44,36.3448053,272.4220305,262.4520007
March,105,56803.71,4620.6425,25,11,20,2593.44,27.19245683,154.3728581,370.5011731
April,105,56803.71,4620.6425,25,10,18,2593.44,32.07852764,186.0685566,348.8054746
May,105,56803.71,4620.6425,25,10,20,2593.44,25.31414163,160.9121209,363.9619102
June,105,56803.71,4620.6425,25,7,20,2593.44,38.78579181,94.38794945,420.4860817
January,106,38364.82,2904.068333,32,10,21,1973.63,37.66455307,74.79251895,390.7639425
February,106,38364.82,2904.068333,32,5,20,1973.63,25.56656333,280.3850232,225.1714383
March,106,38364.82,2904.068333,32,41,19,1973.63,26.07823491,123.9038606,361.6526009
April,106,38364.82,2904.068333,32,39,20,1973.63,26.267351,111.0394321,374.5170294
May,106,38364.82,2904.068333,32,47,21,1973.63,32.1711038,42.18845308,413.3680084
June,106,38364.82,2904.068333,32,47,20,1973.63,23.79219323,10000,327.0650688
January,107,66528.24,2904.068333,11,44,19,1460.8,26.42518128,139.5745607,673.7274393
February,107,66528.24,5733.02,11,46,20,1460.8,38.25186383,38.94642667,774.3555733
March,107,66528.24,5733.02,11,42,19,1460.8,32.53387309,98.82755375,724.4744463
April,107,66528.24,5733.02,11,46,19,1460.8,36.63336352,215.6186379,607.6833621
May,107,66528.24,5733.02,11,0,15,1460.8,34.37396536,247.4272856,585.8747144
June,107,66528.24,5733.02,11,5,15,1460.8,27.50257202,97.04179086,716.2602091
January,108,19403.405,1904.950417,3,2,15,339.11,31.22930685,52.12810762,349.1520196
February,108,19403.405,1904.950417,3,6,183,339.11,36.5078306,125.9483687,315.3317585
March,108,19403.405,1904.950417,3,5,16,339.11,33.68727673,192.718754,248.5613732
April,108,19403.405,1904.950417,3,7,16,339.11,38.25840231,186.9890358,244.2910915
May,108,19403.405,1904.950417,3,5,17,339.11,36.82660981,169.8581974,251.4219299
June,108,19403.405,1904.950417,3,5,15,339.11,25.84913168,71.55927579,329.7208514
January,109,31122.79,2761.565833,12,4,9,358.6,30.79484745,220.5130602,325.6435231
February,109,31122.79,2761.565833,12,4,9,358.6,31.60070425,249.6968801,306.4597033
March,109,31122.79,2761.565833,12,4,7,358.6,32.51956159,57.2407224,458.9158609
April,109,31122.79,2761.565833,12,4,9,358.6,26.85277506,158.2697734,377.88681
May,109,31122.79,2761.565833,12,4,9,358.6,27.1376456,230.722102,335.4344814
June,109,31122.79,2761.565833,12,4,6,358.6,34.55576314,200.0838001,346.0727832
January,110,15015.4,1213.283333,9,2,9,330.17,33.27002451,92.11412378,307.528475
February,110,15015.4,1213.283333,9,4,12,330.17,29.99075632,75.14400572,324.4985931
March,110,15015.4,1213.283333,9,16,21,330.17,24.24900974,48.25865276,351.383946
April,110,15015.4,1213.283333,9,13,17,330.17,37.84241153,69.60003309,320.0425657
May,110,15015.4,1213.283333,9,21,20,330.17,30.23488554,136.4954553,263.1471434
June,110,15015.4,1213.283333,9,17,0,330.17,29.92099563,50.73793309,348.9046657
January,111,19777.05,1728.0875,3,16,20,186.16,38.41845963,10000,357.4905567
February,111,19777.05,1728.0875,3,20,20,186.16,26.60266394,39.27209392,354.4911228
March,111,19777.05,1728.0875,3,16,20,186.16,26.27606328,25.1512005,368.6120162
April,111,19777.05,1728.0875,3,16,21,186.16,30.27714749,193.1579358,240.6052809
May,111,19777.05,1728.0875,3,9,16,186.16,28.98331009,0,298.4092616
June,111,19777.05,1728.0875,3,12,16,186.16,39.95698734,10000,363.640576
January,112,20188.02,1851.335,6,9,14,399.92,28.54258478,147.6362135,281.9170057
February,112,20188.02,1851.335,6,9,17,399.92,31.3632289,35.50111934,364.0520998
March,112,20188.02,1851.335,6,9,16,399.92,39.07337919,79.8774261,339.6757931
April,112,20188.02,1851.335,6,9,16,399.92,26.40738386,98.28930196,341.2639172
May,112,20188.02,1851.335,6,9,16,399.92,33.00461132,148.2581692,291.29505
June,112,20188.02,1851.335,6,9,15,399.92,37.28999202,22.78993516,386.763284
January,113,41345.58,1851.335,10,17,18,646.47,23.04195122,0,187.9342805
February,113,41345.58,3260.465,10,17,0,646.47,34.16352449,110.074478,465.972022
March,113,41345.58,3260.465,10,17,18,646.47,27.7470489,69.28882473,506.7576753
April,113,41345.58,3260.465,10,17,18,646.47,30.25251837,10000,323.1918538
May,113,41345.58,3260.465,10,17,20,646.47,32.69081341,36.94720504,539.099295
June,113,41345.58,3260.465,10,17,18,646.47,32.62574506,115.5128542,500.5336458
January,114,55151.04,3260.465,23,17,18,1743.83,30.30098553,262.8372921,315.8316405
February,114,55151.04,3260.465,23,17,20,1743.83,27.25049996,139.0744818,409.5944508
March,114,55151.04,3260.465,23,60,16,1743.83,40.66800182,467.7339131,120.9350195
April,114,55151.04,3260.465,23,60,16,1743.83,32.49312412,287.5477079,291.1212247
May,114,55151.04,3260.465,23,64,14,1743.83,26.56636948,174.9210371,373.7478955
June,114,55151.04,4704.92,23,60,0,1743.83,39.26946645,104.8775327,443.7913999
January,115,30536.62,2430.718333,7,60,16,687.87,31.02265867,96.7289942,353.3703981
February,115,30536.62,2430.718333,7,60,16,687.87,31.64432344,75.76028912,374.3391032
March,115,30536.62,2430.718333,7,60,16,687.87,38.63550085,36.6414243,413.457968
April,115,30536.62,2430.718333,7,60,14,687.87,35.47567291,140.1876944,349.9116979
May,115,30536.62,2430.718333,7,26,22,687.87,35.24894992,115.5844975,354.5148948
June,115,30536.62,2430.718333,7,26,22,687.87,28.52498558,97.5118362,352.5875561
January,116,147499.6,12353.63333,12,26,0,1250.67,42.25298015,10000,1041.077483
February,116,147499.6,12353.63333,12,26,23,1250.67,37.95506377,0,685.0242473
March,116,147499.6,12353.63333,12,23,22,1250.67,27.98833245,443.1864811,859.970369
April,116,147499.6,12353.63333,12,26,19,1250.67,30.59014317,1031.330809,291.8260413
May,116,147499.6,12353.63333,12,26,22,1250.67,26.78468276,396.4144419,926.7424081
June,116,147499.6,12353.63333,12,26,22,1250.67,25.76759328,960.8408779,362.3159722
January,117,20005.22,1683.101667,6,1,2,1859.45,38.05357747,219.6562015,179.1407511
February,117,20005.22,1683.101667,6,1,0,1859.45,32.77031221,166.333815,222.4631375
March,117,20005.22,1683.101667,6,1,-1,1859.45,29.83677528,127.6645957,261.1323568
April,117,20005.22,1683.101667,6,1,0,1859.45,32.08626927,99.05570259,279.7412499
May,117,20005.22,1683.101667,6,-1,0,1859.45,40.33681367,34.82607388,333.9708787
June,117,20005.22,1683.101667,6,1,0,1859.45,31.04169773,33.73289502,325.0640575
January,118,19795.52,1662.626667,34,1,0,3135.02,37.82075621,77.06641227,248.7207837
February,118,19795.52,1662.626667,34,1,1,3135.02,26.82623712,174.7103102,151.0768857
March,118,19795.52,1662.626667,34,12,15,3135.02,27.57515856,61.27863699,224.508559
April,118,19795.52,1662.626667,34,12,15,3135.02,36.64689472,76.75799675,229.0291992
May,118,19795.52,1662.626667,34,17,1106,3135.02,34.36590976,143.6098707,162.1773252
June,118,19795.52,1662.626667,34,12,18,3135.02,28.86964153,104.3003302,191.4868658
January,119,60938.13,5163.1775,31,12,17,3947.24,21.7448835,166.4876761,231.5254005
February,119,60938.13,5163.1775,31,9,15,3947.24,24.10018317,10000,
March,119,60938.13,5163.1775,31,7,13,3947.24,25.8211221,570.8378294,
April,119,60938.13,5163.1775,31,11,15,3947.24,29.55800086,205.355955,192.6571217
May,119,60938.13,5163.1775,31,5,9,3947.24,35.40968589,464.5784432,
June,119,60938.13,5163.1775,31,11,15,3947.24,30.93143532,118.582521,259.4305556
January,120,80396.86,6623.738333,9,4,12,1357.54,34.92686537,266.0130452,646.3607881
February,120,80396.86,6623.738333,9,8,12,1357.54,37.80897424,482.1142572,450.2595761
March,120,80396.86,6623.738333,9,8,10,1357.54,38.45991946,159.9030718,752.4707615
April,120,80396.86,6623.738333,9,5,10,1357.54,31.31834536,305.4240013,646.949832
May,120,80396.86,6623.738333,9,6,0,1357.54,29.0785458,0,724.5586823
June,120,80396.86,6623.738333,9,8,0,1357.54,26.53000279,422.5870729,519.7867604
January,121,57610.32,4517.86,25,17,18,4428.64,40.4575377,10000,53.7543837
February,121,57610.32,4517.86,25,10,16,4428.64,30.25440338,135.0449567,310.506864
March,121,57610.32,4517.86,25,15,16,4428.64,31.6279151,146.147221,299.4045998
April,121,57610.32,4517.86,25,15,16,4428.64,37.0851965,36.03012555,399.5216952
May,121,57610.32,4517.86,25,15,18,4428.64,27.24640215,186.604381,278.9474397
June,121,57610.32,4517.86,25,19,16,4428.64,24.53738087,415.0140243,60.5377965
January,122,18717.02,1294.751667,15,15,16,2103.99,32.72190461,172.2831653,186.5450081
February,122,18717.02,1294.751667,15,15,16,2103.99,28.88914591,51.66822154,307.1599518
March,122,18717.02,1294.751667,15,14,11,2103.99,30.04811835,0,275.1046939
April,122,18717.02,1294.751667,15,14,0,2103.99,25.27099616,71.0085451,257.8196283
May,122,18717.02,1294.751667,15,11,12,2103.99,27.19345256,39.90549924,278.9226741
June,122,18717.02,1294.751667,15,14,0,2103.99,31.58328883,0,274.9008231
January,123,19163.22,1346.935,7,14,8,2226.37,38.08096369,15.20673351,345.3111188
February,123,19163.22,1346.935,7,14,10,2226.37,35.68057374,165.7348717,234.7829806
March,123,19163.22,1346.935,7,14,9,2226.37,31.19125771,167.8781191,232.6397333
April,123,19163.22,1346.935,7,14,11,2226.37,26.14779838,35.39321437,325.124638
May,123,19163.22,1346.935,7,22,18,2226.37,35.98159627,13.80248657,336.7153658
June,123,19163.22,1346.935,7,27,18,2226.37,36.34917939,81.72630033,288.791552
January,124,94554.87,7914.5725,2,22,18,1487.9,27.61540225,626.30901,455.14824
February,124,94554.87,7914.5725,2,22,19,1487.9,30.87069771,300.3255397,761.1317103
March,124,94554.87,7914.5725,2,22,18,1487.9,36.70593008,443.7484006,607.7088494
April,124,94554.87,7914.5725,2,27,18,1487.9,32.9629716,409.4268586,662.0303914
May,124,94554.87,7914.5725,2,22,16,1487.9,34.25162577,119.4020845,922.0551655
June,124,94554.87,7914.5725,2,22,18,1487.9,41.30293329,10000,946.5394343
January,125,63536.98,5382.748333,12,14,17,89.62,34.95044799,517.0200747,242.1539061
February,125,63536.98,5382.748333,12,8,20,89.62,35.39597764,36.73241195,672.4415688
March,125,63536.98,5382.748333,12,12,17,89.62,35.72994933,97.69166507,611.4823157
April,125,63536.98,5382.748333,12,12,17,89.62,37.01537952,528.334993,230.8389878
May,125,63536.98,5382.748333,12,12,17,89.62,37.3898604,0,440.9182314
June,125,63536.98,5382.748333,12,12,16,89.62,34.81149096,451.6381889,287.5357919
January,126,9983.345,758.9454167,15,12,20,1823.35,36.98828769,0,261.6554806
February,126,9983.345,758.9454167,15,12,17,1823.35,29.50942274,18.18202077,278.4710022
March,126,9983.345,758.9454167,15,33,18,1823.35,39.63775601,47.64921348,279.0038095
April,126,9983.345,758.9454167,15,33,18,1823.35,26.61197778,42.3798964,264.2731266
May,126,9983.345,758.9454167,15,35,19,1823.35,30.27487769,0,277.7414585
June,126,9983.345,758.9454167,15,33,17,1823.35,33.65902861,10000,288.3958605
January,127,27796.42,2300.368333,16,36,19,1073.94,41.02732543,128.2161902,325.7530119
February,127,27796.42,2300.368333,16,33,19,1073.94,30.38965549,130.0996114,333.8695906
March,127,27796.42,2300.368333,16,33,19,1073.94,37.15621874,75.71790454,368.2512975
April,127,27796.42,2300.368333,16,33,21,1073.94,24.05756073,84.99894038,358.9702617
May,127,27796.42,2300.368333,16,26,15,1073.94,40.35044711,200.6710898,263.2981122
June,127,27796.42,2300.368333,16,23,15,1073.94,22.20576058,302.0617222,181.9074799
January,128,132872.72,11203.72667,10,22,17,89.68,33.45134938,353.122864,882.4191203
February,128,132872.72,11203.72667,10,23,15,89.68,42.39788392,475.9167981,779.6251862
March,128,132872.72,11203.72667,10,23,17,89.68,41.34188581,258.8751188,956.6668655
April,128,132872.72,11203.72667,10,23,0,89.68,29.35715298,913.1710383,352.370946
May,128,132872.72,11203.72667,10,23,15,89.68,27.62293379,514.0429431,731.4990412
June,128,132872.72,11203.72667,10,23,15,89.68,40.08150518,223.3183671,992.2236172
January,129,140014.36,11662.86333,18,9,2,1151.7,34.92454851,423.6241662,644.0417706
February,129,140014.36,11662.86333,18,13,2,1151.7,33.12940702,377.0611543,690.6047825
March,129,140014.36,11662.86333,18,18,2,1151.7,25.05169905,843.1987396,254.4671973
April,129,140014.36,11662.86333,18,13,1,1151.7,33.49290201,0,779.5739541
May,129,140014.36,11662.86333,18,13,0,1151.7,37.3982318,364.0138411,713.6520957
June,129,140014.36,11662.86333,18,13,5,1151.7,26.57131271,388.0007706,679.6651663
January,130,37071.2,3006.266667,6,13,2,869.99,34.98833625,386.8995613,129.0368339
February,130,37071.2,3006.266667,6,11,2,869.99,34.97119016,68.25104822,397.6853471
March,130,37071.2,3006.266667,6,6,13,869.99,28.31939476,142.8943811,353.0420142
April,130,37071.2,3006.266667,6,10,15,869.99,39.63081461,276.8189914,239.1174038
May,130,37071.2,3006.266667,6,5,13,869.99,30.6853671,57.42272997,408.5136653
June,130,37071.2,3006.266667,6,5,13,869.99,32.25082082,68.03216109,397.9042342
January,131,41735.55,3357.9625,8,5,16,1480.92,32.50328427,98.89486393,387.2872394
February,131,41735.55,3357.9625,8,4,13,1480.92,25.48749105,60.16086359,406.0212397
March,131,41735.55,3357.9625,8,1,13,1480.92,22.07844595,10000,77.07838234
April,131,41735.55,3357.9625,8,3,12,1480.92,34.23860845,387.4665448,128.7155585
May,131,41735.55,3357.9625,8,14,20,1480.92,35.28428516,10000,223.4435146
June,131,41735.55,3357.9625,8,13,19,1480.92,34.51094824,87.83142994,388.3506734
January,132,40391.66,3357.971667,18,14,21,1950.62,38.3957798,270.6282467,284.7980916
February,132,40391.66,3357.971667,18,14,0,1950.62,30.76603966,89.65122047,435.7751178
March,132,40391.66,3357.971667,18,14,20,1950.62,34.54141617,313.4191447,242.0071935
April,132,40391.66,3357.971667,18,14,20,1950.62,23.34722076,253.0619063,292.364432
May,132,40391.66,3357.971667,18,13,20,1950.62,25.19202672,34.14143378,481.2849045
June,132,40391.66,3357.971667,18,14,20,1950.62,31.13055404,189.4868251,355.9395131
January,133,7441.295,873.1079167,33,20,20,2569.3,30.21890538,96.30724364,255.5848048
February,133,7441.295,873.1079167,33,24,20,2569.3,36.05020819,94.21915196,257.6728965
March,133,7441.295,873.1079167,33,24,21,2569.3,23.21011461,42.12400278,299.7680457
April,133,7441.295,873.1079167,33,24,20,2569.3,35.34160912,38.81360837,313.0784401
May,133,7441.295,873.1079167,33,24,0,2569.3,27.06896868,56.93823725,284.9538112
June,133,7441.295,822.5517437,33,24,0,2569.3,29.12876324,55.39678502,296.4952634
January,134,19065.32,1497.776667,5,24,23,2008.06,29.44953194,63.52147977,290.0437129
February,134,19065.32,1497.776667,5,26,20,2008.06,29.75799884,20.9689828,292.5962099
March,134,19065.32,1497.776667,5,11,17,2008.06,35.93733555,32.88341822,290.6817744
April,134,19065.32,1497.776667,5,12,18,2008.06,39.0721852,107.4232711,256.1419215
May,134,19065.32,1497.776667,5,7,17,2008.06,30.09094621,166.2444409,197.3207518
June,134,19065.32,1497.776667,5,12,17,2008.06,29.54374905,54.20504868,269.360144
January,135,24585.55,2316.795833,14,12,14,195.38,30.63404463,43.26624308,397.9655633
February,135,24585.55,2316.795833,14,12,14,195.38,35.07876591,139.0459843,352.1858221
March,135,24585.55,2316.795833,14,12,17,195.38,37.73274571,58.81931338,392.412493
April,135,24585.55,2316.795833,14,17,834,195.38,37.75461207,50.46839601,390.7634104
May,135,24585.55,2316.795833,14,26,19,195.38,27.45654797,50.95979278,410.2720136
June,135,24585.55,2316.795833,14,26,19,195.38,35.7593548,109.38613,381.8456764
January,136,15013.73,1127.144167,14,26,21,1403.17,31.79668961,75.20945229,265.9570402
February,136,15013.73,1127.144167,14,26,22,1403.17,26.9483472,138.0087413,213.1577512
March,136,15013.73,1127.144167,14,26,21,1403.17,25.55029323,38.98803587,312.1784566
April,136,15013.73,1127.144167,14,26,19,1403.17,27.42627956,129.5271333,221.6393592
May,136,15013.73,1127.144167,14,26,19,1403.17,32.67643149,151.225327,199.9411655
June,136,15013.73,1127.144167,14,29,20,1403.17,36.28518212,0,279.4875339
January,137,126006.68,1127.144167,20,16,19,385.8,22.98972216,1069.38991,40.19842748
February,137,126006.68,1127.144167,20,16,19,385.8,29.54094702,718.6753577,370.9129797
March,137,126006.68,1127.144167,20,16,19,385.8,30.68741311,264.1068678,835.4814696
April,137,126006.68,1127.144167,20,16,19,385.8,28.67155267,1082.820731,26.76760652
May,137,126006.68,10693.55667,20,16,20,385.8,34.86719994,408.2953699,671.2929675
June,137,126006.68,10693.55667,20,16,19,385.8,27.89543048,248.7005808,830.8877566
January,138,102885.32,8643.776667,16,14,19,605.34,22.39367942,857.7632224,222.4557808
February,138,102885.32,8643.776667,16,16,19,605.34,30.83825551,142.0658008,898.1532023
March,138,102885.32,8643.776667,16,14,10,605.34,28.40696052,298.1439608,742.0750423
April,138,102885.32,8643.776667,16,16,10,605.34,35.61185297,547.8315332,532.38747
May,138,102885.32,8643.776667,16,16,13,605.34,27.65699989,495.6310264,584.5879767
June,138,102885.32,8643.776667,16,16,11,605.34,37.26393252,215.6344577,814.5845454
January,139,34212.01,2847.000833,10,16,10,512.38,29.74634663,270.2397718,237.7838982
February,139,34212.01,2847.000833,10,16,10,512.38,28.44296251,380.9233337,127.1003363
March,139,34212.01,2847.000833,10,16,12,512.38,37.57055171,205.3957988,292.6278713
April,139,34212.01,2847.000833,10,16,10,512.38,31.85203897,150.7068026,327.3168674
May,139,34212.01,2847.000833,10,51,26,512.38,32.64457795,26.2700848,431.7535852
June,139,34212.01,2847.000833,10,46,23,512.38,28.43167429,236.8755134,261.1481567
January,140,118487.16,9810.93,20,46,20,140.26,33.66718198,354.2155581,595.3165737
February,140,118487.16,9810.93,20,46,23,140.26,36.90906559,361.4271888,598.104943
March,140,118487.16,9810.93,20,46,24,140.26,42.19925093,10000,745.5185944
April,140,118487.16,9810.93,20,46,23,140.26,36.72347393,359.2148112,580.3173206
May,140,118487.16,9810.93,20,44,23,140.26,30.1391876,10000,508.6532572
June,140,118487.16,9810.93,20,44,23,140.26,35.48599081,683.3484299,276.1837018
January,141,77418.52,6450.543333,20,34,22,3962.08,38.23495907,144.9603486,411.0629524
February,141,77418.52,6450.543333,20,34,22,3962.08,34.76165175,212.3977646,373.6255364
March,141,77418.52,6450.543333,20,34,22,3962.08,31.32632678,398.4666506,177.5566505
April,141,77418.52,6450.543333,20,34,22,3962.08,29.66000321,260.7781408,325.2451603
May,141,77418.52,6450.543333,20,31,20,3962.08,34.9494044,135.7398457,410.2834554
June,141,77418.52,6450.543333,20,34,22,3962.08,23.11099851,78.03120583,467.9920952
January,142,24199.24,1951.603333,6,34,23,784.35,36.68708626,22.73334864,398.5406793
February,142,24199.24,1951.603333,6,34,22,784.35,34.00487515,36.25883985,405.015188
March,142,24199.24,1951.603333,6,17,9,784.35,32.68423992,57.54456034,373.7294676
April,142,24199.24,1951.603333,6,19,8,784.35,29.9128427,89.24234197,352.0316859
May,142,24199.24,1951.603333,6,15,9,784.35,34.76654025,10000,392.5004253
June,142,24199.24,1951.603333,6,17,11,784.35,29.91285816,42.2534408,379.0205871
January,143,28587.29,2621.274167,7,17,12,1496.38,32.11737767,185.9603642,366.1670525
February,143,28587.29,2621.274167,7,17,9,1496.38,27.75209038,129.737134,422.3902827
March,143,28587.29,2621.274167,7,17,10,1496.38,30.01478966,135.7092806,416.4181361
April,143,28587.29,2621.274167,7,20,12,1496.38,34.26125934,88.74306479,463.3843519
May,143,28587.29,2621.274167,7,13,9,1496.38,36.65870652,210.6243801,321.5030366
June,143,28587.29,2621.274167,7,13,11,1496.38,28.71481315,84.66215367,447.465263
January,144,16578.115,1426.509583,15,11,9,1054.86,34.12223746,25.85641455,345.3685717
February,144,16578.115,1426.509583,15,13,0,1054.86,35.67735785,58.17679932,353.0481869
March,144,16578.115,1426.509583,15,12,9,1054.86,35.73134519,28.29133226,342.933654
April,144,16578.115,1426.509583,15,13,9,1054.86,38.49923983,54.14674132,327.0782449
May,144,16578.115,1426.509583,15,13,9,1054.86,23.6956535,120.4907632,290.734223
June,144,16578.115,1426.509583,15,13,10,1054.86,29.04880468,53.91212946,347.3128568
January,145,74647.4,6327.616667,20,28,20,4167.43,26.0383526,142.361499,420.8247656
February,145,74647.4,6327.616667,20,28,20,4167.43,32.84289151,59.45679,503.7294746
March,145,74647.4,6327.616667,20,28,20,4167.43,31.65975843,161.5712331,401.6150314
April,145,74647.4,6327.616667,20,28,21,4167.43,35.71557292,141.2712372,441.9150274
May,145,74647.4,6327.616667,20,28,20,4167.43,31.68085601,553.8526995,49.33356508
June,145,74647.4,6327.616667,20,23,18,4167.43,38.34225381,158.3173101,404.8689545
January,146,34766.06,3133.171667,11,28,19,1374.23,32.0262087,339.1781648,186.0458952
February,146,34766.06,3133.171667,11,31,20,1374.23,28.66007022,10000,376.2366464
March,146,34766.06,3133.171667,11,23,9,1374.23,35.56142106,182.6155519,342.608508
April,146,34766.06,3133.171667,11,25,10,1374.23,33.29576662,139.5136038,355.7104561
May,146,34766.06,3133.171667,11,25,11,1374.23,26.77336524,59.75858627,425.4654737
June,146,34766.06,3133.171667,11,25,0,1374.23,32.74411423,72.89949541,422.3245645
January,147,16852.635,1691.38625,9,21,14,775.22,34.05590813,136.2137084,302.9249166
February,147,16852.635,1691.38625,9,23,11,775.22,39.50487104,69.04340589,380.0952191
March,147,16852.635,1691.38625,9,25,11,775.22,32.78745821,114.6230507,344.5155743
April,147,16852.635,1691.38625,9,27,8,775.22,28.01965469,26.8701924,382.2684326
May,147,16852.635,1691.38625,9,19,3,775.22,26.53290254,39.60976624,369.5288588
June,147,16852.635,1691.38625,9,19,0,775.22,27.96080591,61.1265106,398.0121144
January,148,33502.1,2890.841667,27,19,3,2362.68,33.84241128,186.6985264,233.7777131
February,148,33502.1,2890.841667,27,24,3,2362.68,32.80233908,191.2771121,229.1991274
March,148,33502.1,2890.841667,27,22,3,2362.68,33.19100843,335.337723,85.13851653
April,148,33502.1,2890.841667,27,19,0,2362.68,32.98116761,72.56920724,307.9070323
May,148,33502.1,2890.841667,27,16,0,2362.68,24.18776124,123.5680549,296.9081846
June,148,33502.1,2890.841667,27,19,3,2362.68,32.82688726,45.48514242,334.9910971
January,149,91690.53,7795.8775,2,10,5,1295.18,27.35397853,254.8699601,643.8669321
February,149,91690.53,7795.8775,2,9,6,1295.18,38.01529334,156.0510657,732.6858265
March,149,91690.53,7795.8775,2,9,8,1295.18,35.36268416,217.3947251,711.3421671
April,149,91690.53,7795.8775,2,13,3,1295.18,26.19820232,545.4780277,383.2588646
May,149,91690.53,7795.8775,2,9,6,1295.18,38.66431766,371.4258097,557.3110826
June,149,91690.53,7795.8775,2,9,6,1295.18,37.6942541,289.4477866,609.2891056
January,150,30502.54,2595.878333,24,9,6,1672.68,37.25100052,43.83991212,301.3545629
February,150,30502.54,2595.878333,24,9,6,1672.68,34.87312303,168.0204875,207.1739875
March,150,30502.54,2595.878333,24,7,3,1672.68,27.97107605,216.1796301,179.014845
April,150,30502.54,2595.878333,24,7,0,1672.68,32.0878068,0,161.9335635
May,150,30502.54,2595.878333,24,7,0,1672.68,37.50922877,106.5824454,248.6120297
June,150,30502.54,2595.878333,24,12,0,1672.68,34.62966312,20.99723703,324.197238
January,151,30272.61,2258.7175,15,7,0,180.94,35.62726893,128.3534494,369.5424496
February,151,30272.61,2258.7175,15,2,0,180.94,36.36723057,156.7351886,311.1607104
March,151,30272.61,2258.7175,15,9,0,180.94,24.92422156,145.7232424,332.1726566
April,151,30272.61,2258.7175,15,7,0,180.94,38.13742934,128.6410776,349.2548214
May,151,30272.61,2258.7175,15,31,17,180.94,26.15751353,124.7341359,353.1617631
June,151,30272.61,2258.7175,15,31,17,180.94,31.78766414,162.7897104,335.1061886
January,152,59971.42,5190.618333,6,31,17,203.03,39.58066955,217.6930633,463.4315287
February,152,59971.42,5190.618333,6,31,17,203.03,32.60829425,398.1844951,302.940097
March,152,59971.42,5190.618333,6,36,17,203.03,27.43864956,108.9602477,542.1643443
April,152,59971.42,5190.618333,6,31,17,203.03,36.61509401,81.93143455,579.1931575
May,152,59971.42,5190.618333,6,29,19,203.03,30.37106369,171.767829,499.356763
June,152,59971.42,5190.618333,6,31,17,203.03,37.97601468,63.43139147,597.6932006
January,153,42220.39,3490.365833,1,19,7,257.81,25.56459705,93.31106009,380.4551271
February,153,42220.39,3490.365833,1,19,8,257.81,26.87244765,219.4359664,264.3302207
March,153,42220.39,3490.365833,1,19,8,257.81,28.6426246,331.3087925,172.4573946
April,153,42220.39,3490.365833,1,19,8,257.81,29.92048346,166.2878549,327.4783322
May,153,42220.39,3490.365833,1,19,8,257.81,33.1033798,138.822868,324.9433192
June,153,42220.39,3490.365833,1,19,8,257.81,32.08385288,181.2826135,322.4835737
January,154,43581.13,3566.760833,9,19,10,900.83,37.27591161,120.203879,413.4391267
February,154,43581.13,3566.760833,9,19,8,900.83,25.00899806,451.5403574,92.10264827
March,154,43581.13,3566.760833,9,14,3,900.83,40.95969613,39.53457993,464.1084257
April,154,43581.13,3566.760833,9,14,3,900.83,25.61272993,57.05960796,446.5833977
May,154,43581.13,3566.760833,9,12,6,900.83,34.13471492,79.46497696,414.1780287
June,154,43581.13,3566.760833,9,14,3,900.83,38.11566497,182.6181577,361.0248479
January,155,28681.38,2127.115,2,9,0,467.64,26.21133323,189.688518,303.022982
February,155,28681.38,2127.115,2,15,3,467.64,38.11375608,57.84732471,414.8641753
March,155,28681.38,2127.115,2,14,0,467.64,25.39354008,183.9762249,308.7352751
April,155,28681.38,2127.115,2,14,2,467.64,23.48687745,0,379.0302627
May,155,28681.38,2127.115,2,22,20,467.64,23.91529125,177.0887087,305.6227913
June,155,28681.38,2127.115,2,22,22,467.64,27.80797513,42.14609888,420.5654011
January,156,35376.32,2717.026667,19,25,23,1166.47,34.78417245,57.83548953,405.6505068
February,156,35376.32,2717.026667,19,22,20,1166.47,39.99222456,61.4909092,401.9950871
March,156,35376.32,2717.026667,19,17,20,1166.47,28.44892451,317.5063563,185.97964
April,156,35376.32,2717.026667,19,22,20,1166.47,31.42112705,10000,317.1611418
May,156,35376.32,2717.026667,19,23,21,1166.47,30.24080727,126.1543147,357.3316816
June,156,35376.32,2717.026667,19,22,20,1166.47,35.67602081,59.79900184,413.6869945
January,157,15488.885,1273.740417,4,15,21,1287.59,27.65170151,10000,251.6506322
February,157,15488.885,1273.740417,4,15,22,1287.59,22.63546187,29.44719579,337.9268459
March,157,15488.885,1273.740417,4,15,21,1287.59,28.2454871,155.2232445,262.1507971
April,157,15488.885,1273.740417,4,15,18,1287.59,27.80802651,73.24941749,344.1246242
May,157,15488.885,1273.740417,4,15,21,1287.59,31.10834678,144.922638,272.4514036
June,157,15488.885,1273.740417,4,15,21,1287.59,30.80107913,97.70545172,319.6685899
January,158,19853.35,1726.445833,6,15,21,816.46,33.82929719,10000,369.6677237
February,158,19853.35,1726.445833,6,14,21,816.46,35.28021683,22.03026347,362.5423544
March,158,19853.35,1726.445833,6,24,18,816.46,38.35929016,62.06471233,342.5079055
April,158,19853.35,1726.445833,6,23,18,816.46,33.43584261,123.7961781,290.7764397
May,158,19853.35,1726.445833,6,26,17,816.46,28.15432154,84.41866077,320.1539571
June,158,19853.35,1726.445833,6,26,18,816.46,38.77875139,104.2653578,320.30726
January,159,115643.01,9910.9175,2,26,21,951.36,27.56800421,414.0255925,641.6721483
February,159,115643.01,9910.9175,2,26,18,951.36,30.64862041,670.2124917,395.4852492
March,159,115643.01,9910.9175,2,26,18,951.36,33.02244357,102.0319785,933.6657624
April,159,115643.01,9910.9175,2,26,21,951.36,23.40766359,868.4215954,207.2761454
May,159,115643.01,9910.9175,2,8,11,951.36,41.09080181,133.5556741,902.1420668
June,159,115643.01,9910.9175,2,8,11,951.36,30.2873135,644.4721303,431.2256105
January,160,7512.225,513.01875,14,8,13,540.07,27.51300973,32.37729898,288.2384683
February,160,7512.225,513.01875,14,8,10,540.07,23.90991208,63.02139644,257.5943709
March,160,7512.225,513.01875,14,7,0,540.07,33.85302645,53.16535684,267.4504105
April,160,7512.225,513.01875,14,8,11,540.07,29.15999445,42.59795497,278.0178123
May,160,7512.225,513.01875,14,8,11,540.07,26.06325537,10.13191094,270.4838564
June,160,7512.225,513.01875,14,8,11,540.07,30.79841422,25.80361934,294.812148
January,161,35161.46,2930.121667,32,41,23,4445.32,31.0425119,123.585426,346.0356564
February,161,35161.46,2930.121667,32,41,23,4445.32,29.46906222,82.98997859,346.6311039
March,161,35161.46,2930.121667,32,41,0,4445.32,29.68532244,204.8329297,264.7881528
April,161,35161.46,2930.121667,32,41,23,4445.32,33.15011988,78.34093426,381.2801482
May,161,35161.46,2930.121667,32,41,23,4445.32,28.41173359,37.42498443,392.196098
June,161,35161.46,2930.121667,32,41,23,4445.32,27.11896522,19.01948976,400.6015927
January,162,9133.045,777.0870833,34,44,0,3035.88,41.34692749,26.30815984,311.199516
February,162,9133.045,777.0870833,34,41,23,3035.88,37.47715843,60.06650759,277.4411683
March,162,9133.045,777.0870833,34,14,20,3035.88,37.62121972,42.1771251,285.3305508
April,162,9133.045,777.0870833,34,9,19,3035.88,32.01028671,46.48832383,281.019352
May,162,9133.045,777.0870833,34,9,17,3035.88,31.19875966,35.77146298,271.7362129
June,162,9133.045,777.0870833,34,11,18,3035.88,36.66944085,48.45451194,269.0531639
January,163,19283.47,1886.955833,34,9,19,4404.48,26.51448318,87.58752722,306.4916244
February,163,19283.47,1886.955833,34,9,16,4404.48,40.44311542,43.34465042,300.7345012
March,163,19283.47,1886.955833,34,7,18,4404.48,24.73345048,10000,149.6890621
April,163,19283.47,1886.955833,34,4,18,4404.48,36.81321436,118.9762629,265.1028887
May,163,19283.47,1886.955833,34,23,18,4404.48,24.26782583,45.36876137,308.7103902
June,163,19283.47,1886.955833,34,23,19,4404.48,38.01777594,25.49382195,318.5853297
January,164,66502.76,5379.896667,1,21,18,276.91,40.27395345,82.10389005,625.7856023
February,164,66502.76,5379.896667,1,18,19,276.91,25.85623159,131.0999091,566.7895833
March,164,66502.76,5379.896667,1,25,18,276.91,33.4594584,70.98632216,636.9031702
April,164,66502.76,5379.896667,1,18,18,276.91,31.26324999,97.47015739,600.419335
May,164,66502.76,5379.896667,1,23,19,276.91,23.33091259,374.667545,353.2219474
June,164,66502.76,5379.896667,1,23,22,276.91,35.76220154,211.1375988,506.7518935
January,165,9444.795,850.06625,28,9,0,1701.58,38.48831078,92.59222789,254.8194468
February,165,9444.795,850.06625,28,9,0,1701.58,35.18216454,28.49645707,278.9152176
March,165,9444.795,850.06625,28,9,1,1701.58,35.76303907,10000,255.860069
April,165,9444.795,850.06625,28,9,0,1701.58,30.66682464,71.40615723,276.0055175
May,165,9444.795,850.06625,28,9,0,1701.58,33.20798895,83.43984726,263.9718274
June,165,9444.795,850.06625,28,4,0,1701.58,36.85162288,20.14142612,277.2702486
January,166,70112.78,5989.731667,3,9,1,877.06,36.97651581,433.1852678,376.069951
February,166,70112.78,5989.731667,3,9,0,877.06,27.43320195,469.3210996,339.9341192
March,166,70112.78,5989.731667,3,29,14,877.06,29.76451184,545.8562339,263.3989849
April,166,70112.78,5989.731667,3,33,0,877.06,35.54211365,541.2524164,268.0028024
May,166,70112.78,5989.731667,3,26,16,877.06,35.44189502,94.87331908,674.3818997
June,166,70112.78,5989.731667,3,29,15,877.06,33.51310192,0,666.7678119
January,167,15604.56,1389.38,25,29,13,2686.18,37.27594078,93.21312485,277.812525
February,167,15604.56,1389.38,25,29,16,2686.18,31.09297235,65.8787918,325.1468581
March,167,15604.56,1389.38,25,29,16,2686.18,27.39811578,56.0390886,314.9865613
April,167,15604.56,1389.38,25,29,16,2686.18,37.98187464,169.0607979,221.964852
May,167,15604.56,1389.38,25,22,16,2686.18,37.20855788,62.34275238,298.6828975
June,167,15604.56,1389.38,25,22,16,2686.18,38.61447028,25.9869617,335.0386882
January,168,68935.26,5518.605,8,22,16,457.81,23.06996228,208.5060891,490.5581022
February,168,68935.26,5518.605,8,22,16,457.81,34.69013759,10000,584.1471399
March,168,68935.26,5518.605,8,22,0,457.81,37.45209398,739.7896616,
April,168,68935.26,5518.605,8,27,16,457.81,27.6047595,215.0382826,484.0259088
May,168,68935.26,5518.605,8,22,16,457.81,36.53246992,371.8341314,337.2300599
June,168,68935.26,5518.605,8,22,16,457.81,36.50307552,162.8164817,536.2477096
January,169,31807,2733.583333,14,18,14,611.04,24.10101884,195.2840071,332.5206354
February,169,31807,2733.583333,14,18,14,611.04,29.95563613,59.79390725,418.0107352
March,169,31807,2733.583333,14,20,13,611.04,23.41143447,10000,349.8835461
April,169,31807,2733.583333,14,18,16,611.04,27.06705363,32.15559293,455.6490495
May,169,31807,2733.583333,14,18,11,611.04,33.56369078,159.3500743,338.4545682
June,169,31807,2733.583333,14,20,14,611.04,25.15308482,104.8348455,382.969797
January,170,10025.2,1089.433333,21,18,15,1409.58,36.61446866,141.3578697,216.1538873
February,170,10025.2,1089.433333,21,18,11,1409.58,37.44166625,10000,290.7693068
March,170,10025.2,1089.433333,21,11,7,1409.58,28.82956825,83.79413236,253.7176246
April,170,10025.2,1089.433333,21,14,6,1409.58,36.18180914,65.98234303,291.529414
May,170,10025.2,1089.433333,21,14,5,1409.58,30.80777958,0,311.9552779
June,170,10025.2,1089.433333,21,14,7,1409.58,37.5870229,10000,313.6858346
January,171,64036.88,5591.406667,15,11,8,1635.19,37.2691958,475.3623658,245.9522395
February,171,64036.88,5591.406667,15,14,0,1635.19,30.4775069,307.9415911,403.3730142
March,171,64036.88,5591.406667,15,14,4,1635.19,39.58268408,93.11963409,578.1949712
April,171,64036.88,5591.406667,15,14,5,1635.19,32.85935458,297.9761044,413.3385009
May,171,64036.88,5591.406667,15,23,8,1635.19,34.17436022,408.9846947,302.3299106
June,171,64036.88,5591.406667,15,27,10,1635.19,37.68110354,0,608.441419
January,172,9783.245,908.2704167,29,27,10,1684.06,32.48217556,94.75302405,233.2348839
February,172,9783.245,908.2704167,29,27,10,1684.06,35.81234018,87.82352528,230.1643827
March,172,9783.245,908.2704167,29,27,12,1684.06,36.56831665,34.54547793,293.4424301
April,172,9783.245,908.2704167,29,27,10,1684.06,36.00260723,80.78357717,237.2043308
May,172,9783.245,908.2704167,29,27,9,1684.06,39.30674058,31.69155149,266.2963565
June,172,9783.245,908.2704167,29,27,9,1684.06,33.39004369,120.5055564,207.4823516
January,173,86522.72,7098.226667,13,17,2672,455.22,39.76005144,95.86465456,808.6933307
February,173,86522.72,7098.226667,13,14,5,455.22,29.33748968,139.8368013,774.721184
March,173,86522.72,7098.226667,13,14,5,455.22,35.72838676,297.1751329,627.3828524
April,173,86522.72,7098.226667,13,14,3,455.22,31.59459157,322.233403,602.3245823
May,173,86522.72,7098.226667,13,14,5,455.22,29.96454401,182.1269494,752.4310359
June,173,86522.72,7098.226667,13,14,5,455.22,41.34223418,179.7084198,724.8495655
January,174,124419.66,10221.305,11,14,5,923.85,32.05791074,338.6474398,589.3015246
February,174,124419.66,10221.305,11,14,8,923.85,25.89328065,153.5073452,764.4416192
March,174,124419.66,10221.305,11,19,6,923.85,25.09173299,489.4492844,468.4996801
April,174,124419.66,10221.305,11,15,6,923.85,39.6747794,460.327041,497.6219234
May,174,124419.66,10221.305,11,15,0,923.85,39.84859775,685.6839887,252.2649757
June,174,124419.66,10221.305,11,15,5,923.85,32.81519327,384.9861356,542.9628288
January,175,15606.515,1234.542917,6,15,4,257.85,30.0612628,11.91253583,315.9153833
February,175,15606.515,1234.542917,6,15,4,257.85,33.83458662,83.46627906,274.3616401
March,175,15606.515,1234.542917,6,15,6,257.85,29.05478377,110.8730164,256.9549028
April,175,15606.515,1234.542917,6,15,7,257.85,31.79140125,35.99312572,311.8347934
May,175,15606.515,1234.542917,6,35,23,257.85,26.32681457,42.60892273,305.2189964
June,175,15606.515,1234.542917,6,35,20,257.85,34.19296784,116.2624209,261.5654983
January,176,28230.92,2184.576667,32,35,20,2989.13,28.35377488,10000,162.5484461
February,176,28230.92,2184.576667,32,30,23,2989.13,30.32802113,278.5433234,97.43321534
March,176,28230.92,2184.576667,32,39,21,2989.13,31.63443343,47.01439107,298.9621477
April,176,28230.92,2184.576667,32,35,24,2989.13,34.11060485,186.0192201,169.9573187
May,176,28230.92,2184.576667,32,35,23,2989.13,36.07550414,194.7423576,161.2341812
June,176,28230.92,2184.576667,32,33,23,2989.13,26.00590564,278.191081,97.78545783
January,177,10623.765,895.31375,18,17,16,181.68,25.24975772,33.32194172,319.6941533
February,177,10623.765,895.31375,18,17,16,181.68,32.99101556,21.04730907,281.968786
March,177,10623.765,895.31375,18,17,16,181.68,30.25241705,35.27977495,317.7363201
April,177,10623.765,895.31375,18,17,14,181.68,36.73851076,32.34011518,310.6759799
May,177,10623.765,895.31375,18,17,16,181.68,32.39269322,106.1434122,246.8726828
June,177,10623.765,895.31375,18,18,19,181.68,29.41001565,45.37842493,307.6376701
January,178,11970.955,1169.579583,7,17,16,889.62,33.26282623,44.42759779,317.6451658
February,178,11970.955,1169.579583,7,15,13,889.62,33.8466937,109.9436352,282.1291284
March,178,11970.955,1169.579583,7,23,14,889.62,28.07761032,49.99400702,332.0787566
April,178,11970.955,1169.579583,7,23,14,889.62,39.22939643,65.05655859,327.016205
May,178,11970.955,1169.579583,7,23,14,889.62,25.76219107,106.8432032,275.2295604
June,178,11970.955,1169.579583,7,23,14,889.62,30.59268898,63.83498355,318.2377801
January,179,112362.76,1169.579583,5,23,14,1358.65,42.06028306,163.7235424,767.9551331
February,179,112362.76,9279.563333,5,23,14,1358.65,36.57227198,191.5464789,740.1321966
March,179,112362.76,9279.563333,5,27,14,1358.65,32.73703846,255.5696959,686.1089796
April,179,112362.76,9279.563333,5,23,15,1358.65,33.71460371,146.6506006,795.028075
May,179,112362.76,9279.563333,5,9,14,1358.65,26.14313661,256.6155198,715.0631558
June,179,112362.76,9279.563333,5,9,14,1358.65,31.40208793,204.2274394,727.4512362
January,180,33335.24,3059.936667,8,9,0,1226.23,30.98273421,88.11987223,476.3352464
February,180,33335.24,3059.936667,8,9,13,1226.23,38.09268613,148.9713256,405.483793
March,180,33335.24,3059.936667,8,9,14,1226.23,38.57620843,22.44818432,502.0069343
April,180,33335.24,3059.936667,8,10,14,1226.23,27.46252398,53.05852244,471.3965962
May,180,33335.24,3059.936667,8,9,14,1226.23,38.51753498,59.6921288,464.7629898
June,180,33335.24,3059.936667,8,9,0,1226.23,37.97942858,201.2702606,373.184858
January,181,131577.84,3059.936667,3,23,12,816.21,35.46722492,239.2669445,935.9028596
February,181,131577.84,3059.936667,3,18,7,816.21,38.90990945,468.3495251,746.820279
March,181,131577.84,3059.936667,3,20,9,816.21,40.70004607,281.2547725,903.9150316
April,181,131577.84,3059.936667,3,23,9,816.21,29.59197703,585.2536115,619.9161926
May,181,131577.84,3059.936667,3,23,12,816.21,30.59204017,988.994679,226.1751251
June,181,131577.84,3059.936667,3,23,7,816.21,29.99205292,167.3210815,1007.848723
January,182,32314.44,2805.87,5,19,9,1339.6,26.92427772,270.2810239,210.0917846
February,182,32314.44,2805.87,5,23,9,1339.6,36.63151119,151.9409799,318.4318286
March,182,32314.44,2805.87,5,13,12,1339.6,32.94627527,73.39764612,386.9751623
April,182,32314.44,2805.87,5,11,11,1339.6,23.66573212,176.8415853,313.5312232
May,182,32314.44,2805.87,5,16,12,1339.6,30.11502584,95.19105821,375.1817503
June,182,32314.44,2805.87,5,9,12,1339.6,30.44585275,189.4042624,270.968546
January,183,61235.6,4870.966667,7,8,12,71.52,38.84510679,214.8214093,534.6206576
February,183,61235.6,4870.966667,7,13,12,71.52,34.26205575,0,630.8990098
March,183,61235.6,4870.966667,7,13,11,71.52,32.20393878,120.8691196,588.5729472
April,183,61235.6,4870.966667,7,13,13,71.52,27.37432422,173.3238099,536.118257
May,183,61235.6,4870.966667,7,11,13,71.52,37.11285823,103.4453987,615.9966682
June,183,61235.6,4870.966667,7,14,0,71.52,32.75305113,563.19791,186.2441569
January,184,19078.93,1304.910833,20,13,13,265.86,37.31055443,91.65269595,328.8383874
February,184,19078.93,1304.910833,20,14,13,265.86,23.16393009,57.84103191,362.6500514
March,184,19078.93,1304.910833,20,14,13,265.86,29.63214643,68.52655644,351.9645269
April,184,19078.93,1304.910833,20,14,0,265.86,22.81903237,140.5061763,279.984907
May,184,19078.93,1304.910833,20,14,13,265.86,29.43096295,78.81926895,341.6718144
June,184,19078.93,1304.910833,20,14,14,265.86,30.42834498,55.6242093,354.866874
January,185,83703.52,1304.910833,27,21,9,4525.08,24.74205399,337.6182379,284.6737837
February,185,83703.52,1304.910833,27,18,9,4525.08,31.78425397,10000,226.975682
March,185,83703.52,6955.293333,27,18,9,4525.08,40.46506994,533.9793107,68.31271094
April,185,83703.52,6955.293333,27,18,0,4525.08,39.61509803,89.17149835,493.1205233
May,185,83703.52,6955.293333,27,16,10,4525.08,26.02276244,122.236813,450.0552087
June,185,83703.52,6955.293333,27,18,9,4525.08,32.72518549,386.6270807,215.664941
January,186,99127.04,8217.586667,10,18,9,1126.35,35.0425359,0,685.5960317
February,186,99127.04,8217.586667,10,18,9,1126.35,38.1773235,194.297459,631.4760598
March,186,99127.04,8217.586667,10,17,20,1126.35,37.25037761,65.07212528,750.7013935
April,186,99127.04,8217.586667,10,15,20,1126.35,31.56061978,139.0998511,686.6736678
May,186,99127.04,8217.586667,10,15,22,1126.35,35.89359309,148.2089008,667.564618
June,186,99127.04,8217.586667,10,15,20,1126.35,32.77576375,353.1232655,502.6502533
January,187,10405.01,694.0841667,30,15,20,2086.22,31.13203623,47.82292504,277.9826967
February,187,10405.01,694.0841667,30,15,20,2086.22,31.70034659,45.76944905,250.0361727
March,187,10405.01,694.0841667,30,15,21,2086.22,24.52577775,59.14913717,256.6564846
April,187,10405.01,694.0841667,30,11,17,2086.22,29.6508883,27.70473499,298.1008868
May,187,10405.01,694.0841667,30,38,0,2086.22,24.29301418,25.45425232,290.3513694
June,187,10405.01,694.0841667,30,38,24,2086.22,36.77139695,78.66253233,247.1430894
January,188,135895.96,11304.66333,6,34,18,429.77,35.83808668,239.7467972,1130.719536
February,188,135895.96,11304.66333,6,38,21,429.77,34.87647096,226.8870458,1143.579288
March,188,135895.96,11304.66333,6,38,24,429.77,32.85264131,204.3743466,1166.091987
April,188,135895.96,11304.66333,6,38,21,429.77,39.48680594,166.1480985,1214.318235
May,188,135895.96,11304.66333,6,38,18,429.77,29.63807373,771.7409074,638.725426
June,188,135895.96,11304.66333,6,38,23,429.77,35.80489367,349.8131963,1030.653137
January,189,29608.46,2625.371667,31,26,14,1286.07,37.83423279,43.06699278,327.7058916
February,189,29608.46,2625.371667,31,26,14,1286.07,35.21589074,79.92624482,300.8466396
March,189,29608.46,2625.371667,31,26,17,1286.07,36.69060867,157.8909464,222.881938
April,189,29608.46,2625.371667,31,26,14,1286.07,28.69716511,161.1720578,219.6008266
May,189,29608.46,2625.371667,31,28,12,1286.07,30.22208043,170.0207938,210.7520906
June,189,29608.46,2625.371667,31,26,14,1286.07,30.18915883,123.8872486,286.8856358
January,190,29999.94,2767.995,15,27,14,2593.23,34.82247159,259.5470019,185.6050139
February,190,29999.94,2767.995,15,29,14,2593.23,31.59554354,154.3309048,290.8211111
March,190,29999.94,2767.995,15,0,0,2593.23,27.20519819,171.3269017,283.8251141
April,190,29999.94,2767.995,15,0,2,2593.23,34.20681097,47.41092675,377.7410891
May,190,29999.94,2767.995,15,0,4,2593.23,33.26689935,106.6730371,358.4789788
June,190,29999.94,2767.995,15,0,2,2593.23,35.1337263,46.35713893,378.7948769
January,191,52972.5,4600.375,32,4,2,2196.59,30.95751108,121.4630158,505.878716
February,191,52972.5,4600.375,32,0,2,2196.59,34.15992896,305.1481465,332.1935853
March,191,52972.5,4600.375,32,0,2,2196.59,25.20239308,521.4244395,115.9172923
April,191,52972.5,4600.375,32,-3,2,2196.59,38.11608034,234.706057,372.6356748
May,191,52972.5,4600.375,32,10,16,2196.59,39.3796369,169.8595105,427.4822213
June,191,52972.5,4600.375,32,10,13,2196.59,26.5248862,389.2894771,248.0522547
January,192,113781.39,9549.7825,1,10,13,1030.2,37.9987598,397.2418458,837.7364042
February,192,113781.39,9549.7825,1,9,13,1030.2,35.94765528,661.6240479,563.3542021
March,192,113781.39,9549.7825,1,10,13,1030.2,43.82963002,0,962.5677054
April,192,113781.39,9549.7825,1,10,12,1030.2,31.01608629,10000,969.7201635
May,192,113781.39,9549.7825,1,10,12,1030.2,32.03566222,758.0831955,486.8950545
June,192,113781.39,9549.7825,1,10,13,1030.2,40.13606162,424.0032051,810.9750449
January,193,15746.63,1122.219167,18,52,17,2098.83,22.70534476,119.2646219,238.91689
February,193,15746.63,1122.219167,18,52,14,2098.83,28.33175636,10000,310.8352515
March,193,15746.63,1122.219167,18,52,17,2098.83,33.0317882,68.36290141,279.8186105
April,193,15746.63,1122.219167,18,52,0,2098.83,25.3836593,102.6226697,255.5588422
May,193,15746.63,1122.219167,18,52,17,2098.83,26.36631977,68.00992312,270.1715888
June,193,15746.63,1122.219167,18,49,17,2098.83,30.55846069,35.0607066,293.1208053
January,194,97961.96,8205.496667,6,52,20,750.95,29.85368464,436.959001,663.5906656
February,194,97961.96,8205.496667,6,52,17,750.95,36.74848794,750.106891,340.4427757
March,194,97961.96,8205.496667,6,6,4,750.95,27.50672163,342.7064345,757.8432321
April,194,97961.96,8205.496667,6,4,5,750.95,31.47786798,246.0477422,844.5019244
May,194,97961.96,8205.496667,6,4,6,750.95,34.21771027,313.6705382,756.8791285
June,194,97961.96,8205.496667,6,4,4,750.95,31.38361667,162.2220383,898.3276284
January,195,31895.07,2488.9225,2,4,4,220.33,31.0234949,29.85757619,408.7118284
February,195,31895.07,2488.9225,2,4,4,220.33,39.12536692,138.4706234,310.0987811
March,195,31895.07,2488.9225,2,4,4,220.33,23.82981471,164.563631,284.0057735
April,195,31895.07,2488.9225,2,4,7,220.33,22.87512547,132.8401268,325.7292777
May,195,31895.07,2488.9225,2,29,13,220.33,28.17795966,10000,231.3054718
June,195,31895.07,2488.9225,2,27,13,220.33,29.70376621,97.91526493,360.6541396
January,196,30922.28,2494.856667,12,27,13,957.53,29.96391714,10000,418.9625465
February,196,30922.28,2494.856667,12,31,13,957.53,39.13592406,159.5235852,329.6238772
March,196,30922.28,2494.856667,12,29,13,957.53,38.02427537,10000,191.318209
April,196,30922.28,2494.856667,12,27,16,957.53,30.00680615,314.8471138,194.3003486
May,196,30922.28,2494.856667,12,27,13,957.53,27.27160375,332.4277341,176.7197283
June,196,30922.28,2494.856667,12,27,13,957.53,34.3805128,69.56543935,399.5820231
January,197,25530.33,2137.5275,19,57,20,761.18,38.79285113,201.1848131,302.5679369
February,197,25530.33,2137.5275,19,57,20,761.18,37.65334446,178.0010384,325.7517116
March,197,25530.33,2137.5275,19,57,19,761.18,31.34545483,152.6176845,341.1350655
April,197,25530.33,2137.5275,19,57,20,761.18,39.40049173,104.8856373,368.8671127
May,197,25530.33,2137.5275,19,57,20,761.18,35.25285683,64.22191843,429.5308316
June,197,25530.33,2137.5275,19,57,22,761.18,24.51880761,52.01668424,421.7360658
January,198,110786.64,9299.22,5,57,18,226.7,31.05418472,1203.105668,
February,198,110786.64,9299.22,5,57,20,226.7,40.4237034,137.9096354,822.6978576
March,198,110786.64,9299.22,5,6,9,226.7,28.25978529,312.5205277,658.0869654
April,198,110786.64,9299.22,5,6,8,226.7,31.45623198,196.2040397,764.4034533
May,198,110786.64,9299.22,5,6,0,226.7,38.08672417,143.4397784,817.1677146
June,198,110786.64,9299.22,5,6,8,226.7,37.23256211,791.171673,219.43582
January,199,39696.98,3211.081667,10,6,8,133.3,39.88622693,73.87093984,465.3306467
February,199,39696.98,3211.081667,10,6,8,133.3,29.99788663,67.07328077,472.1283057
March,199,39696.98,3211.081667,10,6,8,133.3,33.39554451,56.24576754,482.955819
April,199,39696.98,3211.081667,10,6,8,133.3,28.84416303,37.51782483,501.6837617
May,199,39696.98,3211.081667,10,26,21,133.3,40.14286497,44.04731679,485.1542697
June,199,39696.98,3211.081667,10,28,20,133.3,24.86994727,156.7921944,422.4093921
January,200,120366.6,9888.55,2,25,0,1396.64,33.27508901,177.0411954,818.371401
February,200,120366.6,9888.55,2,25,20,1396.64,34.92540164,180.553249,814.8593473
March,200,120366.6,9888.55,2,25,20,1396.64,29.88963282,668.75909,366.6535064
April,200,120366.6,9888.55,2,25,17,1396.64,31.95777655,252.0971433,743.3154531
May,200,120366.6,9888.55,2,25,20,1396.64,29.06637861,860.4550593,174.9575371
June,200,120366.6,9888.55,2,25,20,1396.64,36.7312678,95.61296985,899.7996265
January,201,13074.395,1356.532917,8,30,8,1048.26,26.77645687,69.25848928,347.2190049
February,201,13074.395,1356.532917,8,30,8,1048.26,29.66052426,53.50098871,362.9765055
March,201,13074.395,1356.532917,8,30,6,1048.26,31.39360814,142.0512865,274.4262077
April,201,13074.395,1356.532917,8,30,8,1048.26,31.06934157,29.13973942,347.3377548
May,201,13074.395,1356.532917,8,30,8,1048.26,24.83795438,77.48992358,338.9875706
June,201,13074.395,1356.532917,8,30,8,1048.26,32.03317007,99.57625859,306.9012356
January,202,76087.68,6155.64,9,30,8,50.22,24.53002466,424.8286523,238.6692707
February,202,76087.68,6155.64,9,30,8,50.22,24.19747085,155.5644189,477.9335041
March,202,76087.68,6155.64,9,11,20,50.22,39.97251079,137.1086487,486.3892742
April,202,76087.68,6155.64,9,11,20,50.22,24.91935151,436.6555754,226.8423476
May,202,76087.68,6155.64,9,11,20,50.22,23.51605846,181.9979988,451.4999241
June,202,76087.68,6155.64,9,11,18,50.22,29.26556351,133.77535,489.7225729
January,203,51824.94,4417.745,26,12,2008,2958.02,32.82321739,183.1824693,290.9325763
February,203,51824.94,4417.745,26,11,20,2958.02,37.61638696,288.5911775,155.523868
March,203,51824.94,4417.745,26,11,20,2958.02,27.10976352,180.1647813,253.9502642
April,203,51824.94,4417.745,26,11,20,2958.02,26.26054824,10000,312.2422263
May,203,51824.94,4417.745,26,9,9,2958.02,29.49744728,508.8561454,
June,203,51824.94,4417.745,26,11,9,2958.02,25.36116682,113.3166443,330.7984012
January,204,11431.775,930.6479167,16,6,9,117.57,36.90859194,94.48374513,259.0955752
February,204,11431.775,930.6479167,16,9,9,117.57,27.40912534,122.2029128,231.3764075
March,204,11431.775,930.6479167,16,9,9,117.57,29.18712949,92.2026398,261.3766805
April,204,11431.775,930.6479167,16,5,9,117.57,31.41187374,119.4583843,234.120936
May,204,11431.775,930.6479167,16,9,8,117.57,38.26346785,94.2556333,249.323687
June,204,11431.775,930.6479167,16,9,11,117.57,31.67681529,61.1698314,292.4094889
January,205,14224.655,1395.387917,13,14,2,1343.01,40.91960544,82.13893654,309.7577986
February,205,14224.655,1395.387917,13,14,0,1343.01,37.18621603,186.3400579,235.5566773
March,205,14224.655,1395.387917,13,11,3,1343.01,34.40577901,10000,312.6036975
April,205,14224.655,1395.387917,13,14,3,1343.01,25.06407174,60.70061741,341.1961177
May,205,14224.655,1395.387917,13,14,2,1343.01,24.57598045,150.4874468,271.4092883
June,205,14224.655,1395.387917,13,18,3,1343.01,30.93956511,66.43308506,355.4636501
January,206,142170.12,11584.51,8,14,3,282.56,43.85317142,183.615297,1041.07619
February,206,142170.12,11584.51,8,18,3,282.56,33.89448336,206.3628944,1008.328592
March,206,142170.12,11584.51,8,2,5,282.56,38.4250554,511.8085938,722.8828931
April,206,142170.12,11584.51,8,2,5,282.56,38.3625028,216.1021795,1008.589307
May,206,142170.12,11584.51,8,-1,0,282.56,23.98679115,772.9155703,481.7759166
June,206,142170.12,11584.51,8,4,7,282.56,36.79284855,301.9379544,922.7535325
January,207,19951.765,1592.647083,12,1,5,1463.07,36.13163174,28.0576725,362.9939777
February,207,19951.765,1592.647083,12,2,0,1463.07,28.53856056,167.5768414,253.4748088
March,207,19951.765,1592.647083,12,2,,1463.07,35.6216588,145.5041528,275.5474974
April,207,19951.765,1592.647083,12,2,,1463.07,32.13058357,136.0144559,285.0371943
May,207,19951.765,1592.647083,12,12,17,1463.07,27.43332279,190.4879144,230.5637358
June,207,19951.765,1592.647083,12,12,17,1463.07,28.12468536,100.3095814,290.7420688
January,208,94454.1,8102.175,5,12,18,1342.61,26.063001,10000,719.6850633
February,208,94454.1,8102.175,5,12,15,1342.61,41.41181046,136.0402933,761.670312
March,208,94454.1,8102.175,5,12,15,1342.61,33.26768901,263.2435966,644.4670086
April,208,94454.1,8102.175,5,8,15,1342.61,42.79757497,10000,566.5588406
May,208,94454.1,8102.175,5,12,,1342.61,36.90780588,603.642868,334.0677373
June,208,94454.1,8102.175,5,12,,1342.61,28.68073668,445.9738225,481.7367827
January,209,27063.43,8102.175,12,9,3,1205.36,34.85323049,147.8574129,282.9321925
February,209,27063.43,2455.285833,12,4,1,1205.36,27.45039519,76.71262259,344.0769828
March,209,27063.43,2455.285833,12,6,0,1205.36,22.71324459,127.7312558,323.0583496
April,209,27063.43,2455.285833,12,3,2,1205.36,27.51178711,51.16805941,359.6215459
May,209,27063.43,2455.285833,12,6,0,1205.36,31.45604385,84.92441356,375.8651918
June,209,27063.43,2455.285833,12,1,-3,1205.36,38.60876781,292.9888628,167.8007426
January,210,36980.1,3352.675,29,6,,2403.26,34.41585735,0,354.8918735
February,210,36980.1,3352.675,29,10,,2403.26,31.79097768,153.6124198,297.5678594
March,210,36980.1,3352.675,29,21,17,2403.26,39.80353575,117.2598814,303.9203977
April,210,36980.1,3352.675,29,21,17,2403.26,31.9672997,183.843608,267.3366712
May,210,36980.1,3352.675,29,21,18,2403.26,37.37412128,53.01923965,358.1610395
June,210,36980.1,3352.675,29,21,20,2403.26,27.33525275,139.6899473,291.4903319
January,211,96582.24,7886.52,13,22,17,482.88,40.76449784,223.2239756,742.9678133
February,211,96582.24,7886.52,13,21,17,482.88,39.89636597,531.8207314,444.3710575
March,211,96582.24,7886.52,13,21,,482.88,42.92788872,154.4242383,811.7675506
April,211,96582.24,7886.52,13,25,,482.88,40.48985232,129.8720558,826.3197331
May,211,96582.24,7886.52,13,18,1,482.88,30.77350287,676.2741447,309.9176442
June,211,96582.24,7886.52,13,13,4,482.88,34.62904848,10000,600.5941893
January,212,122978.43,7886.52,9,18,1,1197.33,43.7817528,127.5004039,995.9131597
February,212,122978.43,10514.2025,9,18,0,1197.33,39.80057766,361.7049671,801.7085965
March,212,122978.43,10514.2025,9,18,1,1197.33,41.74926304,125.7781046,997.635459
April,212,122978.43,10514.2025,9,18,3,1197.33,29.82497334,181.3120492,942.1015144
May,212,122978.43,10514.2025,9,18,,1197.33,36.89437312,294.8405643,848.5729993
June,212,122978.43,10514.2025,9,18,,1197.33,33.62865374,945.3157293,218.0978343
January,213,7821.24,468.77,29,6,19,2924.76,37.09246095,52.61604233,264.5330342
February,213,7821.24,468.77,29,6,17,2924.76,33.86953944,14.34630106,292.8027755
March,213,7821.24,468.77,29,6,17,2924.76,36.83861535,0,257.5079135
April,213,7821.24,468.77,29,6,16,2924.76,29.86022508,41.18558946,265.9634871
May,213,7821.24,468.77,29,6,20,2924.76,28.42147116,15.67426787,261.4748086
June,213,7821.24,468.77,29,6,17,2924.76,34.20302638,39.93770264,267.2113739
January,214,30972.54,2431.045,16,2,,2203.46,26.56320546,286.5592868,210.9114136
February,214,30972.54,2431.045,16,6,,2203.46,31.68184075,178.8220791,298.6486213
March,214,30972.54,2431.045,16,61,24,2203.46,24.18011984,221.1014443,276.369256
April,214,30972.54,2431.045,16,58,20,2203.46,31.56061012,227.054148,250.4165524
May,214,30972.54,2431.045,16,61,23,2203.46,32.66670324,41.47008709,406.0006133
June,214,30972.54,2431.045,16,61,21,2203.46,27.47844745,85.64882399,391.8218764
January,215,7709.625,2431.045,31,56,19,2518.98,33.80187889,10000,288.9230163
February,215,7709.625,2431.045,31,65,24,2518.98,26.64487356,75.96347227,252.1740912
March,215,7709.625,2431.045,31,65,,2518.98,38.0538883,73.28892204,254.8486414
April,215,7709.625,625.46875,31,61,,2518.98,39.11021173,42.14499119,265.9925723
May,215,7709.625,625.46875,31,56,16,2518.98,21.87754393,36.52624344,281.61132
June,215,7709.625,625.46875,31,60,16,2518.98,35.0967434,10000,298.5712708
January,216,34547.54,2994.961667,5,63,16,939.31,29.28591964,129.1514853,412.5799704
February,216,34547.54,2994.961667,5,61,16,939.31,38.09541823,90.33870389,441.3927518
March,216,34547.54,2994.961667,5,61,19,939.31,38.53973896,157.2165426,374.5149131
April,216,34547.54,2994.961667,5,61,14,939.31,29.29975273,99.15460652,422.5768492
May,216,34547.54,2994.961667,5,61,,939.31,27.16873401,10000,444.9806154
June,216,34547.54,2994.961667,5,61,,939.31,28.66266628,68.56765869,453.163797
January,217,173196.32,14258.02667,9,38,15,967.23,37.22879528,366.6186098,1191.373157
February,217,173196.32,14258.02667,9,38,16,967.23,34.10931686,459.575633,1108.416134
March,217,173196.32,14258.02667,9,38,15,967.23,40.80904283,283.6913533,1284.300414
April,217,173196.32,14258.02667,9,38,15,967.23,38.55600111,138.6737202,1419.318047
May,217,173196.32,14258.02667,9,38,0,967.23,32.88428997,368.0826932,1209.909074
June,217,173196.32,14258.02667,9,38,15,967.23,31.04374696,1607.303468,0.688298779
January,218,20354.85,1403.2375,30,42,,4288.63,26.88303442,169.6902262,180.4149747
February,218,20354.85,1403.2375,30,38,,4288.63,41.2693593,61.89568273,278.2095181
March,218,20354.85,1403.2375,30,29,7,4288.63,26.16781713,122.8654468,207.2397541
April,218,20354.85,1403.2375,30,31,10,4288.63,32.2548644,76.44862335,273.6565775
May,218,20354.85,1403.2375,30,29,10,4288.63,37.78075211,66.27787531,263.8273256
June,218,20354.85,1403.2375,30,29,8,4288.63,25.28365041,0,257.3644565
January,219,46113.81,3953.8175,24,29,10,2530.66,38.68011674,250.4238223,379.1819806
February,219,46113.81,3953.8175,24,29,10,2530.66,30.30262938,51.34392135,528.2618816
March,219,46113.81,3953.8175,24,29,,2530.66,23.31608816,219.6927141,379.9130888
April,219,46113.81,3953.8175,24,29,,2530.66,33.82256664,77.59307884,502.0127241
May,219,46113.81,3953.8175,24,21,11,2530.66,29.24238481,108.3783251,511.2274778
June,219,46113.81,3953.8175,24,26,9,2530.66,33.22526569,226.9690419,392.6367611
January,220,8882.47,555.2058333,19,26,11,1580.91,31.19700553,70.77410098,247.2177832
February,220,8882.47,555.2058333,19,31,11,1580.91,34.01248544,24.83127782,293.1606064
March,220,8882.47,555.2058333,19,26,11,1580.91,35.18796764,10000,271.6937589
April,220,8882.47,555.2058333,19,25,12,1580.91,38.88867991,51.53144919,266.460435
May,220,8882.47,555.2058333,19,26,,1580.91,32.40223901,12.65352944,275.3383548
June,220,8882.47,555.2058333,19,26,,1580.91,38.97562897,60.30053042,257.6913538
January,221,34128.92,2740.076667,31,5,3,2626.28,36.32902367,273.1118168,172.8289952
February,221,34128.92,2740.076667,31,5,3,2626.28,35.20005148,369.7552154,76.18559661
March,221,34128.92,2740.076667,31,5,3,2626.28,27.28774591,128.8601235,287.0806885
April,221,34128.92,2740.076667,31,5,3,2626.28,29.722301,75.57919345,330.3616186
May,221,34128.92,2740.076667,31,3,4,2626.28,30.03588814,21.33816667,374.6026454
June,221,34128.92,2740.076667,31,7,3,2626.28,30.78794985,129.961118,285.979694
January,222,29042.45,2252.204167,5,5,,1092.55,38.83326749,52.83439159,395.6293185
February,222,29042.45,2252.204167,5,5,,1092.55,25.28985736,285.4488206,213.0148896
March,222,29042.45,2252.204167,5,27,23,1092.55,29.385147,133.4239195,365.0397906
April,222,29042.45,2252.204167,5,27,23,1092.55,32.62274452,271.2895926,227.1741175
May,222,29042.45,2252.204167,5,27,23,1092.55,28.1024505,205.5976543,272.8660558
June,222,29042.45,2252.204167,5,27,23,1092.55,30.15377576,185.4565715,313.0071387
January,223,26716.09,2372.340833,6,31,24,643.89,31.04380471,305.9489183,166.1452322
February,223,26716.09,2372.340833,6,31,23,643.89,34.06736752,75.5072653,386.5868852
March,223,26716.09,2372.340833,6,29,,643.89,38.01262323,120.5765523,351.5175982
April,223,26716.09,2372.340833,6,27,,643.89,34.97426951,90.82554382,351.2686067
May,223,26716.09,2372.340833,6,18,6,643.89,25.82185515,55.20220983,386.8919406
June,223,26716.09,2372.340833,6,14,8,643.89,37.83086639,48.80847457,393.2856759
January,224,74733.44,5933.786667,19,14,9,4685.34,38.95828946,254.722734,433.1161608
February,224,74733.44,5933.786667,19,14,5,4685.34,34.23841964,118.7467631,529.0921317
March,224,74733.44,5933.786667,19,17,6,4685.34,37.24163751,329.2058043,338.6330904
April,224,74733.44,5933.786667,19,14,3,4685.34,26.095717,222.6676507,425.1712441
May,224,74733.44,5933.786667,19,14,,4685.34,39.57432108,10000,393.6706073
June,224,74733.44,5933.786667,19,12,,4685.34,30.21536385,301.521998,386.3168967
January,225,8681.77,647.4808333,23,21,8,2216.25,38.82494754,19.40893719,296.8969573
February,225,8681.77,647.4808333,23,17,8,2216.25,34.82948247,74.03237012,252.2735243
March,225,8681.77,647.4808333,23,17,8,2216.25,37.14897502,29.29636405,297.0095304
April,225,8681.77,647.4808333,23,21,0,2216.25,32.84784586,19.78674346,266.519151
May,225,8681.77,647.4808333,23,12,8,2216.25,25.11907225,29.82338857,276.4825059
June,225,8681.77,647.4808333,23,17,11,2216.25,30.13739362,58.54435129,257.7615432
January,226,10034.55,719.2125,28,18,,1669.84,30.5359304,21.1408012,269.6979018
February,226,10034.55,719.2125,28,20,,1669.84,34.17519004,10000,263.8344968
March,226,10034.55,719.2125,28,23,14,1669.84,33.9217596,33.24412162,277.5945813
April,226,10034.55,719.2125,28,23,14,1669.84,36.04425815,43.06053266,277.7781703
May,226,10034.55,719.2125,28,23,14,1669.84,28.97138651,66.8642172,243.9744858
June,226,10034.55,719.2125,28,27,11,1669.84,30.47046807,21.91732534,288.9213776
January,227,20540.49,1859.7075,8,23,0,1118.37,29.79642124,25.47029346,391.6787968
February,227,20540.49,1859.7075,8,23,14,1118.37,27.40953712,18.18591758,398.9631727
March,227,20540.49,1859.7075,8,23,,1118.37,23.63363691,39.92357152,377.2255188
April,227,20540.49,1859.7075,8,23,,1118.37,39.05399905,45.20116977,371.9479205
May,227,20540.49,1859.7075,8,29,0,1118.37,36.18479598,141.0747127,326.0743775
June,227,20540.49,1859.7075,8,29,17,1118.37,28.02889354,66.66293187,370.4861584
January,228,38175.39,3287.2825,7,26,15,315.36,31.08087477,161.4185877,368.254006
February,228,38175.39,3287.2825,7,29,15,315.36,40.1309824,231.1654509,318.5071428
March,228,38175.39,3287.2825,7,31,15,315.36,30.02466312,68.03590698,441.6366867
April,228,38175.39,3287.2825,7,29,15,315.36,33.49406918,327.2140527,212.458541
May,228,38175.39,3287.2825,7,29,,315.36,33.36505517,242.673184,296.9994097
June,228,38175.39,3287.2825,7,31,,315.36,24.12409145,122.3535865,417.3190072
January,229,116594.91,9836.2425,10,45,19,1124.02,29.57051958,170.4958135,882.0514122
February,229,116594.91,9836.2425,10,45,19,1124.02,35.21704912,410.2661461,652.2810796
March,229,116594.91,9836.2425,10,48,18,1124.02,39.66605557,216.441338,846.1058877
April,229,116594.91,9836.2425,10,42,17,1124.02,38.30246518,0,794.5719885
May,229,116594.91,9836.2425,10,50,16,1124.02,35.76066968,339.8581191,752.6891067
June,229,116594.91,9836.2425,10,45,17,1124.02,39.01238019,356.382464,706.1647617
January,230,24894.05,2371.504167,8,45,,86.43,27.85034159,32.42887831,444.7215384
February,230,24894.05,2371.504167,8,45,,86.43,36.22204782,86.23276546,440.9176512
March,230,24894.05,2371.504167,8,17,10,86.43,37.43352458,240.9318283,276.2185884
April,230,24894.05,2371.504167,8,14,9,86.43,40.24016596,10000,335.5348442
May,230,24894.05,2371.504167,8,14,10,86.43,32.76881407,111.5333125,395.6171042
June,230,24894.05,2371.504167,8,14,0,86.43,28.87088487,10000,412.4619771
January,231,39399.9,3487.325,17,14,10,2206.86,38.24463199,317.9129512,267.64825
February,231,39399.9,3487.325,17,14,8,2206.86,22.6906878,193.8628759,401.6983253
March,231,39399.9,3487.325,17,16,,2206.86,37.22612684,152.9151628,422.6460384
April,231,39399.9,3487.325,17,14,,2206.86,29.45015859,87.35828461,478.2029166
May,231,39399.9,3487.325,17,13,9,2206.86,35.20964158,195.475668,390.0855332
June,231,39399.9,3487.325,17,13,8,2206.86,33.37275171,309.4610082,266.100193
January,232,142113.96,11903.83,17,13,8,1037.68,38.43515845,247.7038276,958.5570338
February,232,142113.96,11903.83,17,13,8,1037.68,41.19090798,186.9097606,1019.351101
March,232,142113.96,11903.83,17,13,8,1037.68,35.55766755,303.7554627,912.5053987
April,232,142113.96,11903.83,17,16,8,1037.68,41.53213704,539.3393474,706.921514
May,232,142113.96,11903.83,17,9,,1037.68,38.11568318,716.3027906,519.9580708
June,232,142113.96,11903.83,17,18,,1037.68,36.41980579,442.2678835,773.9929779
January,233,65299.38,5305.615,8,8,1,1177.38,38.52846274,217.9119462,515.6402408
February,233,65299.38,5305.615,8,7,1,1177.38,37.40082686,183.9708135,519.5813736
March,233,65299.38,5305.615,8,7,1,1177.38,25.82050719,248.018809,485.533378
April,233,65299.38,5305.615,8,7,1,1177.38,31.77341041,312.735402,400.816785
May,233,65299.38,5305.615,8,7,1,1177.38,37.49657668,128.5781545,594.9740326
June,233,65299.38,5305.615,8,12,0,1177.38,28.45479047,203.973113,499.5790741
January,234,33200.52,2755.71,20,7,,1290.73,38.2187307,36.30527047,461.2014329
February,234,33200.52,2755.71,20,7,,1290.73,30.05494268,182.4360563,325.070647
March,234,33200.52,2755.71,20,49,17,1290.73,31.4573681,10000,230.3044337
April,234,33200.52,2755.71,20,49,16,1290.73,32.44904793,246.4523372,281.0543662
May,234,33200.52,2755.71,20,49,19,1290.73,33.93119499,147.2815066,360.2251968
June,234,33200.52,2755.71,20,49,16,1290.73,29.95910072,281.8062878,255.7004156
January,235,82289.36,6951.446667,22,49,16,4736.25,39.99531969,101.0511413,593.3420843
February,235,82289.36,6951.446667,22,45,0,4736.25,28.29148332,104.1361597,590.2570658
March,235,82289.36,6951.446667,22,51,,4736.25,28.9308718,88.92490897,605.4683166
April,235,82289.36,6951.446667,22,49,,4736.25,35.1865334,0,525.8781321
May,235,82289.36,6951.446667,22,7,12,4736.25,36.84779386,723.5645616,20.82866392
June,235,82289.36,6951.446667,22,7,12,4736.25,29.65159924,70.7331489,623.6600767
January,236,7792.475,573.3729167,16,7,12,2041.74,36.7816583,17.96458279,247.2729873
February,236,7792.475,573.3729167,16,7,9,2041.74,38.02983718,64.72907524,240.5084948
March,236,7792.475,573.3729167,16,3,12,2041.74,27.51535332,64.48978678,240.7477833
April,236,7792.475,573.3729167,16,7,13,2041.74,24.40539991,15.35642956,269.8811405
May,236,7792.475,573.3729167,16,2,,2041.74,37.56484685,24.71231113,280.5252589
June,236,7792.475,573.3729167,16,9,,2041.74,28.43304864,28.63523416,246.6023359
January,237,65778.22,573.3729167,11,26,8,705.44,26.37565289,94.82619753,538.7951025
February,237,65778.22,573.3729167,11,31,8,705.44,31.47539328,489.2118584,174.4094417
March,237,65778.22,5561.518333,11,26,8,705.44,24.58175362,158.470614,495.1506861
April,237,65778.22,5561.518333,11,31,8,705.44,36.41680033,479.0596935,184.5616066
May,237,65778.22,5561.518333,11,26,5,705.44,28.02009804,162.5783514,471.0429486
June,237,65778.22,5561.518333,11,26,7,705.44,38.44796608,215.0488641,418.5724359
January,238,12016,729.3333333,14,22,,583.27,32.66370838,27.76198441,304.4278052
February,238,12016,729.3333333,14,26,,583.27,35.32192991,96.34630239,245.8434872
March,238,12016,729.3333333,14,25,20,583.27,35.73954063,15.9379276,296.251862
April,238,12016,729.3333333,14,26,0,583.27,31.32842058,40.7465063,301.4432833
May,238,12016,729.3333333,14,25,20,583.27,27.31961806,13.5798016,278.609988
June,238,12016,729.3333333,14,25,20,583.27,26.02664925,47.51613576,284.6736538
January,239,19180.87,1688.405833,18,30,19,1127.57,33.15190296,142.99474,238.4816323
February,239,19180.87,1688.405833,18,27,20,1127.57,28.23786491,212.8475866,188.6287857
March,239,19180.87,1688.405833,18,25,,1127.57,25.77179741,81.82244884,309.6539235
April,239,19180.87,1688.405833,18,25,,1127.57,31.99892988,67.88343218,293.5929401
May,239,19180.87,1688.405833,18,-2,7,1127.57,37.26595427,19.65926177,341.8171106
June,239,19180.87,1688.405833,18,6,7,1127.57,23.75918179,87.13923493,314.3371374
January,240,60552.76,4950.063333,12,1,7,463.07,37.02752347,66.53602515,566.7414881
February,240,60552.76,4950.063333,12,1,7,463.07,25.22136275,322.952025,320.3254882
March,240,60552.76,4950.063333,12,1,7,463.07,29.69423767,273.5412197,379.7362935
April,240,60552.76,4950.063333,12,6,7,463.07,26.54875929,289.201504,374.0760093
May,240,60552.76,4950.063333,12,1,,463.07,34.12312979,10000,10.30550807
June,240,60552.76,4950.063333,12,1,,463.07,34.70874749,293.0733953,380.204118
January,241,44386.47,3703.8725,26,19,2,1275.46,22.64993836,10000,144.3468441
February,241,44386.47,3703.8725,26,14,2,1275.46,32.32109564,258.5356788,103.003041
March,241,44386.47,3703.8725,26,14,2,1275.46,28.41099473,82.56602451,238.9726952
April,241,44386.47,3703.8725,26,14,2,1275.46,25.5379885,50.62028685,270.9184329
May,241,44386.47,3703.8725,26,11,2,1275.46,30.96734309,66.29354235,265.2451774
June,241,44386.47,3703.8725,26,14,2,1275.46,36.54784801,310.9639556,50.57476411
January,242,9141.63,797.8025,33,14,,2506.45,25.14818676,39.74367894,292.2354423
February,242,9141.63,797.8025,33,18,,2506.45,36.5002154,79.52909992,252.4500213
March,242,9141.63,797.8025,33,9,11,2506.45,39.26664402,63.80546382,278.1736574
April,242,9141.63,797.8025,33,9,10,2506.45,39.73527479,49.07677972,262.9023415
May,242,9141.63,797.8025,33,9,9,2506.45,27.13175877,102.513896,239.4652253
June,242,9141.63,797.8025,33,9,12,2506.45,38.66760672,27.20533544,294.7737858
January,243,11245.11,797.8025,11,9,11,169.86,27.75373398,106.7068941,290.6023559
February,243,11245.11,1173.0925,11,9,10,169.86,32.59786258,74.58314321,322.7261068
March,243,11245.11,1173.0925,11,9,,169.86,26.46780079,38.8815547,348.4276953
April,243,11245.11,1173.0925,11,6,,169.86,34.10451683,80.76257672,316.5466733
May,243,11245.11,1173.0925,11,13,6,169.86,31.04719514,59.23601898,338.073231
June,243,11245.11,1173.0925,11,13,0,169.86,28.76915781,0,330.2941218
January,244,98197.74,8005.145,6,13,3,627.5,33.11569136,102.9413811,799.0311421
February,244,98197.74,8005.145,6,17,0,627.5,40.8195687,223.1167183,708.8558048
March,244,98197.74,8005.145,6,13,3,627.5,33.959539,55.0244348,846.9480883
April,244,98197.74,8005.145,6,13,3,627.5,37.0705625,308.9423191,613.030204
May,244,98197.74,8005.145,6,13,,627.5,29.04900226,10000,641.6016207
June,244,98197.74,8005.145,6,10,,627.5,39.15861056,94.62712637,807.3453967
January,245,30197.28,2594.44,14,17,0,811.08,35.86524097,227.2340379,265.1289244
February,245,30197.28,2594.44,14,19,16,811.08,33.57000089,203.1170324,289.2459299
March,245,30197.28,2594.44,14,19,15,811.08,30.89751936,32.02689485,420.3360674
April,245,30197.28,2594.44,14,19,18,811.08,41.15687417,108.5848361,343.7781262
May,245,30197.28,2594.44,14,21,14,811.08,32.70853881,10000,409.1322312
June,245,30197.28,2594.44,14,19,15,811.08,36.08342263,10000,377.3509344
January,246,31633.54,2930.128333,8,19,,846.45,25.48602333,200.9042,331.3401933
February,246,31633.54,2930.128333,8,19,,846.45,29.29859996,78.20804977,424.0363435
March,246,31633.54,2930.128333,8,26,20,846.45,26.31214177,216.6493583,295.595035
April,246,31633.54,2930.128333,8,27,20,846.45,39.26841,196.4863175,305.7580758
May,246,31633.54,2930.128333,8,26,22,846.45,29.31040825,159.6148516,372.6295417
June,246,31633.54,2930.128333,8,25,18,846.45,38.26046773,174.0000091,358.2443842
January,247,118172.64,9932.72,3,26,20,701.27,40.09320892,389.7660015,516.6377014
February,247,118172.64,9932.72,3,31,20,701.27,32.6998187,326.5767816,559.8269214
March,247,118172.64,9932.72,3,26,,701.27,34.36177609,475.7595019,440.6442011
April,247,118172.64,9932.72,3,26,,701.27,36.57764563,75.38542323,791.0182797
May,247,118172.64,9932.72,3,17,16,701.27,26.54589289,398.2364516,478.1672513
June,247,118172.64,9932.72,3,17,19,701.27,27.46685807,194.3837606,672.0199423
January,248,19623.18,1806.265,26,15,19,1369.54,31.93186622,159.7337128,291.1340594
February,248,19623.18,1806.265,26,17,19,1369.54,24.31216014,116.0962072,334.771565
March,248,19623.18,1806.265,26,17,0,1369.54,37.93478965,24.9633652,385.904407
April,248,19623.18,1806.265,26,17,19,1369.54,24.87441534,35.51862546,365.3491467
May,248,19623.18,1806.265,26,22,,1369.54,26.83457273,240.6802672,210.187505
June,248,19623.18,1806.265,26,17,,1369.54,26.60221265,19.08460556,381.7831666
January,249,63197.26,5042.438333,13,54,0,1435.94,23.49229303,599.8560026,45.91328725
February,249,63197.26,5042.438333,13,54,15,1435.94,34.17039855,272.2139749,343.555315
March,249,63197.26,5042.438333,13,51,0,1435.94,24.14153939,480.9895412,154.7797487
April,249,63197.26,5042.438333,13,54,15,1435.94,27.36330156,514.812291,130.9569989
May,249,63197.26,5042.438333,13,54,15,1435.94,27.1348592,88.91943271,516.8498572
June,249,63197.26,5042.438333,13,54,15,1435.94,34.1650074,0,505.8430258
January,250,10007.815,757.9845833,8,56,,2195.63,36.7091872,35.92782529,273.9196599
February,250,10007.815,757.9845833,8,56,,2195.63,24.12979148,23.09480989,266.7526754
March,250,10007.815,757.9845833,8,12,17,2195.63,31.84849417,40.39014789,259.4573374
April,250,10007.815,757.9845833,8,12,17,2195.63,28.10855089,0,255.7664482
May,250,10007.815,757.9845833,8,12,17,2195.63,25.26247583,53.19634625,236.651139
June,250,10007.815,757.9845833,8,14,17,2195.63,30.9704132,43.72257911,236.1249061
January,251,121688.04,10006.67,12,12,17,54.68,38.01558168,139.3412612,812.6602841
February,251,121688.04,10006.67,12,12,17,54.68,31.37490121,228.9476866,723.0538588
March,251,121688.04,10006.67,12,12,,54.68,36.9638366,75.12970315,876.8718422
April,251,121688.04,10006.67,12,12,,54.68,25.69460969,370.4092471,631.5922982
May,251,121688.04,10006.67,12,42,15,54.68,40.18842138,119.4309876,832.5705577
June,251,121688.04,10006.67,12,45,16,54.68,29.73715836,480.0224306,491.9791147
January,252,31069.32,2361.11,12,42,16,343.6,36.40319142,139.0871475,342.855248
February,252,31069.32,2361.11,12,44,16,343.6,32.99867955,190.5748496,301.367546
March,252,31069.32,2361.11,12,41,16,343.6,37.58608937,64.64985253,397.292543
April,252,31069.32,2361.11,12,39,15,343.6,30.2439151,65.3958207,386.5465748
May,252,31069.32,2361.11,12,42,,343.6,38.81479471,34.74442449,417.1979711
June,252,31069.32,2361.11,12,42,,343.6,30.45952122,139.5329775,322.409418
January,253,72241.02,5751.085,4,42,20,843.44,34.19870136,10000,536.4628937
February,253,72241.02,5751.085,4,40,21,843.44,34.2383986,215.9806967,579.319475
March,253,72241.02,5751.085,4,42,21,843.44,39.703629,443.9981018,381.30207
April,253,72241.02,5751.085,4,42,20,843.44,37.308949,580.8438848,244.4562869
May,253,72241.02,5751.085,4,42,21,843.44,35.39100785,79.92770138,695.3724704
June,253,72241.02,5751.085,4,42,0,843.44,40.61734285,286.9511577,508.349014
January,254,7612.725,928.39375,16,42,,1514.74,25.61720755,65.42688294,289.8896694
February,254,7612.725,928.39375,16,42,,1514.74,23.05740299,29.43037932,285.8861731
March,254,7612.725,928.39375,16,46,24,1514.74,28.44995337,33.26399182,322.0525606
April,254,7612.725,928.39375,16,46,24,1514.74,36.18465799,99.6797675,255.6367849
May,254,7612.725,928.39375,16,49,24,1514.74,23.41415974,24.41633266,320.9002197
June,254,7612.725,928.39375,16,46,24,1514.74,27.01520189,72.79179303,272.5247594
January,255,16953.985,1684.832083,4,46,27,554.48,27.45418512,132.9254588,307.2717403
February,255,16953.985,1684.832083,4,46,24,554.48,27.2324528,53.31064238,346.8865568
March,255,16953.985,1684.832083,4,46,,554.48,28.23646894,118.1474319,302.0497672
April,255,16953.985,1684.832083,4,47,,554.48,37.62032239,155.7776626,274.4195365
May,255,16953.985,1684.832083,4,14,7,554.48,26.23360929,39.5123144,360.6848847
June,255,16953.985,1684.832083,4,14,9,554.48,28.39016805,213.1422738,227.0549254
January,256,125508.36,10559.03,5,19,7,505.14,29.3709951,905.9374723,124.6626926
February,256,125508.36,10559.03,5,14,7,505.14,30.53679375,620.8051628,409.7950022
March,256,125508.36,10559.03,5,9,7,505.14,27.60966879,88.61589625,901.9842687
April,256,125508.36,10559.03,5,14,7,505.14,23.6169795,1209.865496,
May,256,125508.36,10559.03,5,10,,505.14,28.48314348,216.3960758,774.2040892
June,256,125508.36,10559.03,5,14,,505.14,30.84435074,492.8908124,537.7093525
January,257,7495.305,533.60875,28,22,16,2354.21,35.66810712,28.13243641,269.0709223
February,257,7495.305,533.60875,28,22,13,2354.21,25.76213052,0,270.0871244
March,257,7495.305,533.60875,28,22,13,2354.21,22.73141873,17.73912641,269.4642323
April,257,7495.305,533.60875,28,20,13,2354.21,28.15313155,19.15090088,288.0524578
May,257,7495.305,533.60875,28,17,13,2354.21,37.73661774,10000,269.4540116
June,257,7495.305,533.60875,28,25,10,2354.21,26.24606214,21.91516119,265.2881975
January,258,35133.49,2883.790833,8,21,,586.6,27.1416748,56.83254091,435.6536318
February,258,35133.49,2883.790833,8,22,,586.6,36.06031825,101.1365837,411.349589
March,258,35133.49,2883.790833,8,7,12,586.6,31.61112059,23.62323725,458.8629354
April,258,35133.49,2883.790833,8,7,11,586.6,38.00248705,237.1353319,295.3508408
May,258,35133.49,2883.790833,8,7,10,586.6,29.72557604,187.5991649,314.8870077
June,258,35133.49,2883.790833,8,7,10,586.6,39.80631565,77.38869232,415.0974804
January,259,16866.5,1615.541667,19,7,10,1385.89,35.01240654,164.7074492,268.306587
February,259,16866.5,1615.541667,19,7,12,1385.89,37.76437885,105.6042788,307.4097574
March,259,16866.5,1615.541667,19,7,,1385.89,24.83085992,146.0354618,296.9785744
April,259,16866.5,1615.541667,19,7,,1385.89,29.84520075,75.03217052,337.9818657
May,259,16866.5,1615.541667,19,12,10,1385.89,40.31867625,10000,352.5524351
June,259,16866.5,1615.541667,19,16,7,1385.89,24.1217729,196.1866152,246.827421
January,260,18969.19,1849.765833,8,16,9,54.82,32.64698134,200.3277724,274.648811
February,260,18969.19,1849.765833,8,16,10,54.82,23.95026033,10000,402.5706565
March,260,18969.19,1849.765833,8,12,0,54.82,29.56421648,0,410.9503828
April,260,18969.19,1849.765833,8,16,8,54.82,25.29020013,131.7815948,343.1949885
May,260,18969.19,1849.765833,8,16,,54.82,25.16238265,117.2167627,357.7598206
June,260,18969.19,1849.765833,8,14,,54.82,27.20714969,74.64520025,360.3313831
January,261,36154.19,3247.849167,3,19,1,651.85,30.61774942,23.09988104,511.0400084
February,261,36154.19,3247.849167,3,14,-2,651.85,34.07270382,329.0915329,245.0483565
March,261,36154.19,3247.849167,3,19,1,651.85,34.48451532,48.54866226,485.5912272
April,261,36154.19,3247.849167,3,19,1,651.85,26.60085892,33.64055057,500.4993389
May,261,36154.19,3247.849167,3,19,1,651.85,26.09046339,40.99144183,503.1484476
June,261,36154.19,3247.849167,3,19,1,651.85,34.58028462,328.8393943,255.3004951
January,262,51113.85,4356.4875,30,22,,3164.78,26.07919779,228.6586235,262.1462491
February,262,51113.85,4356.4875,30,19,,3164.78,27.85381643,155.0329118,315.7719608
March,262,51113.85,4356.4875,30,16,13,3164.78,24.72580885,126.2129482,344.5919244
April,262,51113.85,4356.4875,30,17,13,3164.78,26.47300205,134.2367842,336.5680884
May,262,51113.85,4356.4875,30,17,16,3164.78,32.38529025,317.8771055,192.9277671
June,262,51113.85,4356.4875,30,17,14,3164.78,24.57222703,165.7241987,335.0806738
January,263,18784.88,1371.406667,26,13,11,2076.13,27.91198292,125.1353255,193.9716699
February,263,18784.88,1371.406667,26,17,13,2076.13,29.19600958,73.1343173,235.9726781
March,263,18784.88,1371.406667,26,17,,2076.13,21.90731963,142.5593224,176.547673
April,263,18784.88,1371.406667,26,16,,2076.13,22.88754371,65.97861342,253.128382
May,263,18784.88,1371.406667,26,12,15,2076.13,39.10034913,57.70125441,231.405741
June,263,18784.88,1371.406667,26,15,15,2076.13,25.48520998,170.6748382,148.4321573
January,264,49889.38,4359.448333,8,12,15,1450.37,29.54595997,0,502.4855239
February,264,49889.38,4359.448333,8,12,0,1450.37,39.05407222,137.8009798,568.1438535
March,264,49889.38,4359.448333,8,12,15,1450.37,26.22790601,131.2459309,564.6989024
April,264,49889.38,4359.448333,8,16,15,1450.37,34.12206636,188.1582751,507.7865582
May,264,49889.38,4359.448333,8,8,,1450.37,37.52358065,379.37526,326.5695733
June,264,49889.38,4359.448333,8,12,,1450.37,32.7356864,223.6576361,492.2871972
January,265,29233.34,2637.111667,17,16,3,96.31,25.93997597,204.3268233,278.669888
February,265,29233.34,2637.111667,17,11,5,96.31,28.36976094,153.9968554,348.999856
March,265,29233.34,2637.111667,17,11,3,96.31,36.09376911,206.7896908,276.2070205
April,265,29233.34,2637.111667,17,11,3,96.31,29.27873867,52.61005016,420.3866612
May,265,29233.34,2637.111667,17,11,6,96.31,30.34585716,142.7304101,350.2663013
June,265,29233.34,2637.111667,17,11,3,96.31,33.0365814,118.1865113,364.8102001
January,266,28922.03,2548.169167,1,11,,1329.59,26.93045049,223.3062364,321.5106802
February,266,28922.03,2548.169167,1,11,,1329.59,34.02710772,138.600204,376.2167126
March,266,28922.03,2548.169167,1,12,5,1329.59,31.98987456,42.85132934,461.9655873
April,266,28922.03,2548.169167,1,12,8,1329.59,36.7202493,96.52669546,408.2902212
May,266,28922.03,2548.169167,1,12,6,1329.59,41.06407471,143.3451576,401.4717591
June,266,28922.03,2548.169167,1,17,8,1329.59,37.56208819,42.29558091,462.5213358
January,267,20742.46,1801.538333,8,12,8,1319.87,36.75915337,85.37550978,324.712211
February,267,20742.46,1801.538333,8,9,8,1319.87,35.45982096,25.27155279,334.816168
March,267,20742.46,1801.538333,8,12,,1319.87,22.5376057,0,315.3699955
April,267,20742.46,1801.538333,8,12,,1319.87,35.60753364,0,316.0208645
May,267,20742.46,1801.538333,8,7,0,1319.87,31.27916835,0,316.0947206
June,267,20742.46,1801.538333,8,9,14,1319.87,28.35400227,68.4970365,311.5906843
January,268,55719.18,4689.265,18,10,14,4090.5,33.56195891,199.3915892,399.0665075
February,268,55719.18,4689.265,18,9,14,4090.5,30.13952413,434.1650528,184.2930439
March,268,55719.18,4689.265,18,9,14,4090.5,38.03986781,220.3450252,398.1130714
April,268,55719.18,4689.265,18,9,14,4090.5,41.72833764,53.96682654,534.4912701
May,268,55719.18,4689.265,18,9,,4090.5,24.38075013,571.2402509,57.21784579
June,268,55719.18,4689.265,18,9,,4090.5,29.94722929,68.49247556,509.9656211
January,269,55558.71,4336.8925,32,18,12,4196.17,30.00077581,226.6443077,256.8552336
February,269,55558.71,4336.8925,32,14,7,4196.17,36.20106595,73.08719571,400.4123456
March,269,55558.71,4336.8925,32,11,10,4196.17,39.99902695,207.5275011,275.9720402
April,269,55558.71,4336.8925,32,15,3478,4196.17,39.30560794,222.0326416,291.4668997
May,269,55558.71,4336.8925,32,14,10,4196.17,31.29356138,58.78560744,414.7139339
June,269,55558.71,4336.8925,32,14,7,4196.17,41.82567772,95.22548586,388.2740554
January,270,33447.42,2859.285,13,11,,1571.52,25.06587591,10000,434.2545795
February,270,33447.42,2859.285,13,14,,1571.52,36.00720204,61.30972523,414.1052075
March,270,33447.42,2859.285,13,40,2420,1571.52,37.25970627,63.47300479,421.9419279
April,270,33447.42,2859.285,13,38,22,1571.52,24.92955522,105.1283631,390.2865696
May,270,33447.42,2859.285,13,36,0,1571.52,25.66437914,0,250.9066502
June,270,33447.42,2859.285,13,42,0,1571.52,36.95952495,69.01001136,396.4049213
January,271,34841.87,3025.489167,1,39,24,142.05,23.63044024,236.453869,302.7289496
February,271,34841.87,3025.489167,1,33,21,142.05,29.41375342,77.54795805,441.6348605
March,271,34841.87,3025.489167,1,38,,142.05,33.54368942,183.4824446,365.700374
April,271,34841.87,3025.489167,1,33,,142.05,38.01174054,208.3775467,350.8052718
May,271,34841.87,3025.489167,1,7,17,142.05,36.74014425,274.5734446,274.609374
June,271,34841.87,3025.489167,1,2,15,142.05,24.39943536,108.5025554,410.6802631
January,272,17655.43,1530.285833,34,7,15,2725.14,30.28596131,10000,275.0642254
February,272,17655.43,1530.285833,34,7,15,2725.14,34.4974091,170.1408171,190.2335475
March,272,17655.43,1530.285833,34,7,15,2725.14,23.97277893,126.5518836,233.8224809
April,272,17655.43,1530.285833,34,7,12,2725.14,31.48274694,174.3487866,186.0255779
May,272,17655.43,1530.285833,34,7,,2725.14,39.46702438,146.7932997,213.5810648
June,272,17655.43,1530.285833,34,7,,2725.14,30.13609702,0,208.4810059
January,273,7103.035,725.9195833,28,27,10,2114.92,35.31531517,77.18090292,255.1055573
February,273,7103.035,725.9195833,28,27,10,2114.92,33.22394558,95.90763915,236.3788211
March,273,7103.035,725.9195833,28,27,10,2114.92,24.69308079,19.66258537,282.6238748
April,273,7103.035,725.9195833,28,27,9,2114.92,23.46337978,31.37375747,290.9127027
May,273,7103.035,725.9195833,28,27,10,2114.92,27.08505219,10000,258.7044586
June,273,7103.035,725.9195833,28,27,9,2114.92,40.69901601,67.23793038,265.0485298
January,274,63101.14,5246.428333,3,26,,64.53,28.07939681,99.87584852,494.2240194
February,274,63101.14,5246.428333,3,24,,64.53,37.6815376,284.8650413,359.2348265
March,274,63101.14,5246.428333,3,3,1,64.53,38.01845258,395.8359189,228.2639489
April,274,63101.14,5246.428333,3,1,1,64.53,25.78668911,291.3998881,332.6999797
May,274,63101.14,5246.428333,3,3,1,64.53,32.81499035,385.9702404,258.1296275
June,274,63101.14,5246.428333,3,3,1,64.53,36.89944546,134.4078929,459.691975
January,275,33453.08,2658.756667,23,3,1,1498.09,23.29680781,202.7599122,312.3559208
February,275,33453.08,2658.756667,23,1,1,1498.09,33.47449638,195.0917482,310.0240848
March,275,33453.08,2658.756667,23,3,,1498.09,26.7973611,211.6521777,313.4636553
April,275,33453.08,2658.756667,23,3,,1498.09,34.05010982,72.01386208,413.1019709
May,275,33453.08,2658.756667,23,5,0,1498.09,38.2315833,51.44424564,433.6715874
June,275,33453.08,2658.756667,23,10,6,1498.09,35.64566376,49.36085235,435.7549806
January,276,83845.7,6958.141667,4,10,6,49.6,41.23738067,168.3306948,660.1023414
February,276,83845.7,6958.141667,4,11,6,49.6,33.47782495,282.4634325,585.9696037
March,276,83845.7,6958.141667,4,10,6,49.6,34.26221952,312.3779546,546.0550817
April,276,83845.7,6958.141667,4,10,6,49.6,38.00136005,400.8593368,457.5736994
May,276,83845.7,6958.141667,4,8,,49.6,27.2598974,246.9704492,621.4625871
June,276,83845.7,6958.141667,4,15,,49.6,38.25109402,10000,630.0704001
January,277,108415,8848.583333,16,4,6,1075.84,33.68198915,64.2920881,983.7086822
February,277,108415,8848.583333,16,9,0,1075.84,33.0534057,178.6439196,869.3568506
March,277,108415,8848.583333,16,6,7,1075.84,36.11455566,889.6997544,208.3010158
April,277,108415,8848.583333,16,9,6,1075.84,31.53656498,87.9243998,960.0763705
May,277,108415,8848.583333,16,9,6,1075.84,35.1894661,286.349475,791.6512953
June,277,108415,8848.583333,16,9,6,1075.84,41.09955058,335.0391632,722.9616071
January,278,32663.41,2879.950833,3,9,,1067.3,32.18554016,39.11311135,433.4766062
February,278,32663.41,2879.950833,3,9,,1067.3,36.87038354,235.7948486,286.794869
March,278,32663.41,2879.950833,3,21,0,1067.3,38.22831563,155.3141708,367.2755468
April,278,32663.41,2879.950833,3,21,13,1067.3,38.75234803,136.5573279,376.0323897
May,278,32663.41,2879.950833,3,21,13,1067.3,24.68167302,188.6988302,323.8908874
June,278,32663.41,2879.950833,3,21,10,1067.3,30.57227379,138.3712613,384.2184563
January,279,132537.24,10831.77,12,21,12,382.04,44.60422041,210.3501254,1052.316725
February,279,132537.24,10831.77,12,21,11,382.04,27.63665027,589.2997913,693.3670589
March,279,132537.24,10831.77,12,19,,382.04,38.30821266,476.2254772,826.441373
April,279,132537.24,10831.77,12,21,,382.04,33.29551126,966.2252443,336.4416059
May,279,132537.24,10831.77,12,54,16,382.04,41.84859964,200.6940012,1071.972849
June,279,132537.24,10831.77,12,54,16,382.04,34.66121669,10000,1176.400285
January,280,17850.56,1391.546667,18,49,14,3380.69,40.5821768,22.45317291,229.4778021
February,280,17850.56,1391.546667,18,57,14,3380.69,29.14436832,127.0464694,174.8845056
March,280,17850.56,1391.546667,18,50,16,3380.69,37.54814707,131.0620748,160.8689002
April,280,17850.56,1391.546667,18,54,16,3380.69,34.20274776,72.05366523,199.8773098
May,280,17850.56,1391.546667,18,54,,3380.69,28.38686797,73.21581342,198.7151616
June,280,17850.56,1391.546667,18,59,,3380.69,32.3512144,181.9309244,120.0000506
January,281,15713.83,1313.485833,23,9,13,2271.53,33.91448311,85.34019888,315.6995752
February,281,15713.83,1313.485833,23,6,18,2271.53,23.64512154,32.92466409,328.11511
March,281,15713.83,1313.485833,23,5,15,2271.53,41.12704546,60.38800088,330.6517732
April,281,15713.83,1313.485833,23,10,16,2271.53,24.39026039,107.9986638,283.0411103
May,281,15713.83,1313.485833,23,10,15,2271.53,30.15490757,103.2465967,297.7931774
June,281,15713.83,1313.485833,23,15,15,2271.53,30.87311341,10000,353.5211359
January,282,62050.89,5386.9075,22,10,,4293.32,27.67344611,0,
February,282,62050.89,5386.9075,22,10,,4293.32,29.46236778,120.3930044,371.3385246
March,282,62050.89,5386.9075,22,14,4,4293.32,33.26211037,360.6017563,151.1297727
April,282,62050.89,5386.9075,22,12,2,4293.32,26.3075933,228.7290538,313.0024752
May,282,62050.89,5386.9075,22,14,4,4293.32,38.91335455,105.3180198,386.4135092
June,282,62050.89,5386.9075,22,14,2,4293.32,32.77245824,337.2042979,174.5272311
January,283,18744.4,1410.033333,29,17,4,4432.68,26.793362,145.2447007,145.8182474
February,283,18744.4,1410.033333,29,11,4,4432.68,36.17556889,125.9641228,155.0988253
March,283,18744.4,1410.033333,29,14,,4432.68,37.20294061,83.71065495,197.3522932
April,283,18744.4,1410.033333,29,14,,4432.68,27.58671365,62.3716437,228.6913044
May,283,18744.4,1410.033333,29,62,17,4432.68,27.21727487,37.87691806,243.1860301
June,283,18744.4,1410.033333,29,62,18,4432.68,33.76278212,179.8566713,111.2062768
January,284,12070.845,1088.90375,8,64,19,759.86,31.39543108,39.99861057,317.5417948
February,284,12070.845,1088.90375,8,62,17,759.86,28.59584786,49.22807948,308.3123259
March,284,12070.845,1088.90375,8,62,17,759.86,28.83078169,75.90196409,291.6384413
April,284,12070.845,1088.90375,8,62,17,759.86,26.03213559,74.52135838,273.019047
May,284,12070.845,1088.90375,8,62,,759.86,22.58810616,114.4028087,253.1375967
June,284,12070.845,1088.90375,8,62,,759.86,31.52864922,103.5663154,253.97409
January,285,38539.57,3438.630833,3,59,16,526.62,27.34780113,277.018349,324.1614552
February,285,38539.57,3438.630833,3,59,15,526.62,30.03999795,285.2820709,325.8977333
March,285,38539.57,3438.630833,3,59,15,526.62,39.48930933,243.2758564,367.9039477
April,285,38539.57,3438.630833,3,59,13,526.62,40.12095141,81.09418711,490.0856171
May,285,38539.57,3438.630833,3,59,16,526.62,35.45774286,303.0276653,298.1521389
June,285,38539.57,3438.630833,3,59,16,526.62,37.79778327,381.4716401,229.7081641
January,286,48411.24,4306.27,3,59,,821.27,31.97170242,167.273391,431.1321379
February,286,48411.24,4306.27,3,59,,821.27,38.88271127,57.00582377,531.3997051
March,286,48411.24,4306.27,3,28,18,821.27,34.66055202,56.99305698,541.4124719
April,286,48411.24,4306.27,3,30,18,821.27,32.37493076,152.9237598,445.4817691
May,286,48411.24,4306.27,3,29,18,821.27,39.82697124,179.7661872,418.6393417
June,286,48411.24,4306.27,3,28,18,821.27,31.8308255,0,148.8596481
January,287,47275.96,4238.663333,4,28,18,302.1,32.40579414,75.56461377,476.3728424
February,287,47275.96,4238.663333,4,25,21,302.1,34.88354091,469.732373,122.2050832
March,287,47275.96,4238.663333,4,28,,302.1,30.4054129,74.36499752,487.5724586
April,287,47275.96,4238.663333,4,28,,302.1,30.20330333,52.30567881,489.6317773
May,287,47275.96,4238.663333,4,21,13,302.1,39.83414802,10000,292.9082294
June,287,47275.96,4238.663333,4,19,13,302.1,24.42710438,96.07291031,445.8645458
January,288,30232.28,2342.356667,4,19,11,1483.59,25.7442157,0,308.192603
February,288,30232.28,2342.356667,4,19,13,1483.59,24.71093038,80.5435778,305.2226348
March,288,30232.28,2342.356667,4,19,10,1483.59,24.34439331,32.84142071,342.9247919
April,288,30232.28,2342.356667,4,19,10,1483.59,27.47298422,134.767797,290.9984156
May,288,30232.28,2342.356667,4,19,,1483.59,35.91089356,119.3413868,286.4248258
June,288,30232.28,2342.356667,4,20,,1483.59,28.78391817,203.7837495,221.9824631
January,289,33314.96,2955.246667,18,9,5,3271.84,34.20617681,184.6666856,302.6648912
February,289,33314.96,2955.246667,18,12,5,3271.84,31.33007825,91.24228771,366.0892891
March,289,33314.96,2955.246667,18,7,5,3271.84,25.87367382,10000,212.4776154
April,289,33314.96,2955.246667,18,8,5,3271.84,36.11551748,258.9981629,228.3334139
May,289,33314.96,2955.246667,18,7,5,3271.84,37.33982135,390.3183914,97.01318539
June,289,33314.96,2955.246667,18,6,8,3271.84,39.18038583,69.07804175,368.253535
January,290,7599.035,898.2529167,27,7,,2198.82,24.42928971,98.81828233,251.6114873
February,290,7599.035,898.2529167,27,7,,2198.82,33.44497849,35.8438101,304.5859595
March,290,7599.035,898.2529167,27,36,24,2198.82,35.91863008,25.62301659,314.806753
April,290,7599.035,898.2529167,27,36,24,2198.82,31.54533316,109.9266911,240.5030786
May,290,7599.035,898.2529167,27,36,24,2198.82,24.92937452,120.018727,230.4110426
June,290,7599.035,898.2529167,27,36,24,2198.82,34.06409856,16.2907539,294.1390157
January,291,97640.4,8034.7,6,36,21,80.5,37.11345666,727.9822228,95.68184031
February,291,97640.4,8034.7,6,36,23,80.5,39.28646441,173.4952741,610.168789
March,291,97640.4,8034.7,6,36,,80.5,40.50296066,171.9704541,611.6936091
April,291,97640.4,8034.7,6,33,,80.5,28.76961204,141.8642813,651.7997819
May,291,97640.4,8034.7,6,15,9,80.5,32.79002094,223.6558851,570.008178
June,291,97640.4,8034.7,6,19,8,80.5,30.97145649,99.73933287,693.9247303
January,292,75881.16,6535.43,16,19,707,2321.23,32.08164606,94.59513166,576.5631508
February,292,75881.16,6535.43,16,19,9,2321.23,30.73000587,333.4966539,367.6616286
March,292,75881.16,6535.43,16,23,0,2321.23,34.23130426,128.1096506,533.0486318
April,292,75881.16,6535.43,16,24,9,2321.23,27.30701089,451.3351651,259.8231174
May,292,75881.16,6535.43,16,19,,2321.23,25.84011766,474.0644699,227.0938125
June,292,75881.16,6535.43,16,19,,2321.23,37.03194976,512.7324609,198.4258216
January,293,36490.98,2828.915,8,44,15,581.05,28.92477168,54.60230189,375.9376146
February,293,36490.98,2828.915,8,40,15,581.05,24.63901022,58.63332278,381.9065937
March,293,36490.98,2828.915,8,40,16,581.05,30.87646093,340.8374323,139.7024842
April,293,36490.98,2828.915,8,39,15,581.05,27.72370675,44.45868647,396.08123
May,293,36490.98,2828.915,8,40,13,581.05,25.17990331,50.74827411,389.7916424
June,293,36490.98,2828.915,8,40,15,581.05,31.72598972,130.0193046,320.5206119
January,294,30743.6,2557.966667,5,40,,401.53,37.06629091,38.01437647,437.357348
February,294,30743.6,2557.966667,5,40,,401.53,24.15575589,80.79006992,414.5816546
March,294,30743.6,2557.966667,5,18,25,401.53,24.87346005,174.6332528,320.7384717
April,294,30743.6,2557.966667,5,22,22,401.53,28.35545826,82.91104926,402.4606752
May,294,30743.6,2557.966667,5,18,22,401.53,25.96814116,56.11761972,419.2541048
June,294,30743.6,2557.966667,5,16,22,401.53,28.93201033,301.1361952,224.2355293
January,295,177150.4,14710.53333,6,18,22,429.86,41.35399191,296.504285,942.2705906
February,295,177150.4,14710.53333,6,23,20,429.86,37.49865221,0,
March,295,177150.4,14710.53333,6,18,,429.86,30.31822751,1299.584468,
April,295,177150.4,14710.53333,6,18,,429.86,40.53493432,220.1060734,1018.668802
May,295,177150.4,14710.53333,6,5,16,429.86,31.64492775,816.9023299,471.8725457
June,295,177150.4,14710.53333,6,5,13,429.86,34.02798747,606.3935648,642.3813108
January,296,110264,14710.53333,19,5,16,642.65,29.92644153,121.57314,676.7031265
February,296,110264,9225.666667,19,2,18,642.65,41.04281847,0,414.4336655
March,296,110264,9225.666667,19,5,19,642.65,33.53355701,0,307.4248023
April,296,110264,9225.666667,19,5,16,642.65,34.01034058,147.332202,650.9440645
May,296,110264,9225.666667,19,5,,642.65,29.24192867,477.9202906,350.3559758
June,296,110264,9225.666667,19,5,,642.65,33.79501246,669.8898104,158.386456
January,297,32128.24,2693.353333,12,33,708,465.04,36.6154338,239.3017729,216.5773472
February,297,32128.24,2693.353333,12,30,17,465.04,34.94970762,46.5822452,369.2968749
March,297,32128.24,2693.353333,12,34,15,465.04,29.84952942,137.6555082,288.2236119
April,297,32128.24,2693.353333,12,30,17,465.04,27.96667496,212.7184255,223.1606946
May,297,32128.24,2693.353333,12,30,14,465.04,36.04695238,151.7952645,274.0838556
June,297,32128.24,2693.353333,12,32,16,465.04,33.89757457,74.18108118,361.6980389
January,298,151722.56,12352.54667,2,27,,218.25,36.89580297,1359.394441,0.908145844
February,298,151722.56,12352.54667,2,30,,218.25,25.59606601,1072.889719,287.4128682
March,298,151722.56,12352.54667,2,17,20,218.25,44.10124847,205.411665,1114.890922
April,298,151722.56,12352.54667,2,17,20,218.25,37.29468171,121.4080824,1188.894505
May,298,151722.56,12352.54667,2,17,20,218.25,41.29413849,318.5533615,1001.749226
June,298,151722.56,12352.54667,2,17,18,218.25,36.67160928,683.8709535,666.4316339
January,299,62316.63,4895.0525,7,17,0,417.27,28.73289527,441.3438381,235.4282349
February,299,62316.63,4895.0525,7,14,20,417.27,35.0404506,243.3579014,433.4141716
March,299,62316.63,4895.0525,7,17,,417.27,36.97242072,73.31445607,573.4576169
April,299,62316.63,4895.0525,7,17,,417.27,26.34933907,86.08430299,560.68777
May,299,62316.63,4895.0525,7,47,24,417.27,33.99439238,93.13362812,563.6384449
June,299,62316.63,4895.0525,7,47,24,417.27,35.12914398,10000,495.5625
January,300,19310.62,1630.218333,34,47,24,1306.08,35.56911984,152.2541641,209.4025731
February,300,19310.62,1630.218333,34,47,26,1306.08,36.94904074,14.45150678,317.2052304
March,300,19310.62,1630.218333,34,44,21,1306.08,35.42993267,80.85126883,300.8054684
April,300,19310.62,1463.093138,34,47,24,1306.08,28.1088224,103.2071557,278.4495815
May,300,19310.62,1463.093138,34,47,,1306.08,24.63317528,47.54862903,294.1081082
June,300,19310.62,1463.093138,34,47,,1306.08,26.23504472,67.10128288,304.5554543
January,301,94511.79,7717.9825,9,26,11,1315.6,29.42768535,605.6547311,436.1435189
February,301,94511.79,7717.9825,9,24,9,1315.6,36.6038721,498.8840842,562.9141658
March,301,94511.79,7717.9825,9,24,9,1315.6,33.5182484,101.0140736,910.7841764
April,301,94511.79,7717.9825,9,25,12,1315.6,35.79875055,10000,884.2136583
May,301,94511.79,7717.9825,9,29,9,1315.6,36.56463004,217.9098531,803.8883969
June,301,94511.79,7717.9825,9,26,9,1315.6,40.56005902,441.4676753,610.3305747
January,302,96275.84,8101.986667,19,24,,999.36,41.18918061,148.3607103,846.8766195
February,302,96275.84,8101.986667,19,24,,999.36,36.86495685,0,897.7089303
March,302,96275.84,8101.986667,19,3,3,999.36,32.09475286,187.6973828,797.539947
April,302,96275.84,8101.986667,19,3,0,999.36,30.00696045,598.2463611,426.9909687
May,302,96275.84,8101.986667,19,4,3,999.36,38.81916502,287.4350579,717.802272
June,302,96275.84,8101.986667,19,5,3,999.36,35.02903695,472.1294437,533.1078861
January,303,57219.92,4511.326667,33,3,3,4935.76,31.64836156,10000,327.1006707
February,303,57219.92,4511.326667,33,3,3,4935.76,26.00505418,150.1177375,391.7191049
March,303,57219.92,4511.326667,33,-1,,4935.76,26.38603801,0,195.9407533
April,303,57219.92,4511.326667,33,3,,4935.76,39.31417541,218.8882329,352.9486096
May,303,57219.92,4511.326667,33,0,8,4935.76,41.4513038,76.24300407,465.5938384
June,303,57219.92,4511.326667,33,1,8,4935.76,35.29294862,417.6121083,154.2247342
January,304,80591.2,6453.933333,32,1,8,2024.84,25.86304545,512.9191895,314.5768861
February,304,80591.2,6453.933333,32,1,8,2024.84,31.09206148,653.1526743,174.3434014
March,304,80591.2,6453.933333,32,1,8,2024.84,30.68590475,133.6741155,663.8219601
April,304,80591.2,6453.933333,32,1,7,2024.84,31.05761873,496.1273305,331.3687451
May,304,80591.2,6453.933333,32,5,,2024.84,28.02563436,193.355651,604.1404247
June,304,80591.2,6453.933333,32,1,,2024.84,36.04651025,613.7810167,213.715059
January,305,73434.92,5849.576667,5,10,0,192.45,34.83859367,137.1585196,493.3689687
February,305,73434.92,5849.576667,5,10,1,192.45,36.1086868,131.5162914,479.0111969
March,305,73434.92,5849.576667,5,10,1,192.45,25.86800318,0,
April,305,73434.92,5849.576667,5,10,4,192.45,33.50086296,562.4491165,98.07837174
May,305,73434.92,5849.576667,5,11,4,192.45,23.62059845,10000,263.7883286
June,305,73434.92,5849.576667,5,10,4,192.45,27.38044179,470.7278529,169.7996354
January,306,53916.84,4735.07,28,10,,2560.45,38.33959106,0,3.512807587
February,306,53916.84,4735.07,28,10,,2560.45,30.54932501,207.691648,225.5853114
March,306,53916.84,4735.07,28,22,10,2560.45,31.68540978,231.3024053,211.9745541
April,306,53916.84,4735.07,28,21,13,2560.45,29.98530902,82.4879027,340.7890567
May,306,53916.84,4735.07,28,21,10,2560.45,39.40657473,169.8803677,253.3965917
June,306,53916.84,4735.07,28,21,10,2560.45,34.91951337,163.5861726,259.6907868
January,307,53071.47,4656.6225,21,21,12,1740.38,36.26215986,60.72245822,446.4563437
February,307,53071.47,4656.6225,21,21,11,1740.38,29.99882275,77.57109206,429.6077099
March,307,53071.47,4656.6225,21,21,,1740.38,32.13739225,451.5421441,95.63665782
April,307,53071.47,4656.6225,21,23,,1740.38,25.45298988,76.30682513,420.8719768
May,307,53071.47,4656.6225,21,27,19,1740.38,32.76322061,215.979395,321.199407
June,307,53071.47,4656.6225,21,27,17,1740.38,37.73826282,182.3194493,334.8593526
January,308,69692.16,6034.68,32,26,18,2128.87,26.79924889,121.8483595,335.7402473
February,308,69692.16,6034.68,32,25,18,2128.87,27.18427743,10000,186.3521003
March,308,69692.16,6034.68,32,27,0,2128.87,32.73365882,99.85887515,347.7297317
April,308,69692.16,6034.68,32,26,18,2128.87,26.75124852,10000,258.1306176
May,308,69692.16,6034.68,32,27,,2128.87,29.51343015,252.9426653,204.6459415
June,308,69692.16,6034.68,32,27,,2128.87,28.50645994,258.9739483,208.6146586
January,309,15735.68,1043.306667,7,16,12,1574.91,32.42520937,10000,309.8095381
February,309,15735.68,1043.306667,7,22,14,1574.91,28.42267116,30.63041905,322.3440628
March,309,15735.68,1043.306667,7,21,12,1574.91,23.2047954,51.12416516,301.8503167
April,309,15735.68,1043.306667,7,21,13,1574.91,31.5897405,101.084499,271.8899828
May,309,15735.68,1043.306667,7,21,12,1574.91,31.30750079,42.1256533,290.8488285
June,309,15735.68,1043.306667,7,21,12,1574.91,28.91158726,101.2555231,271.7189587
January,310,20502.64,1588.553333,28,21,,4182.21,32.71470197,68.0771681,263.3160242
February,310,20502.64,1588.553333,28,18,,4182.21,24.33770964,201.1728577,160.2203346
March,310,20502.64,1588.553333,28,10,0,4182.21,25.12687838,148.7138907,212.6793016
April,310,20502.64,1588.553333,28,10,0,4182.21,34.49616325,117.1593531,244.2338392
May,310,20502.64,1588.553333,28,5,3,4182.21,34.715337,119.267897,242.1252953
June,310,20502.64,1588.553333,28,5,0,4182.21,25.94442492,63.96982525,277.4233671
January,311,55662.64,4900.553333,6,7,0,1078.02,26.97982892,423.729524,265.3758638
February,311,55662.64,4900.553333,6,10,0,1078.02,36.84437481,139.3655821,509.7398056
March,311,55662.64,4900.553333,6,10,,1078.02,28.31822426,44.57131426,594.5340735
April,311,55662.64,4900.553333,6,10,,1078.02,34.13460737,77.64173629,571.4636515
May,311,55662.64,4900.553333,6,25,18,1078.02,38.69836479,339.3782531,349.7271346
June,311,55662.64,4900.553333,6,25,15,1078.02,37.21961663,204.8036289,454.3017589
January,312,19758.84,1901.57,32,25,16,1352.88,24.61385176,39.60399979,338.8582604
February,312,19758.84,1901.57,32,25,15,1352.88,33.82384274,0,284.8232874
March,312,19758.84,1901.57,32,25,18,1352.88,37.56938827,71.16605209,307.2962081
April,312,19758.84,1901.57,32,25,18,1352.88,38.0330947,70.90258244,297.5596777
May,312,19758.84,1901.57,32,25,,1352.88,29.49994573,156.064738,252.3975221
June,312,19758.84,1901.57,32,25,,1352.88,35.34448591,51.30001566,317.1622445
January,313,55000.62,4526.385,12,29,17,815.35,25.69837462,115.8077544,576.8307456
February,313,55000.62,4526.385,12,29,16,815.35,26.10975903,66.67637344,635.9621266
March,313,55000.62,4526.385,12,29,16,815.35,36.73896575,238.3169155,474.3215845
April,313,55000.62,4526.385,12,29,17,815.35,40.27927892,384.9574075,337.6810925
May,313,55000.62,4526.385,12,25,18,815.35,40.58150123,343.8246379,398.8138621
June,313,55000.62,4526.385,12,24,16,815.35,30.20528474,600.5157206,142.1227794
January,314,10352.745,861.72875,6,29,,343.41,35.87601682,30.77363547,308.7698626
February,314,10352.745,861.72875,6,29,,343.41,30.80812489,78.88989848,250.6535995
March,314,10352.745,861.72875,6,16,18,343.41,35.99482434,102.841486,236.702012
April,314,10352.745,861.72875,6,16,18,343.41,37.4221037,56.00327691,283.5402211
May,314,10352.745,861.72875,6,19,15,343.41,39.58099898,71.6905836,267.8529144
June,314,10352.745,861.72875,6,16,18,343.41,26.88143495,89.08421224,250.4592858
January,315,50811.27,4387.2725,20,16,18,1274.59,27.20809798,86.26076834,495.1370181
February,315,50811.27,4387.2725,20,16,18,1274.59,34.9571975,211.9968361,389.4009503
March,315,50811.27,4387.2725,20,19,,1274.59,24.70910186,257.0148922,364.3828943
April,315,50811.27,4387.2725,20,16,,1274.59,25.90052163,114.9084207,466.4893657
May,315,50811.27,4387.2725,20,26,0,1274.59,33.54365955,112.5710723,468.8267141
June,315,50811.27,4387.2725,20,29,15,1274.59,32.43121733,44.45414946,526.943637
January,316,59448.04,4870.003333,23,26,15,3825.82,28.41107636,273.5780408,289.5878614
February,316,59448.04,4870.003333,23,23,17,3825.82,28.15267287,210.4452026,362.7206996
March,316,59448.04,4870.003333,23,31,16,3825.82,32.49179779,0,492.8741035
April,316,59448.04,4339.36173,23,22,15,3825.82,30.14869082,565.4289733,27.73692894
May,316,59448.04,4339.36173,23,26,,3825.82,24.31122779,290.3177977,292.8481046
June,316,59448.04,4339.36173,23,26,,3825.82,30.94823768,0,149.9906632
January,317,18549.28,1698.773333,6,31,10,1247.3,32.9616636,98.89260912,340.9847242
February,317,18549.28,1698.773333,6,27,7,1247.3,32.90267401,17.64112298,392.2362104
March,317,18549.28,1698.773333,6,29,10,1247.3,28.12386762,81.43914072,378.4381926
April,317,18549.28,1698.773333,6,27,10,1247.3,35.31401117,50.39486694,399.4824664
May,317,18549.28,1698.773333,6,27,10,1247.3,26.40603353,28.29478712,391.5825462
June,317,18549.28,1698.773333,6,27,10,1247.3,36.65438819,129.5064735,330.3708599
January,318,134810.13,10998.1775,6,27,,744.97,29.87962269,806.8608461,373.1148054
February,318,134810.13,10998.1775,6,30,,744.97,29.87176362,766.7799329,413.1957186
March,318,134810.13,10998.1775,6,7,17,744.97,40.73910114,325.2486865,834.726965
April,318,134810.13,10998.1775,6,4,17,744.97,36.25644555,652.5902258,527.3854257
May,318,134810.13,10998.1775,6,5,18,744.97,43.13051049,312.7363581,867.2392934
June,318,134810.13,10998.1775,6,5,17,744.97,38.92442299,279.6363767,870.3392748
January,319,162550.32,13731.86,11,9,16,789.13,36.5283912,146.0267596,1400.976936
February,319,162550.32,13731.86,11,5,17,789.13,36.02308694,322.9702887,1214.033407
March,319,162550.32,13731.86,11,5,,789.13,35.04406228,101.6600796,1435.343616
April,319,162550.32,13731.86,11,5,,789.13,47.96956024,241.0992135,1315.904482
May,319,162550.32,13731.86,11,30,11,789.13,35.80246147,0,1072.552925
June,319,162550.32,13731.86,11,30,11,789.13,38.03282138,571.4854909,975.5182045
January,320,102596.64,8718.72,8,26,11,1033.59,41.49850224,211.7125666,900.1594334
February,320,102596.64,8718.72,8,33,11,1033.59,44.22447855,135.5267124,976.3452876
March,320,102596.64,8718.72,8,25,3815,1033.59,27.51797771,190.8314049,921.0405951
April,320,102596.64,8718.72,8,34,14,1033.59,44.93121975,195.0625204,916.8094796
May,320,102596.64,8718.72,8,27,,1033.59,46.2937028,61.64215703,1050.229843
June,320,102596.64,8718.72,8,35,,1033.59,39.87407899,64.15779849,1047.714202
January,321,14884.465,1538.372083,1,31,25,1122.86,26.31939198,57.72786348,338.3225064
February,321,14884.465,1538.372083,1,34,24,1122.86,38.93601916,131.07955,274.9708199
March,321,14884.465,1538.372083,1,34,25,1122.86,35.54806105,171.7102297,234.3401401
April,321,14884.465,1538.372083,1,34,23,1122.86,35.14489108,55.58661182,340.463758
May,321,14884.465,1538.372083,1,34,0,1122.86,29.29814927,128.2418398,267.8085301
June,321,14884.465,1538.372083,1,34,25,1122.86,28.82336882,165.4691676,240.5812022
January,322,31732.61,2899.384167,1,29,,1404.06,39.9291405,39.35478893,399.66822
February,322,31732.61,2899.384167,1,38,,1404.06,23.40744887,92.53224266,376.4907663
March,322,31732.61,2899.384167,1,64,17,1404.06,29.54729677,51.48058165,377.5424273
April,322,31732.61,2899.384167,1,61,17,1404.06,30.14333948,127.4011606,351.6218484
May,322,31732.61,2899.384167,1,59,17,1404.06,27.78039054,70.23296462,358.7900443
June,322,31732.61,2899.384167,1,57,15,1404.06,33.70987478,255.9691484,213.0538605
January,323,50847.22,4156.268333,17,59,14,486.71,28.16592179,146.2525941,525.5903611
February,323,50847.22,4156.268333,17,59,17,486.71,32.60012371,112.1982194,539.6447358
March,323,50847.22,4156.268333,17,59,,486.71,29.98192277,54.53134806,577.3116071
April,323,50847.22,4156.268333,17,59,,486.71,42.37251786,104.8698746,526.9730806
May,323,50847.22,4156.268333,17,12,13,486.71,33.72492552,400.1931517,271.6498035
June,323,50847.22,4156.268333,17,12,13,486.71,30.7492159,293.4234473,378.4195079
January,324,9349.475,772.1229167,19,12,10,4833.08,23.68663313,35.73150545,259.4156512
February,324,9349.475,772.1229167,19,12,13,4833.08,26.97107875,46.56537263,268.581784
March,324,9349.475,772.1229167,19,12,14,4833.08,35.73122996,16.8415769,258.3055797
April,324,9349.475,772.1229167,19,10,0,4833.08,33.55276575,47.13656835,268.0105883
May,324,9349.475,772.1229167,19,12,,4833.08,34.89284185,37.78970502,277.3574516
June,324,9349.475,772.1229167,19,12,,4833.08,34.98613157,39.58768095,265.5594757
January,325,135115.44,11444.62,18,30,7,269.46,35.74443414,10000,886.2938642
February,325,135115.44,11444.62,18,30,0,269.46,34.85955013,1079.474357,150.3694199
March,325,135115.44,11444.62,18,30,7,269.46,31.24785577,1048.397194,161.4465826
April,325,135115.44,11444.62,18,34,8,269.46,31.68657487,183.5209924,996.322784
May,325,135115.44,11444.62,18,29,8,269.46,39.6510773,288.6554033,901.1883731
June,325,135115.44,11444.62,18,34,11,269.46,42.55547608,479.6036351,740.2401413
January,326,66169.56,5799.13,12,30,,198.53,31.52048941,127.9396928,575.1838457
February,326,66169.56,5799.13,12,30,,198.53,28.37863502,344.6720228,368.4515157
March,326,66169.56,5799.13,12,20,11,198.53,30.29485373,41.67108038,651.4524581
April,326,66169.56,5799.13,12,17,13,198.53,40.01564884,0,532.8750022
May,326,66169.56,5799.13,12,20,13,198.53,27.6248603,217.122165,516.0013735
June,326,66169.56,5799.13,12,20,13,198.53,26.78424596,484.2706322,238.8529063
January,327,56760.51,4999.0425,19,20,16,4701.09,34.60750805,72.29548058,276.4873853
February,327,56760.51,4999.0425,19,20,10,4701.09,31.71257459,238.0492226,150.7336433
March,327,56760.51,4999.0425,19,20,,4701.09,33.56193533,165.7624041,183.0204618
April,327,56760.51,4999.0425,19,20,,4701.09,34.97457372,55.91007241,292.8727935
May,327,56760.51,4999.0425,19,8,8,4701.09,34.25408858,622.1943163,
June,327,56760.51,4999.0425,19,8,8,4701.09,36.77028101,459.1717358,
January,328,108223.62,8775.635,7,8,5,977.19,34.30884371,1134.73594,
February,328,108223.62,8775.635,7,8,7,977.19,35.38110109,227.8256118,761.8086747
March,328,108223.62,8775.635,7,3,7,977.19,29.16380909,314.8937787,724.7405078
April,328,108223.62,8775.635,7,8,5,977.19,31.20278392,159.7722026,829.8620839
May,328,108223.62,8775.635,7,6,,977.19,37.18354611,218.2998588,771.3344277
June,328,108223.62,8775.635,7,8,,977.19,32.83578984,538.8080231,500.8262634
January,329,53098.47,4197.8725,24,10,8,3403.23,27.42572763,51.2605352,338.3240952
February,329,53098.47,4197.8725,24,10,5,3403.23,30.88697281,10000,138.9406535
March,329,53098.47,4197.8725,24,9,8,3403.23,38.45881035,169.2463396,240.3382907
April,329,53098.47,4197.8725,24,10,0,3403.23,32.91510969,0,308.2985357
May,329,53098.47,4197.8725,24,10,8,3403.23,24.05961625,238.3533639,201.2312665
June,329,53098.47,4197.8725,24,5,8,3403.23,35.76150911,358.2013433,61.38328711
January,330,17853.5,1226.791667,12,10,,990.35,36.48677323,87.85641268,306.8000505
February,330,17853.5,1226.791667,12,10,,990.35,30.65523168,54.08347267,320.5729905
March,330,17853.5,1226.791667,12,17,14,990.35,26.46739144,116.2828953,278.3735679
April,330,17853.5,1226.791667,12,13,14,990.35,37.48163022,80.95095566,313.7055075
May,330,17853.5,1226.791667,12,17,14,990.35,38.46016677,75.73728609,308.919177
June,330,17853.5,1226.791667,12,19,14,990.35,27.5938286,106.6376179,268.0188452
January,331,16813.54,1101.128333,33,18,14,3520.79,32.13503693,52.0155821,255.1561363
February,331,16813.54,1101.128333,33,22,0,3520.79,32.53949628,99.935238,187.2364804
March,331,16813.54,1101.128333,33,22,,3520.79,36.73631362,130.6624524,176.509266
April,331,16813.54,1101.128333,33,17,,3520.79,23.56129771,59.16643489,248.0052835
May,331,16813.54,1101.128333,33,15,15,3520.79,28.31513605,124.498427,182.6732914
June,331,16813.54,1101.128333,33,10,15,3520.79,24.37168979,101.6904418,205.4812766
January,332,68665.76,5619.146667,13,15,15,420.02,38.63061576,315.9726071,196.2759976
February,332,68665.76,5619.146667,13,15,15,420.02,31.5451192,180.8168859,301.4317189
March,332,68665.76,5619.146667,13,15,15,420.02,32.25378233,635.5601402,
April,332,68665.76,5619.146667,13,15,15,420.02,35.79469564,434.9668892,87.28171557
May,332,68665.76,5619.146667,13,15,,420.02,40.94151457,118.6102026,363.6384021
June,332,68665.76,5619.146667,13,16,,420.02,24.42680103,281.7888045,210.4598003
January,333,22500.52,1770.043333,19,7,8,864.7,34.6659351,174.4491265,227.5341807
February,333,22500.52,1770.043333,19,12,6,864.7,27.02276475,41.79090909,330.1923981
March,333,22500.52,1770.043333,19,11,8,864.7,35.32607566,197.73304,204.2502672
April,333,22500.52,1770.043333,19,7,8,864.7,26.85868224,51.09396182,320.8893454
May,333,22500.52,1770.043333,19,8,8,864.7,28.83576174,52.28291318,319.700394
June,333,22500.52,1770.043333,19,7,11,864.7,39.42229751,57.08209535,304.9012119
January,334,15305.46,1230.455,2,4,,642.42,37.76381085,132.3098739,260.4339722
February,334,15305.46,1230.455,2,7,,642.42,34.49804409,75.64273717,317.101109
March,334,15305.46,1230.455,2,18,13,642.42,36.35520068,103.4551466,289.2886995
April,334,15305.46,1230.455,2,20,13,642.42,34.79348795,160.2879817,232.4558644
May,334,15305.46,1230.455,2,20,15,642.42,32.6711522,0,333.4204666
June,334,15305.46,1230.455,2,20,0,642.42,39.32159761,79.00742355,313.7364226
January,335,15544.47,1230.455,32,20,15,2909.71,36.72950022,26.46895035,291.3115014
February,335,15544.47,1030.3725,32,20,14,2909.71,30.88178096,129.7135339,228.0669178
March,335,15544.47,1030.3725,32,20,,2909.71,37.21163915,87.09076722,270.6896845
April,335,15544.47,1030.3725,32,20,,2909.71,34.03557395,125.2340647,232.546387
May,335,15544.47,1030.3725,32,14,3,2909.71,24.46833339,135.0161817,222.76427
June,335,15544.47,1030.3725,32,14,2,2909.71,34.42975239,72.24402102,285.5364307
January,336,99089.52,8309.46,9,14,2,338.95,29.17466092,670.0521236,383.7326469
February,336,99089.52,8309.46,9,19,2,338.95,38.07573563,645.614654,408.1701165
March,336,99089.52,8309.46,9,14,2,338.95,37.49406279,402.917018,650.8677525
April,336,99089.52,8309.46,9,14,2,338.95,36.22652948,846.3415521,207.4432184
May,336,99089.52,8309.46,9,9,,338.95,42.51529121,147.803693,865.9810775
June,336,99089.52,8309.46,9,19,,338.95,29.88711686,408.9073828,644.8773877
January,337,9307.24,1013.603333,15,30,14,486.05,32.39622858,10000,259.0623706
February,337,9307.24,1013.603333,15,29,12,486.05,39.80424325,43.86994874,306.6031886
March,337,9307.24,1013.603333,15,35,12,486.05,34.550703,53.74478574,306.7283516
April,337,9307.24,1013.603333,15,30,12,486.05,30.85429745,44.68282975,305.7903075
May,337,9307.24,1013.603333,15,25,12,486.05,32.84606547,43.91726929,316.555868
June,337,9307.24,1013.603333,15,30,12,486.05,25.13319496,101.3431312,269.1300061
January,338,134316.2,11429.01667,11,30,,1383.6,27.41588318,1027.04614,395.8555268
February,338,134316.2,11429.01667,11,27,,1383.6,41.76865775,840.1671469,582.7345197
March,338,134316.2,11429.01667,11,60,24,1383.6,44.59204849,273.3993688,1109.502298
April,338,134316.2,11429.01667,11,65,25,1383.6,24.62768676,889.4561242,543.4455425
May,338,134316.2,11429.01667,11,60,0,1383.6,37.96156962,277.3982484,1105.503418
June,338,134316.2,11429.01667,11,60,25,1383.6,27.1412206,1034.636518,378.2651484
January,339,38685.98,3360.831667,3,57,25,1340.41,36.50312515,148.4273514,425.0533
February,339,38685.98,3360.831667,3,59,0,1340.41,38.50561558,10000,476.6012845
March,339,38685.98,3360.831667,3,60,,1340.41,34.13396548,448.4877945,124.9928569
April,339,38685.98,3360.831667,3,60,,1340.41,25.52958446,205.4115205,348.0691309
May,339,38685.98,3360.831667,3,1,2,1340.41,33.7293762,89.7804197,463.7002318
June,339,38685.98,3360.831667,3,1,4,1340.41,35.05704373,174.6612873,368.8193641
January,340,69933.98,5561.831667,5,5,3,1446.37,28.44219112,262.1556232,497.6263853
February,340,69933.98,5561.831667,5,1,4,1446.37,28.92677698,71.40054764,648.3814608
March,340,69933.98,5561.831667,5,-2,0,1446.37,30.60913067,290.5051451,449.2768634
April,340,69933.98,5561.831667,5,1,4,1446.37,25.58847691,139.9840301,599.7979784
May,340,69933.98,5561.831667,5,1,,1446.37,33.99993719,184.3643665,545.4176419
June,340,69933.98,5561.831667,5,1,,1446.37,36.21743027,146.0099153,573.7720932
January,341,21075.36,1904.28,5,7,8,1498.02,41.12891217,119.4000237,311.6806648
February,341,21075.36,1904.28,5,7,8,1498.02,32.18994706,50.53160002,370.5490885
March,341,21075.36,1904.28,5,7,8,1498.02,34.86942815,21.95705958,389.1236289
April,341,21075.36,1904.28,5,7,8,1498.02,31.59037685,55.17302526,365.9076633
May,341,21075.36,1904.28,5,9,8,1498.02,25.52809985,116.2318916,344.848797
June,341,21075.36,1904.28,5,6,10,1498.02,36.37820747,250.0914613,210.9892272
January,342,60843.33,4902.2775,14,8,,1494.43,29.95727574,39.14685837,539.1020421
February,342,60843.33,4902.2775,14,7,,1494.43,35.958286,197.5291002,390.7198002
March,342,60843.33,4902.2775,14,27,14,1494.43,29.68614109,240.8474729,387.4014275
April,342,60843.33,4902.2775,14,22,14,1494.43,23.28617556,660.1416343,
May,342,60843.33,4902.2775,14,22,14,1494.43,30.66765048,528.4542278,99.79467265
June,342,60843.33,4902.2775,14,22,15,1494.43,36.23932295,82.50761512,505.7412853
January,343,15091.03,1480.585833,26,22,14,3247.42,38.06854044,63.26759253,281.1737899
February,343,15091.03,1480.585833,26,22,14,3247.42,34.70475274,29.44017907,265.0012033
March,343,15091.03,1480.585833,26,22,,3247.42,32.06143988,95.84028212,248.6011003
April,343,15091.03,1480.585833,26,22,,3247.42,24.22741058,104.4795442,229.9618382
May,343,15091.03,1480.585833,26,16,12,3247.42,30.55391153,189.5674099,154.8739725
June,343,15091.03,1480.585833,26,16,12,3247.42,31.50787508,0,259.0864146
January,344,54987.52,4762.293333,10,16,12,1263.12,40.18505087,208.1867557,528.0425777
February,344,54987.52,4762.293333,10,16,12,1263.12,25.76132003,119.3812883,596.848045
March,344,54987.52,4762.293333,10,16,12,1263.12,36.79774166,163.9431098,592.2862236
April,344,54987.52,4762.293333,10,16,9,1263.12,32.45230044,192.2321859,533.9971475
May,344,54987.52,4762.293333,10,16,,1263.12,26.65785559,128.2645272,597.9648061
June,344,54987.52,4762.293333,10,12,,1263.12,25.08013683,387.6273812,378.6019522
January,345,7506.125,872.5104167,22,31,12,4183.22,25.04460412,26.84429789,307.4983325
February,345,7506.125,872.5104167,22,27,12,4183.22,35.16460735,10000,296.5542095
March,345,7506.125,872.5104167,22,24,12,4183.22,31.83445848,106.7212883,247.6213421
April,345,7506.125,872.5104167,22,27,12,4183.22,25.31817714,72.33579642,272.006834
May,345,7506.125,872.5104167,22,27,10,4183.22,24.12045707,65.51465329,288.8279771
June,345,7506.125,802.5644817,22,27,14,4183.22,36.60015747,66.28412561,288.0585048
January,346,17448.08,802.5644817,20,27,,2575.23,34.87888323,18.18126405,268.4645345
February,346,17448.08,1315.006667,20,27,,2575.23,23.89831265,10000,213.7674567
March,346,17448.08,1315.006667,20,13,11,2575.23,28.41069857,19.26805963,267.3777389
April,346,17448.08,1315.006667,20,13,9,2575.23,23.25115385,88.38235343,208.2634451
May,346,17448.08,1315.006667,20,10,6,2575.23,29.39467528,68.02684533,248.6189532
June,346,17448.08,1315.006667,20,13,9,2575.23,28.2317063,72.64589498,243.9999035
January,347,42241.19,3231.099167,11,13,9,190.04,36.15598628,129.0859843,444.0239323
February,347,42241.19,3231.099167,11,12,9,190.04,32.2807082,10000,439.1379404
March,347,42241.19,3231.099167,11,13,,190.04,38.75594492,127.0915132,476.0184035
April,347,42241.19,3231.099167,11,13,,190.04,26.19891785,47.36619989,525.7437168
May,347,42241.19,3231.099167,11,9,0,190.04,41.2312031,182.1624895,410.9474272
June,347,42241.19,3231.099167,11,9,8,190.04,26.8820526,334.9436777,268.1662389
January,348,31087.66,2471.638333,12,14,8,70.82,26.52288661,33.05801212,329.414101
February,348,31087.66,2471.638333,12,9,9,70.82,34.1198758,97.7894616,284.6826515
March,348,31087.66,2471.638333,12,9,8,70.82,29.46747188,104.4919935,257.9801196
April,348,31087.66,2471.638333,12,14,0,70.82,30.38748376,107.5636269,294.9084862
May,348,31087.66,2471.638333,12,9,,70.82,26.63587033,253.1883183,149.2837948
June,348,31087.66,2471.638333,12,9,,70.82,23.07044209,72.75569131,299.7164218
January,349,132414.16,11050.51333,19,33,26,53.73,34.40662869,86.92695747,1258.124376
February,349,132414.16,11050.51333,19,33,25,53.73,29.015579,686.1816462,678.8696872
March,349,132414.16,11050.51333,19,33,25,53.73,42.44061788,142.7001251,1212.351208
April,349,132414.16,11050.51333,19,33,25,53.73,30.75909167,717.3115363,667.739797
May,349,132414.16,11050.51333,19,33,26,53.73,36.95450419,157.1511547,1197.900179
June,349,132414.16,11050.51333,19,33,25,53.73,30.52275466,10000,1031.60792
January,350,92794.04,7562.836667,7,34,,1269.4,26.45381338,118.7900467,887.49362
February,350,92794.04,7562.836667,7,33,,1269.4,27.99127225,918.9577755,127.3258912
March,350,92794.04,7562.836667,7,10,23,1269.4,30.12612266,566.1081534,470.1755133
April,350,92794.04,7562.836667,7,8,20,1269.4,36.894637,451.7440417,564.539625
May,350,92794.04,7562.836667,7,5,21,1269.4,43.09389444,190.2358538,816.0478129
June,350,92794.04,7562.836667,7,7,23,1269.4,33.80757263,282.3693969,723.9142698
January,351,82998.24,7186.52,22,8,20,4879.41,32.66512309,411.4274637,203.3105222
February,351,82998.24,7186.52,22,8,20,4879.41,39.46608335,689.1861354,
March,351,82998.24,7186.52,22,8,,4879.41,37.32479771,419.8152801,184.9227058
April,351,82998.24,7186.52,22,3,,4879.41,38.1934744,132.1382681,462.5997177
May,351,82998.24,7186.52,22,5,17,4879.41,22.44719524,385.9055833,228.8324026
June,351,82998.24,7186.52,22,10,17,4879.41,22.41168093,767.2581277,
January,352,16582.83,1157.9025,14,6,17,471.81,38.65753196,0,301.1851762
February,352,16582.83,1157.9025,14,6,17,471.81,30.21917815,146.4241192,207.341207
March,352,16582.83,1157.9025,14,1,16,471.81,36.49528923,60.2616497,283.5036765
April,352,16582.83,1157.9025,14,6,17,471.81,23.91434191,44.93601303,308.8293131
May,352,16582.83,1157.9025,14,6,,471.81,26.69300966,75.24376225,258.5215639
June,352,16582.83,1157.9025,14,6,,471.81,27.764248,124.1843543,229.5809719
January,353,31896.42,2417.035,4,9,11,1177.43,35.83716316,154.4717305,324.4319917
February,353,31896.42,2417.035,4,9,13,1177.43,25.82137719,53.82718457,425.0765377
March,353,31896.42,2417.035,4,4,13,1177.43,28.16778495,118.2999472,370.603775
April,353,31896.42,2417.035,4,9,13,1177.43,40.31578072,69.35079339,399.5529289
May,353,31896.42,2417.035,4,9,16,1177.43,28.55273248,130.5947333,358.3089889
June,353,31896.42,2417.035,4,9,13,1177.43,37.88903344,117.4738823,371.4298399
January,354,34927,2920.583333,4,9,,1158.55,27.6456154,115.0418943,427.016439
February,354,34927,2920.583333,4,9,,1158.55,32.15550198,230.7965081,331.2618252
March,354,34927,2920.583333,4,18,5,1158.55,31.38110648,60.50918455,481.5491488
April,354,34927,2920.583333,4,23,4,1158.55,27.47095957,54.43583567,487.6224977
May,354,34927,2920.583333,4,19,8,1158.55,36.44548517,76.97695113,465.0813822
June,354,34927,2920.583333,4,19,5,1158.55,29.9555146,62.52269391,469.5356394
January,355,25020.07,1928.005833,10,14,5,94.75,37.80152426,22.80310536,402.931197
February,355,25020.07,1928.005833,10,19,0,94.75,31.61892882,215.1999681,250.5343342
March,355,25020.07,1928.005833,10,17,,94.75,37.80198147,244.8230211,220.9112812
April,355,25020.07,1928.005833,10,19,,94.75,36.36290831,153.6146615,302.1196408
May,355,25020.07,1928.005833,10,14,19,94.75,32.18448412,46.07277174,399.6615306
June,355,25020.07,1928.005833,10,14,19,94.75,30.49497301,93.95225411,371.7820482
January,356,82778.56,7008.213333,30,14,21,1777.73,36.5633131,201.3549911,564.2710253
February,356,82778.56,7008.213333,30,12,0,1777.73,27.46036101,164.1969527,571.4290636
March,356,82778.56,7008.213333,30,14,21,1777.73,34.26604358,76.80930253,658.8167139
April,356,82778.56,7008.213333,30,16,22,1777.73,30.15473168,148.9248859,586.7011305
May,356,82778.56,7008.213333,30,14,,1777.73,40.69729415,88.64287504,656.9831414
June,356,82778.56,7008.213333,30,14,,1777.73,42.50253965,153.0103832,592.6156332
January,357,94052.22,7008.213333,13,36,20,76.99,31.8869753,665.8545917,355.0385761
February,357,94052.22,7704.685,13,41,22,76.99,33.12986652,109.0260988,861.8670689
March,357,94052.22,7704.685,13,41,22,76.99,33.30375043,221.1489381,759.7442297
April,357,94052.22,7704.685,13,45,20,76.99,41.43018563,272.4853847,738.407783
May,357,94052.22,7704.685,13,43,22,76.99,34.2699491,728.8317453,282.0614224
June,357,94052.22,7704.685,13,41,22,76.99,30.50484605,10000,851.886547
January,358,16355.71,1240.975833,23,37,,1696.82,38.06822668,49.03250389,300.1300294
February,358,16355.71,1240.975833,23,41,,1696.82,34.6275954,38.38113533,320.7813979
March,358,16355.71,1240.975833,23,21,18,1696.82,38.03867991,67.87707164,311.2854616
April,358,16355.71,1240.975833,23,21,17,1696.82,29.21436023,44.87421099,344.2883223
May,358,16355.71,1240.975833,23,21,18,1696.82,35.15911161,94.83763361,284.3248997
June,358,16355.71,1240.975833,23,21,21,1696.82,24.81769827,67.26141194,301.9011213
January,359,15119.56,1209.963333,29,21,18,3154.07,32.65622217,106.619669,226.1654724
February,359,15119.56,1209.963333,29,21,15,3154.07,33.63241558,47.94400601,284.8411354
March,359,15119.56,1209.963333,29,21,,3154.07,35.6711718,19.79193717,292.9932042
April,359,15119.56,1209.963333,29,22,,3154.07,41.27894307,66.1758974,286.609244
May,359,15119.56,1209.963333,29,6,9,3154.07,34.81167376,140.2378952,212.5472462
June,359,15119.56,1209.963333,29,6,9,3154.07,35.00079072,16.11466977,286.6704716
January,360,20639.79,1209.963333,15,6,10,4145.87,33.80774323,192.4273953,156.1439445
February,360,20639.79,1209.963333,15,1,9,4145.87,27.87095643,123.7406877,214.8306521
March,360,20639.79,1541.9825,15,6,11,4145.87,31.95053714,42.74836523,265.8229746
April,360,20639.79,1541.9825,15,6,9,4145.87,33.20119879,143.4552994,205.1160404
May,360,20639.79,1541.9825,15,6,,4145.87,28.24845553,71.01008392,247.5612559
June,360,20639.79,1541.9825,15,4,,4145.87,37.14017334,141.8018491,206.7694907
January,361,18472.71,1392.3925,26,1,2,2031.89,29.29207666,46.94486958,281.4684904
February,361,18472.71,1392.3925,26,-3,2,2031.89,39.42984302,80.56595452,287.8474055
March,361,18472.71,1392.3925,26,1,1,2031.89,31.90778505,50.25222604,318.1611339
April,361,18472.71,1392.3925,26,1,2,2031.89,29.33078605,125.9240717,232.4892883
May,361,18472.71,1392.3925,26,1,2,2031.89,32.94441128,85.59247977,282.8208802
June,361,18472.71,1392.3925,26,1,2,2031.89,27.21278778,37.27114183,311.1422181
January,362,42731.27,3300.939167,1,1,,511.85,32.28408282,0,351.4866369
February,362,42731.27,3300.939167,1,1,,511.85,31.35928301,41.79900934,487.4438933
March,362,42731.27,3300.939167,1,59,27,511.85,27.75306162,0,442.9648922
April,362,42731.27,3300.939167,1,60,25,511.85,30.29250097,305.8498656,243.393037
May,362,42731.27,3300.939167,1,59,25,511.85,26.11934907,137.1226529,392.1202497
June,362,42731.27,3300.939167,1,59,25,511.85,31.14373729,148.1317097,391.1111929
January,363,82700.32,6625.693333,17,65,25,4659.6,38.22880588,308.6420449,251.8129553
February,363,82700.32,6625.693333,17,65,25,4659.6,37.16070768,65.88851788,444.5664823
March,363,82700.32,6625.693333,17,60,,4659.6,25.57005292,331.480753,198.9742472
April,363,82700.32,6625.693333,17,60,,4659.6,25.73056941,98.01062881,412.4443714
May,363,82700.32,6625.693333,17,57,11,4659.6,29.30906723,114.8830865,395.5719137
June,363,82700.32,6625.693333,17,55,11,4659.6,36.04882242,137.1598661,383.2951341
January,364,11968.51,1254.375833,16,55,0,685.74,27.670114,36.67950532,340.683593
February,364,11968.51,1254.375833,16,50,14,685.74,34.78791128,109.0623032,288.300795
March,364,11968.51,1254.375833,16,55,0,685.74,33.66808098,37.44229654,349.9208017
April,364,11968.51,1254.375833,16,55,11,685.74,29.55612924,145.3363288,252.0267695
May,364,11968.51,1254.375833,16,55,,685.74,33.51214674,98.12667964,299.2364186
June,364,11968.51,1254.375833,16,55,,685.74,31.34980858,135.9767631,261.3863352
January,365,33386.25,2851.1875,11,2,7,1343.67,40.42088047,0,412.3643797
February,365,33386.25,2851.1875,11,-3,8,1343.67,28.44974783,195.3773624,272.1952627
March,365,33386.25,2851.1875,11,2,8,1343.67,26.63038774,324.8507346,172.7218904
April,365,33386.25,2851.1875,11,2,9,1343.67,30.77959265,48.68114386,398.8914812
May,365,33386.25,2851.1875,11,3,8,1343.67,36.71501257,58.05282439,409.5198006
June,365,33386.25,2851.1875,11,0,8,1343.67,35.4335059,86.04251272,371.5301123
January,366,67614.24,5558.52,17,2,,1330.8,33.47077659,191.5452951,559.2738383
February,366,67614.24,5558.52,17,1,,1330.8,39.55175942,58.11685365,642.7022797
March,366,67614.24,5558.52,17,16,8,1330.8,28.99010303,129.8008963,581.018237
April,366,67614.24,5558.52,17,16,8,1330.8,32.2223366,294.0496274,456.7695059
May,366,67614.24,5558.52,17,16,8,1330.8,26.0635385,10000,555.5513804
June,366,67614.24,5558.52,17,16,8,1330.8,30.55545363,448.4074771,282.4116562
January,367,174304.04,14458.33667,12,16,7,461.16,45.69697529,411.4090543,1304.424612
February,367,174304.04,14458.33667,12,16,8,461.16,26.3151489,908.9426597,816.891007
March,367,174304.04,14458.33667,12,16,,461.16,32.15152164,0,1303.67945
April,367,174304.04,14458.33667,12,16,,461.16,34.52840401,924.5006617,781.333005
May,367,174304.04,14458.33667,12,8,8,461.16,43.60998835,457.5456431,1268.288024
June,367,174304.04,14458.33667,12,3,8,461.16,43.12342138,150.8701341,1534.963533
January,368,68742.75,5902.5625,20,5,8,651.38,24.97691209,594.119779,196.4790648
February,368,68742.75,5902.5625,20,8,8,651.38,26.3841002,298.4283348,492.170509
March,368,68742.75,5902.5625,20,8,11,651.38,26.74042361,0,693.6748062
April,368,68742.75,5902.5625,20,8,8,651.38,31.80790041,102.3860761,638.2127677
May,368,68742.75,5902.5625,20,8,,651.38,37.43315036,160.351673,600.2471708
June,368,68742.75,5902.5625,20,8,,651.38,36.00077993,272.1071575,498.4916863
January,369,15932.725,1219.727083,11,14,17,1124.16,34.32953017,62.59804405,326.1066101
February,369,15932.725,1219.727083,11,14,17,1124.16,39.9506353,30.40156329,338.3030909
March,369,15932.725,1219.727083,11,14,17,1124.16,38.79232586,114.3254025,264.3792517
April,369,15932.725,1219.727083,11,14,17,1124.16,39.17412496,15.6311459,343.0735083
May,369,15932.725,1219.727083,11,14,18,1124.16,27.65483493,30.96125517,317.743399
June,369,15932.725,1219.727083,11,12,17,1124.16,35.4084138,10000,342.144219
January,370,55583.67,4816.9725,11,14,,2019.51,39.94061525,148.4988981,543.4643534
February,370,55583.67,4816.9725,11,14,,2019.51,27.4269899,130.304986,531.6582654
March,370,55583.67,4816.9725,11,3,5,2019.51,28.01246095,258.0544123,443.9088391
April,370,55583.67,4816.9725,11,8,6,2019.51,34.13824026,0,381.4997543
May,370,55583.67,4816.9725,11,8,0,2019.51,23.76400718,394.5478462,307.4154053
June,370,55583.67,4816.9725,11,3,3,2019.51,36.21344473,0,409.9088772
January,371,72252.36,6059.03,12,8,8,51.39,37.50992953,580.0378686,178.7148294
February,371,72252.36,6059.03,12,8,5,51.39,28.6399751,90.77576851,627.9769295
March,371,72252.36,6059.03,12,3,,51.39,26.34579075,124.4990063,594.2536917
April,371,72252.36,6059.03,12,8,,51.39,27.74624012,46.31600978,672.4366883
May,371,72252.36,6059.03,12,12,-1,51.39,37.35689095,249.6274608,499.1252372
June,371,72252.36,6059.03,12,12,1,51.39,35.18634728,334.5985912,424.1541068
January,372,30399.06,2298.255,18,12,0,516.76,26.31384489,171.6617411,293.6355047
February,372,30399.06,2298.255,18,12,0,516.76,37.71148,10000,173.6542994
March,372,30399.06,2298.255,18,8,0,516.76,36.87001366,153.0156991,282.2815467
April,372,30399.06,2298.255,18,9,2,516.76,25.98811276,143.0942779,292.2029679
May,372,30399.06,2298.255,18,12,,516.76,24.81209137,120.5602597,334.7369861
June,372,30399.06,2298.255,18,12,,516.76,27.05790876,52.75492104,372.5423248
January,373,8365.075,896.0895833,19,25,20,2758.61,36.0250722,19.51340238,278.1410661
February,373,8365.075,896.0895833,19,25,22,2758.61,26.91872166,42.75914404,304.8953245
March,373,8365.075,896.0895833,19,25,20,2758.61,25.9507661,76.98085135,270.6736171
April,373,8365.075,896.0895833,19,25,20,2758.61,32.25671634,55.57627661,292.0781919
May,373,8365.075,896.0895833,19,25,20,2758.61,33.19469964,48.85033329,278.8041352
June,373,8365.075,896.0895833,19,24,21,2758.61,25.91028633,95.00717972,252.6472888
January,374,133410.66,11387.555,4,24,,933.84,33.24614847,0,738.3451769
February,374,133410.66,11387.555,4,27,,933.84,43.54308077,190.1812102,1198.57429
March,374,133410.66,11387.555,4,46,11,933.84,30.86749727,10000,933.6538646
April,374,133410.66,11387.555,4,46,12,933.84,43.41734758,147.8499442,1230.905556
May,374,133410.66,11387.555,4,46,11,933.84,43.52791792,0,1003.401463
June,374,133410.66,11387.555,4,46,9,933.84,38.28849615,298.5142111,1090.241289
January,375,19167.04,1479.253333,15,49,14,1297.12,32.05801381,132.9557607,250.434121
February,375,19167.04,1479.253333,15,46,11,1297.12,31.77120746,111.484906,281.9049757
March,375,19167.04,1479.253333,15,41,,1297.12,30.97203915,0,272.9113971
April,375,19167.04,1479.253333,15,46,,1297.12,26.86735083,133.7620303,259.6278514
May,375,19167.04,1479.253333,15,18,22,1297.12,39.31634346,149.3106987,244.079183
June,375,19167.04,1479.253333,15,18,22,1297.12,33.7285291,45.72732662,317.6625551
,,,,,18,21,,,,
,,,,,18,22,,,,
,,,,,18,22,,,,
,,,,,18,24,,,,
,,,,,18,,,,,
,,,,,18,,,,,
,,,,,17,24,,,,
,,,,,17,23,,,,
,,,,,17,22,,,,
,,,,,17,24,,,,
,,,,,17,26,,,,
,,,,,13,23,,,,
,,,,,12,,,,,
,,,,,21,,,,,
,,,,,17,15,,,,
,,,,,18,0,,,,
,,,,,14,12,,,,
,,,,,18,12,,,,
,,,,,18,12,,,,
,,,,,16,12,,,,
,,,,,19,,,,,
,,,,,18,,,,,
,,,,,4,1,,,,
,,,,,4,1,,,,
,,,,,8,-2,,,,
,,,,,1,4,,,,
,,,,,8,1,,,,
,,,,,4,-2,,,,
,,,,,4,,,,,
,,,,,8,,,,,
,,,,,17,10,,,,
,,,,,17,12,,,,
,,,,,16,8,,,,
,,,,,17,14,,,,
,,,,,17,11,,,,
,,,,,22,11,,,,
,,,,,17,,,,,
,,,,,17,,,,,
,,,,,16,18,,,,
,,,,,18,18,,,,
,,,,,18,18,,,,
,,,,,18,18,,,,
,,,,,18,18,,,,
,,,,,18,18,,,,
,,,,,18,,,,,
,,,,,18,,,,,
,,,,,0,1867,,,,
,,,,,1,-1,,,,
,,,,,0,1,,,,
,,,,,0,4,,,,
,,,,,0,0,,,,
,,,,,-5,1,,,,
,,,,,0,,,,,
,,,,,0,,,,,
,,,,,33,26,,,,
,,,,,33,24,,,,
,,,,,37,24,,,,
,,,,,33,24,,,,
,,,,,35,25,,,,
,,,,,33,27,,,,
,,,,,38,,,,,
,,,,,32,,,,,
,,,,,35,19,,,,
,,,,,35,20,,,,
,,,,,35,23,,,,
,,,,,33,20,,,,
,,,,,35,20,,,,
,,,,,35,21,,,,
,,,,,35,,,,,
,,,,,35,,,,,
,,,,,19,14,,,,
,,,,,19,0,,,,
,,,,,19,12,,,,
,,,,,19,17,,,,
,,,,,19,11,,,,
,,,,,19,14,,,,
,,,,,19,,,,,
,,,,,19,,,,,
,,,,,29,19,,,,
,,,,,34,19,,,,
,,,,,32,22,,,,
,,,,,29,0,,,,
,,,,,32,20,,,,
,,,,,32,18,,,,
,,,,,32,,,,,
,,,,,32,,,,,
,,,,,21,18,,,,
,,,,,21,0,,,,
,,,,,26,0,,,,
,,,,,21,19,,,,
,,,,,21,19,,,,
,,,,,21,19,,,,
,,,,,21,,,,,
,,,,,19,,,,,
,,,,,24,16,,,,
,,,,,24,13,,,,
,,,,,22,13,,,,
,,,,,24,13,,,,
,,,,,24,13,,,,
,,,,,21,11,,,,
,,,,,23,,,,,
,,,,,23,,,,,
,,,,,5,12,,,,
,,,,,3,0,,,,
,,,,,5,13,,,,
,,,,,5,13,,,,
,,,,,4,11,,,,
,,,,,5,11,,,,
,,,,,5,,,,,
,,,,,2,,,,,
,,,,,29,13,,,,
,,,,,29,14,,,,
,,,,,29,14,,,,
,,,,,29,14,,,,
,,,,,28,14,,,,
,,,,,29,14,,,,
,,,,,29,,,,,
,,,,,27,,,,,
,,,,,16,20,,,,
,,,,,19,20,,,,
,,,,,19,20,,,,
,,,,,19,20,,,,
,,,,,19,20,,,,
,,,,,19,18,,,,
,,,,,19,,,,,
,,,,,19,,,,,
,,,,,14,3,,,,
,,,,,14,3,,,,
,,,,,14,4,,,,
,,,,,16,3,,,,
,,,,,14,5,,,,
,,,,,11,0,,,,
,,,,,14,,,,,
,,,,,11,,,,,
,,,,,12,11,,,,
,,,,,16,11,,,,
,,,,,8,11,,,,
,,,,,12,11,,,,
,,,,,12,0,,,,
,,,,,12,11,,,,
,,,,,12,,,,,
,,,,,12,,,,,
,,,,,47,0,,,,
,,,,,47,9,,,,
,,,,,47,8,,,,
,,,,,49,9,,,,
,,,,,47,9,,,,
,,,,,47,0,,,,
,,,,,43,,,,,
,,,,,47,,,,,
,,,,,1,9,,,,
,,,,,5,9,,,,
,,,,,1,9,,,,
,,,,,1,9,,,,
,,,,,1,9,,,,
,,,,,1,9,,,,
,,,,,1,,,,,
,,,,,1,,,,,
,,,,,7,18,,,,
,,,,,7,18,,,,
,,,,,7,20,,,,
,,,,,8,18,,,,
,,,,,7,18,,,,
,,,,,7,18,,,,
,,,,,7,,,,,
,,,,,7,,,,,
,,,,,16,23,,,,
,,,,,16,25,,,,
,,,,,16,23,,,,
,,,,,20,25,,,,
,,,,,19,23,,,,
,,,,,12,23,,,,
,,,,,16,,,,,
,,,,,18,,,,,
,,,,,27,8,,,,
,,,,,30,8,,,,
,,,,,27,6,,,,
,,,,,23,8,,,,
,,,,,27,8,,,,
,,,,,31,8,,,,
,,,,,25,,,,,
,,,,,27,,,,,
,,,,,11,3,,,,
,,,,,6,3,,,,
,,,,,6,3,,,,
,,,,,6,3,,,,
,,,,,6,2,,,,
,,,,,6,3,,,,
,,,,,10,,,,,
,,,,,6,,,,,
,,,,,59,21,,,,
,,,,,57,21,,,,
,,,,,57,21,,,,
,,,,,58,21,,,,
,,,,,56,18,,,,
,,,,,57,21,,,,
,,,,,57,,,,,
,,,,,57,,,,,
,,,,,44,19,,,,
,,,,,44,17,,,,
,,,,,49,19,,,,
,,,,,44,19,,,,
,,,,,44,19,,,,
,,,,,42,19,,,,
,,,,,46,,,,,
,,,,,44,,,,,
,,,,,15,21,,,,
,,,,,15,21,,,,
,,,,,15,21,,,,
,,,,,15,21,,,,
,,,,,19,21,,,,
,,,,,15,21,,,,
,,,,,18,,,,,
,,,,,15,,,,,
,,,,,24,12,,,,
,,,,,19,12,,,,
,,,,,19,11,,,,
,,,,,19,13,,,,
,,,,,19,12,,,,
,,,,,19,12,,,,
,,,,,19,,,,,
,,,,,19,,,,,
,,,,,19,16,,,,
,,,,,19,16,,,,
,,,,,19,0,,,,
,,,,,17,16,,,,
,,,,,19,16,,,,
,,,,,19,19,,,,
,,,,,19,,,,,
,,,,,14,,,,,
,,,,,27,2250,,,,
,,,,,27,19,,,,
,,,,,28,19,,,,
,,,,,22,19,,,,
,,,,,32,19,,,,
,,,,,27,19,,,,
,,,,,25,,,,,
,,,,,32,,,,,
,,,,,51,24,,,,
,,,,,54,24,,,,
,,,,,51,22,,,,
,,,,,51,24,,,,
,,,,,53,24,,,,
,,,,,51,24,,,,
,,,,,51,,,,,
,,,,,51,,,,,
,,,,,18,16,,,,
,,,,,18,16,,,,
,,,,,18,0,,,,
,,,,,18,16,,,,
,,,,,18,18,,,,
,,,,,18,17,,,,
,,,,,18,,,,,
,,,,,17,,,,,
,,,,,27,17,,,,
,,,,,27,17,,,,
,,,,,27,17,,,,
,,,,,27,17,,,,
,,,,,30,17,,,,
,,,,,27,14,,,,
,,,,,27,,,,,
,,,,,27,,,,,
,,,,,18,15,,,,
,,,,,18,16,,,,
,,,,,13,16,,,,
,,,,,23,14,,,,
,,,,,18,14,,,,
,,,,,18,14,,,,
,,,,,18,,,,,
,,,,,18,,,,,
,,,,,35,23,,,,
,,,,,40,19,,,,
,,,,,36,22,,,,
,,,,,35,21,,,,
,,,,,32,21,,,,
,,,,,35,21,,,,
,,,,,34,,,,,
,,,,,35,,,,,
,,,,,13,3,,,,
,,,,,13,0,,,,
,,,,,17,0,,,,
,,,,,13,0,,,,
,,,,,13,0,,,,
,,,,,13,0,,,,
,,,,,13,,,,,
,,,,,13,,,,,
,,,,,1,3,,,,
,,,,,4,0,,,,
,,,,,2,1,,,,
,,,,,2,1,,,,
,,,,,2,4,,,,
,,,,,2,1,,,,
,,,,,2,,,,,
,,,,,2,,,,,
,,,,,13,8,,,,
,,,,,15,0,,,,
,,,,,13,8,,,,
,,,,,12,8,,,,
,,,,,9,10,,,,
,,,,,18,8,,,,
,,,,,17,,,,,
,,,,,13,,,,,
,,,,,24,2,,,,
,,,,,19,4,,,,
,,,,,23,2,,,,
,,,,,26,4,,,,
,,,,,24,5,,,,
,,,,,24,2,,,,
,,,,,24,,,,,
,,,,,24,,,,,
,,,,,25,17,,,,
,,,,,24,18,,,,
,,,,,25,17,,,,
,,,,,25,16,,,,
,,,,,25,14,,,,
,,,,,25,17,,,,
,,,,,25,,,,,
,,,,,25,,,,,
,,,,,30,10,,,,
,,,,,32,10,,,,
,,,,,30,10,,,,
,,,,,30,10,,,,
,,,,,30,10,,,,
,,,,,30,10,,,,
,,,,,30,,,,,
,,,,,30,,,,,
,,,,,2,18,,,,
,,,,,10,0,,,,
,,,,,6,18,,,,
,,,,,6,18,,,,
,,,,,9,19,,,,
,,,,,6,18,,,,
,,,,,6,,,,,
,,,,,2,,,,,
,,,,,41,18,,,,
,,,,,39,16,,,,
,,,,,39,17,,,,
,,,,,39,20,,,,
,,,,,39,15,,,,
,,,,,39,0,,,,
,,,,,39,,,,,
,,,,,39,,,,,
,,,,,21,9,,,,
,,,,,17,9,,,,
,,,,,16,11,,,,
,,,,,21,9,,,,
,,,,,17,9,,,,
,,,,,19,9,,,,
,,,,,17,,,,,
,,,,,17,,,,,
,,,,,15,14,,,,
,,,,,15,14,,,,
,,,,,10,14,,,,
,,,,,15,14,,,,
,,,,,15,14,,,,
,,,,,15,14,,,,
,,,,,16,,,,,
,,,,,16,,,,,
,,,,,43,24,,,,
,,,,,40,24,,,,
,,,,,41,27,,,,
,,,,,43,24,,,,
,,,,,40,24,,,,
,,,,,40,24,,,,
,,,,,40,,,,,
,,,,,40,,,,,
,,,,,9,13,,,,
,,,,,9,12,,,,
,,,,,9,12,,,,
,,,,,9,12,,,,
,,,,,10,14,,,,
,,,,,9,12,,,,
,,,,,9,,,,,
,,,,,9,,,,,
,,,,,47,19,,,,
,,,,,44,19,,,,
,,,,,44,19,,,,
,,,,,48,19,,,,
,,,,,45,16,,,,
,,,,,44,19,,,,
,,,,,42,,,,,
,,,,,49,,,,,
,,,,,14,10,,,,
,,,,,13,12,,,,
,,,,,13,12,,,,
,,,,,13,7,,,,
,,,,,13,8,,,,
,,,,,13,13,,,,
,,,,,13,,,,,
,,,,,13,,,,,
,,,,,15,19,,,,
,,,,,19,20,,,,
,,,,,19,16,,,,
,,,,,19,18,,,,
,,,,,19,18,,,,
,,,,,19,16,,,,
,,,,,23,,,,,
,,,,,23,,,,,
,,,,,6,20,,,,
,,,,,11,20,,,,
,,,,,11,23,,,,
,,,,,11,20,,,,
,,,,,11,20,,,,
,,,,,11,20,,,,
,,,,,11,,,,,
,,,,,11,,,,,
,,,,,19,16,,,,
,,,,,14,14,,,,
,,,,,14,16,,,,
,,,,,15,13,,,,
,,,,,14,17,,,,
,,,,,14,16,,,,
,,,,,14,,,,,
,,,,,14,,,,,
,,,,,15,2,,,,
,,,,,14,0,,,,
,,,,,14,2,,,,
,,,,,14,2,,,,
,,,,,14,-1,,,,
,,,,,14,2,,,,
,,,,,14,,,,,
,,,,,14,,,,,
,,,,,34,23,,,,
,,,,,34,23,,,,
,,,,,38,26,,,,
,,,,,34,26,,,,
,,,,,34,23,,,,
,,,,,34,22,,,,
,,,,,34,,,,,
,,,,,34,,,,,
,,,,,0,1,,,,
,,,,,4,0,,,,
,,,,,4,1,,,,
,,,,,4,1,,,,
,,,,,4,-1,,,,
,,,,,-1,-2,,,,
,,,,,4,,,,,
,,,,,4,,,,,
,,,,,21,0,,,,
,,,,,19,12,,,,
,,,,,23,12,,,,
,,,,,23,13,,,,
,,,,,28,15,,,,
,,,,,23,14,,,,
,,,,,26,,,,,
,,,,,23,,,,,
,,,,,25,14,,,,
,,,,,23,14,,,,
,,,,,23,14,,,,
,,,,,23,17,,,,
,,,,,23,15,,,,
,,,,,23,14,,,,
,,,,,23,,,,,
,,,,,21,,,,,
,,,,,10,12,,,,
,,,,,6,12,,,,
,,,,,6,9,,,,
,,,,,7,12,,,,
,,,,,11,12,,,,
,,,,,6,12,,,,
,,,,,8,,,,,
,,,,,6,,,,,
,,,,,8,10,,,,
,,,,,7,10,,,,
,,,,,8,10,,,,
,,,,,8,10,,,,
,,,,,11,8,,,,
,,,,,13,10,,,,
,,,,,4,,,,,
,,,,,3,,,,,
,,,,,13,5,,,,
,,,,,13,5,,,,
,,,,,13,2,,,,
,,,,,15,5,,,,
,,,,,11,5,,,,
,,,,,13,5,,,,
,,,,,13,,,,,
,,,,,13,,,,,
,,,,,19,18,,,,
,,,,,22,21,,,,
,,,,,22,18,,,,
,,,,,22,15,,,,
,,,,,27,18,,,,
,,,,,22,19,,,,
,,,,,22,,,,,
,,,,,22,,,,,
,,,,,37,18,,,,
,,,,,37,18,,,,
,,,,,37,18,,,,
,,,,,37,18,,,,
,,,,,37,18,,,,
,,,,,37,0,,,,
,,,,,36,,,,,
,,,,,37,,,,,
,,,,,18,14,,,,
,,,,,15,12,,,,
,,,,,18,17,,,,
,,,,,18,0,,,,
,,,,,18,13,,,,
,,,,,18,15,,,,
,,,,,19,,,,,
,,,,,18,,,,,
,,,,,55,18,,,,
,,,,,55,23,,,,
,,,,,50,0,,,,
,,,,,56,0,,,,
,,,,,54,20,,,,
,,,,,55,20,,,,
,,,,,55,,,,,
,,,,,53,,,,,
,,,,,39,17,,,,
,,,,,39,0,,,,
,,,,,39,20,,,,
,,,,,42,17,,,,
,,,,,39,18,,,,
,,,,,42,17,,,,
,,,,,39,,,,,
,,,,,43,,,,,
,,,,,5,13,,,,
,,,,,5,11,,,,
,,,,,5,0,,,,
,,,,,5,11,,,,
,,,,,0,11,,,,
,,,,,5,11,,,,
,,,,,5,,,,,
,,,,,5,,,,,
,,,,,10,5,,,,
,,,,,7,8,,,,
,,,,,11,11,,,,
,,,,,6,8,,,,
,,,,,10,8,,,,
,,,,,6,10,,,,
,,,,,10,,,,,
,,,,,10,,,,,
,,,,,13,16,,,,
,,,,,13,17,,,,
,,,,,13,19,,,,
,,,,,13,17,,,,
,,,,,10,16,,,,
,,,,,13,16,,,,
,,,,,13,,,,,
,,,,,13,,,,,
,,,,,32,16,,,,
,,,,,31,15,,,,
,,,,,29,14,,,,
,,,,,27,16,,,,
,,,,,27,16,,,,
,,,,,22,16,,,,
,,,,,27,,,,,
,,,,,27,,,,,
,,,,,26,22,,,,
,,,,,35,22,,,,
,,,,,30,22,,,,
,,,,,30,22,,,,
,,,,,31,21,,,,
,,,,,34,0,,,,
,,,,,34,,,,,
,,,,,30,,,,,
,,,,,19,16,,,,
,,,,,19,16,,,,
,,,,,19,15,,,,
,,,,,19,16,,,,
,,,,,19,16,,,,
,,,,,19,17,,,,
,,,,,21,,,,,
,,,,,19,,,,,
,,,,,3,0,,,,
,,,,,7,7,,,,
,,,,,7,7,,,,
,,,,,7,8,,,,
,,,,,7,7,,,,
,,,,,10,7,,,,
,,,,,7,,,,,
,,,,,12,,,,,
,,,,,13,19,,,,
,,,,,13,19,,,,
,,,,,13,19,,,,
,,,,,13,21,,,,
,,,,,13,16,,,,
,,,,,13,20,,,,
,,,,,13,,,,,
,,,,,13,,,,,
,,,,,18,12,,,,
,,,,,13,13,,,,
,,,,,18,11,,,,
,,,,,18,11,,,,
,,,,,18,9,,,,
,,,,,19,0,,,,
,,,,,18,,,,,
,,,,,23,,,,,
,,,,,33,12,,,,
,,,,,33,15,,,,
,,,,,29,15,,,,
,,,,,33,16,,,,
,,,,,32,16,,,,
,,,,,33,15,,,,
,,,,,33,,,,,
,,,,,33,,,,,
,,,,,27,15,,,,
,,,,,30,15,,,,
,,,,,25,17,,,,
,,,,,25,0,,,,
,,,,,25,0,,,,
,,,,,25,15,,,,
,,,,,25,,,,,
,,,,,25,,,,,
,,,,,59,16,,,,
,,,,,54,13,,,,
,,,,,54,19,,,,
,,,,,53,16,,,,
,,,,,54,18,,,,
,,,,,54,16,,,,
,,,,,54,,,,,
,,,,,54,,,,,
,,,,,29,18,,,,
,,,,,29,18,,,,
,,,,,29,18,,,,
,,,,,29,18,,,,
,,,,,29,18,,,,
,,,,,29,18,,,,
,,,,,31,,,,,
,,,,,29,,,,,
,,,,,48,16,,,,
,,,,,48,12,,,,
,,,,,48,15,,,,
,,,,,48,15,,,,
,,,,,48,15,,,,
,,,,,49,14,,,,
,,,,,48,,,,,
,,,,,48,,,,,
,,,,,54,24,,,,
,,,,,51,0,,,,
,,,,,48,25,,,,
,,,,,51,23,,,,
,,,,,51,25,,,,
,,,,,48,0,,,,
,,,,,51,,,,,
,,,,,51,,,,,
,,,,,9,-2,,,,
,,,,,9,0,,,,
,,,,,8,-3,,,,
,,,,,9,0,,,,
,,,,,9,1,,,,
,,,,,9,-3,,,,
,,,,,4,,,,,
,,,,,9,,,,,
,,,,,15,15,,,,
,,,,,15,16,,,,
,,,,,19,16,,,,
,,,,,14,16,,,,
,,,,,15,17,,,,
,,,,,19,13,,,,
,,,,,15,,,,,
,,,,,15,,,,,
,,,,,22,18,,,,
,,,,,20,20,,,,
,,,,,23,18,,,,
,,,,,20,18,,,,
,,,,,23,18,,,,
,,,,,20,19,,,,
,,,,,20,,,,,
,,,,,20,,,,,
,,,,,26,10,,,,
,,,,,29,10,,,,
,,,,,26,10,,,,
,,,,,25,8,,,,
,,,,,26,10,,,,
,,,,,23,10,,,,
,,,,,29,,,,,
,,,,,26,,,,,
,,,,,40,22,,,,
,,,,,39,22,,,,
,,,,,39,22,,,,
,,,,,39,22,,,,
,,,,,39,21,,,,
,,,,,35,22,,,,
,,,,,39,,,,,
,,,,,39,,,,,
,,,,,10,7,,,,
,,,,,5,0,,,,
,,,,,5,7,,,,
,,,,,5,7,,,,
,,,,,3,7,,,,
,,,,,5,0,,,,
,,,,,5,,,,,
,,,,,5,,,,,
,,,,,24,18,,,,
,,,,,26,19,,,,
,,,,,24,19,,,,
,,,,,24,16,,,,
,,,,,24,16,,,,
,,,,,24,19,,,,
,,,,,24,,,,,
,,,,,25,,,,,
,,,,,24,0,,,,
,,,,,24,11,,,,
,,,,,27,11,,,,
,,,,,24,13,,,,
,,,,,24,11,,,,
,,,,,26,11,,,,
,,,,,28,,,,,
,,,,,27,,,,,
,,,,,23,16,,,,
,,,,,23,16,,,,
,,,,,24,16,,,,
,,,,,23,15,,,,
,,,,,23,19,,,,
,,,,,24,16,,,,
,,,,,23,,,,,
,,,,,23,,,,,
,,,,,22,17,,,,
,,,,,22,0,,,,
,,,,,22,16,,,,
,,,,,18,15,,,,
,,,,,22,18,,,,
,,,,,22,15,,,,
,,,,,25,,,,,
,,,,,21,,,,,
,,,,,18,11,,,,
,,,,,13,12,,,,
,,,,,12,10,,,,
,,,,,9,12,,,,
,,,,,13,12,,,,
,,,,,14,9,,,,
,,,,,13,,,,,
,,,,,13,,,,,
,,,,,36,18,,,,
,,,,,41,20,,,,
,,,,,36,15,,,,
,,,,,34,16,,,,
,,,,,41,18,,,,
,,,,,36,18,,,,
,,,,,36,,,,,
,,,,,36,,,,,
,,,,,4,5,,,,
,,,,,5,5,,,,
,,,,,5,7,,,,
,,,,,4,5,,,,
,,,,,9,5,,,,
,,,,,5,5,,,,
,,,,,5,,,,,
,,,,,5,,,,,
,,,,,30,19,,,,
,,,,,30,19,,,,
,,,,,30,21,,,,
,,,,,30,16,,,,
,,,,,30,19,,,,
,,,,,31,19,,,,
,,,,,32,,,,,
,,,,,31,,,,,
