Month,ID,Name,Age,AnnualIncome,MonthlyInhandSalary,NumBankAccounts,NumCreditCard,InterestRate,NumofLoan,TypeofLoan,Delayfromduedate,NumofDelayedPayment,ChangedCreditLimit,NumCreditInquiries,CreditMix,OutstandingDebt,CreditUtilizationRatio,CreditHistoryAge,PaymentofMinAmount,TotalEMIpermonth,Amountinvestedmonthly,PaymentBehaviour,MonthlyBalance,CreditScore,,,,,,,,,,,,
January,1,Aaron Maashoh,23,19114.12,1824.843333,3,4,3,4,"Auto Loan, Credit-Builder Loan, Personal Loan, and Home Equity Loan",3,7,11.27,4,,809.98,26.82261962,22 Years and 1 Months,No,49.57494921,80.41529544,HighspentSmallvaluepayments,312.4940887,Good,,,,,,,,,,,,
February,1,Aaron Maashoh,23,19114.12,1824.843333,3,4,3,4,"Auto Loan, Credit-Builder Loan, Personal Loan, and Home Equity Loan",-1,,11.27,4,Good,809.98,31.94496006,NA,No,49.57494921,118.2802216,LowspentLargevaluepayments,284.6291625,Good,,,,,,,,,,,,
March,1,Aaron Maashoh,23,19114.12,1824.843333,3,4,3,4,"Auto Loan, Credit-Builder Loan, Personal Loan, and Home Equity Loan",3,7,,4,Good,809.98,28.60935202,22 Years and 3 Months,No,49.57494921,81.69952126,LowspentMediumvaluepayments,331.2098629,Good,,,,,,,,,,,,
April,1,Aaron Maashoh,23,19114.12,1824.843333,3,4,3,4,"Auto Loan, Credit-Builder Loan, Personal Loan, and Home Equity Loan",5,4,6.27,4,Good,809.98,31.37786187,22 Years and 4 Months,No,49.57494921,199.4580744,LowspentSmallvaluepayments,223.4513097,Good,,,,,,,,,,,,
May,1,Aaron Maashoh,23,19114.12,1824.843333,3,4,3,4,"Auto Loan, Credit-Builder Loan, Personal Loan, and Home Equity Loan",6,,11.27,4,Good,809.98,24.79734691,22 Years and 5 Months,No,49.57494921,41.42015309,HighspentMediumvaluepayments,341.489231,Good,,,,,,,,,,,,
June,1,Aaron Maashoh,23,19114.12,1824.843333,3,4,3,4,"Auto Loan, Credit-Builder Loan, Personal Loan, and Home Equity Loan",8,4,9.27,4,Good,809.98,27.26225871,22 Years and 6 Months,No,49.57494921,62.43017233,!@9#%8,340.4792118,Good,,,,,,,,,,,,
July,1,Aaron Maashoh,23,19114.12,1824.843333,3,4,3,4,"Auto Loan, Credit-Builder Loan, Personal Loan, and Home Equity Loan",3,8_,11.27,4,Good,809.98,22.53759303,22 Years and 7 Months,No,49.57494921,178.3440674,Low_spent_Small_value_payments,244.5653167,Good,,,,,,,,,,,,
August,1,Aaron Maashoh,23,19114.12,1824.843333,3,4,3,4,"Auto Loan, Credit-Builder Loan, Personal Loan, and Home Equity Loan",3,6,11.27,4,Good,809.98,23.9337948,NA,No,49.57494921,24.78521651,High_spent_Medium_value_payments,358.1241676,Standard,,,,,,,,,,,,
January,2,Rick Rothackerj,28,34847.84,3037.986667,2,4,6,1,Credit-Builder Loan,3,4,5.42,2,Good,605.03,24.46403064,26 Years and 7 Months,No,18.81621457,104.2918252,LowspentSmallvaluepayments,470.6906269,Standard,,,,,,,,,,,,
February,2,Rick Rothackerj,28,34847.84,3037.986667,2,4,6,1,Credit-Builder Loan,7,1,7.42,2,Good,605.03,38.55084843,26 Years and 8 Months,No,18.81621457,40.39123783,HighspentLargevaluepayments,484.5912143,Good,,,,,,,,,,,,
March,2,Rick Rothackerj,28,34847.84,3037.986667,2,4,6,1,Credit-Builder Loan,3,-1,5.42,2,,605.03,33.22495079,26 Years and 9 Months,No,18.81621457,58.5159757,HighspentLargevaluepayments,466.4664764,Standard,,,,,,,,,,,,
April,2,Rick Rothackerj,28,34847.84,3037.986667,2,4,6,1,Credit-Builder Loan,3,3,5.42,2,Good,605.03,39.18265566,26 Years and 10 Months,No,18.81621457,99.30622796,LowspentMediumvaluepayments,465.6762241,Good,,,,,,,,,,,,
May,2,Rick Rothackerj,28,34847.84,3037.986667,2,4,6,1,Credit-Builder Loan,3,1,6.42,2,Good,605.03,34.97789475,26 Years and 11 Months,No,18.81621457,130.1154202,LowspentSmallvaluepayments,444.8670319,Good,,,,,,,,,,,,
June,2,Rick Rothackerj,28,34847.84,3037.986667,2,4,6,1,Credit-Builder Loan,3,0,5.42,2,Good,605.03,33.3810102,27 Years and 0 Months,No,18.81621457,43.47719014,HighspentLargevaluepayments,481.5052619,Good,,,,,,,,,,,,
July,2,Rick Rothackerj,28,34847.84,,2,4,6,1,Credit-Builder Loan,3,4,5.42,2,Good,605.03,31.13170161,27 Years and 1 Months,NM,18.81621457,70.10177421,High_spent_Medium_value_payments,464.8806779,Good,,,,,,,,,,,,
August,2,Rick Rothackerj,28,34847.84,3037.986667,2,4,6,1,Credit-Builder Loan,3,4,5.42,2,Good,605.03,32.93385629,27 Years and 2 Months,No,18.81621457,218.9043435,Low_spent_Small_value_payments,356.0781086,Good,,,,,,,,,,,,
January,3,Langep,34,143162.64,12187.22,1,5,8,3,"Auto Loan, Auto Loan, and Not Specified",5,8,7.1,3,Good,1303.01,28.61673482,17 Years and 9 Months,No,246.9923195,168.4137027,!@9#%8,1043.315978,Good,,,,,,,,,,,,
February,3,Langep,34,143162.64,12187.22,1,5,8,3,"Auto Loan, Auto Loan, and Not Specified",13,6,7.1,3,Good,1303.01,41.70257342,17 Years and 10 Months,No,246.9923195,232.8603838,HighspentSmallvaluepayments,998.8692968,Good,,,,,,,,,,,,
March,3,Langep,34,143162.64,12187.22,1,5,8,3,"Auto Loan, Auto Loan, and Not Specified",8,7,11.1,,Good,1303.01,26.51981539,17 Years and 11 Months,No,246.9923195,10000,HighspentSmallvaluepayments,715.7413674,Good,,,,,,,,,,,,
April,3,Langep,34,143162.64,12187.22,1,5,8,3,"Auto Loan, Auto Loan, and Not Specified",8,5,9.1,3,,1303.01,39.50164811,NA,No,246.9923195,825.2162699,LowspentMediumvaluepayments,426.5134106,Good,,,,,,,,,,,,
May,3,Langep,34,143162.64,12187.22,1,5,8,3,"Auto Loan, Auto Loan, and Not Specified",10,5,7.1,3,Good,1303.01,31.37614957,18 Years and 1 Months,No,246.9923195,430.9475279,LowspentLargevaluepayments,810.7821527,Good,,,,,,,,,,,,
June,3,Langep,34,143162.64,12187.22,1,5,8,967,"Auto Loan, Auto Loan, and Not Specified",8,6,7.1,3,Good,1303.01,39.78399346,18 Years and 2 Months,No,246.9923195,257.8080994,HighspentMediumvaluepayments,963.9215811,Good,,,,,,,,,,,,
July,3,Langep,34,143162.64,12187.22,1,5,8,3,"Auto Loan, Auto Loan, and Not Specified",8,6,7.1,3,Good,1303.01,38.06862363,18 Years and 3 Months,No,246.9923195,263.1741632,High_spent_Small_value_payments,968.5555174,Standard,,,,,,,,,,,,
August,3,Langep,34,143162.64,12187.22,1,5,8,3,"Auto Loan, Auto Loan, and Not Specified",8,6,7.1,3,Good,1303.01,38.37475295,18 Years and 4 Months,No,246.9923195,10000,High_spent_Small_value_payments,895.4945832,Standard,,,,,,,,,,,,
January,4,Jasond,54,30689.89,2612.490833,2,5,4,1,Not Specified,0,6,1.99,4,Good,632.46,26.54422872,17 Years and 3 Months,No,16.41545166,81.22885871,LowspentLargevaluepayments,433.604773,Standard,,,,,,,,,,,,
February,4,Jasond,54,30689.89,2612.490833,2,5,4,1,Not Specified,5,3,1.99,4,Good,632.46,35.27998178,17 Years and 4 Months,No,16.41545166,124.8818199,LowspentSmallvaluepayments,409.9518118,Standard,,,,,,,,,,,,
March,4,Jasond,55,30689.89,2612.490833,2,5,4,1,Not Specified,3,9,1.99,4,Good,632.46,32.30116343,17 Years and 5 Months,NM,16.41545166,83.4065088,HighspentMediumvaluepayments,411.4271229,Standard,,,,,,,,,,,,
April,4,Jasond,55,30689.89,2612.490833,2,5,4,1,Not Specified,7,6,-2.01,4,Good,632.46,38.13234819,17 Years and 6 Months,No,16.41545166,272.3340374,LowspentSmallvaluepayments,262.4995943,Standard,,,,,,,,,,,,
May,4,Jasond,55,30689.89,2612.490833,2,5,4,1,Not Specified,5,6,-1.01,4,Good,632.46,41.15431655,17 Years and 7 Months,No,16.41545166,10000,LowspentLargevaluepayments,359.3749155,Standard,,,,,,,,,,,,
June,4,Jasond,55,30689.89,2612.490833,2,5,4,1,Not Specified,5,6,-3.01,4,,632.46,27.44542179,17 Years and 8 Months,No,16.41545166,84.95284817,HighspentSmallvaluepayments,419.8807835,Standard,,,,,,,,,,,,
July,4,Jasond,55,30689.89,2612.490833,2,5,4,1,Not Specified,5,,1.99,4,Good,632.46,26.05639528,17 Years and 9 Months,No,16.41545166,71.28367488,Low_spent_Large_value_payments,443.5499568,Standard,,,,,,,,,,,,
August,4,Jasond,55,30689.89,2612.490833,2,5,4,-100,Not Specified,4,9,1.99,4,Good,632.46,27.33251493,17 Years and 10 Months,No,16.41545166,125.6172505,High_spent_Small_value_payments,379.2163811,Standard,,,,,,,,,,,,
January,5,Deepaa,21,35547.71,2853.309167,7,5,5,0,,5,,2.58,4,Standard,943.86,39.79776423,30 Years and 8 Months,Yes,0,276.7253943,!@9#%8,288.6055223,Standard,,,,,,,,,,,,
February,5,Deepaa,21,35547.71,2853.309167,7,5,5,0,,9,,2.58,4,Standard,943.86,27.02036025,30 Years and 9 Months,NM,0,74.44364105,HighspentMediumvaluepayments,460.8872756,Standard,,,,,,,,,,,,
March,5,Deepaa,21,35547.71,2853.309167,7,5,5,-100,,5,12,2.58,4,Standard,943.86,23.46230304,30 Years and 10 Months,Yes,0,173.138651,LowspentMediumvaluepayments,392.1922657,Standard,,,,,,,,,,,,
April,5,Deepaa,21,35547.71,2853.309167,7,5,5,0,,1,15,2.58,4,,943.86,28.92495378,30 Years and 11 Months,Yes,0,96.78548509,HighspentMediumvaluepayments,438.5454316,Standard,,,,,,,,,,,,
May,5,Deepaa,21,35547.71,2853.309167,7,5,5,0,,9,17,2.58,4,,943.86,41.77618715,31 Years and 0 Months,Yes,0,62.72327834,HighspentSmallvaluepayments,482.6076383,Standard,,,,,,,,,,,,
June,5,Deepaa,21,35547.71,2853.309167,7,5,5,0,,5,15,2.58,4,Standard,943.86,29.21755633,31 Years and 1 Months,Yes,0,37.64363789,HighspentMediumvaluepayments,497.6872788,Standard,,,,,,,,,,,,
July,5,Deepaa,21,35547.71,2853.309167,7,5,5,0,,10,15,2.58,4,Standard,943.86,26.26382269,31 Years and 2 Months,Yes,0,181.0119827,Low_spent_Small_value_payments,394.3189339,Standard,,,,,,,,,,,,
August,5,Deepaa,21,35547.71,2853.309167,7,5,5,-100,,1,15,2.58,4,Standard,943.86,25.86292247,31 Years and 3 Months,Yes,0,181.330901,High_spent_Small_value_payments,364.0000157,Standard,,,,,,,,,,,,
January,6,Np,31,73928.46,2853.309167,4,1288,8,0,,12,10,10.14,2,Good,548.2,39.96268501,NA,No,15015,98.67440994,HighspentLargevaluepayments,740.1960901,Good,,,,,,,,,,,,
February,6,Np,31,73928.46,5988.705,4,5,8,0,,8,7,10.14,2,Good,548.2,42.7698644,32 Years and 0 Months,NM,0,172.9392145,LowspentMediumvaluepayments,705.9312855,Good,,,,,,,,,,,,
March,6,Np,31,73928.46,5988.705,4,5,8,0,,8,7,10.14,2,Good,548.2,40.71218653,NA,No,0,150.0597343,HighspentMediumvaluepayments,698.8107657,Good,,,,,,,,,,,,
April,6,Np,31,73928.46,5988.705,4,5,8,0,,8,7,10.14,2,Good,548.2,30.20165771,32 Years and 2 Months,No,0,618.2023913,LowspentSmallvaluepayments,270.6681087,Good,,,,,,,,,,,,
May,6,Np,31,73928.46,5988.705,4,5,5318,0,,11,7,10.14,2,,548.2,26.33331043,32 Years and 3 Months,No,0,177.9518357,LowspentLargevaluepayments,690.9186643,Good,,,,,,,,,,,,
June,6,Np,31,73928.46,5988.705,4,5,8,0,,7,7,10.14,2,Good,548.2,35.27543652,NA,No,15515,235.790325,LowspentLargevaluepayments,633.080175,Good,,,,,,,,,,,,
July,6,Np,31,73928.46,5988.705,4,5,8,0,,8,4,9.14,2,_,548.2,36.62479126,32 Years and 5 Months,No,0,348.5093995,High_spent_Small_value_payments,510.3611005,Standard,,,,,,,,,,,,
August,6,Np,31,73928.46,5988.705,4,5,8,0,,8,7,10.14,,Good,548.2,31.58098967,32 Years and 6 Months,No,0,42.63559025,!@9#%8,796.2349097,Good,,,,,,,,,,,,
January,7,Nadiaq,33,131313.4,11242.78333,0,1,8,2,"Credit-Builder Loan, and Mortgage Loan",0,3,9.34,2,Good,352.16,32.200509,30 Years and 7 Months,NM,137.6446054,378.1712535,HighspentMediumvaluepayments,858.4624744,Good,,,,,,,,,,,,
February,7,Nadiaq,34,131313.4,11242.78333,0,1,8,2,"Credit-Builder Loan, and Mortgage Loan",-1,2,15.34,4,Good,352.16,31.98371001,30 Years and 8 Months,No,137.6446054,698.8732707,HighspentSmallvaluepayments,547.7604572,Good,,,,,,,,,,,,
March,7,Nadiaq,34,131313.4,10469.20776,0,1,8,2,"Credit-Builder Loan, and Mortgage Loan",0,3,9.34,4,Good,352.16,31.8031345,30 Years and 9 Months,NM,911.2201793,188.0643211,HighspentLargevaluepayments,1038.569407,Good,,,,,,,,,,,,
April,7,Nadiaq,34,131313.4,10469.20776,0,1,8,2,"Credit-Builder Loan, and Mortgage Loan",0,2,8.34,4,Good,352.16,42.6457849,30 Years and 10 Months,No,23834,337.4349563,HighspentMediumvaluepayments,899.1987716,Good,,,,,,,,,,,,
May,7,Nadiaq,34,131313.4,10469.20776,0,1,8,2,"Credit-Builder Loan, and Mortgage Loan",0,4,9.34,4,Good,352.16,40.90251715,30 Years and 11 Months,No,32662,263.3789089,HighspentLargevaluepayments,963.254819,Good,,,,,,,,,,,,
June,7,Nadiaq,34,131313.4,10469.20776,0,1,8,-100,"Credit-Builder Loan, and Mortgage Loan",0,3,11.34,4,Good,352.16,41.98016961,31 Years and 0 Months,No,911.2201793,86.56638801,HighspentLargevaluepayments,1140.06734,Standard,,,,,,,,,,,,
July,7,Nadiaq,34_,10909427,,0,1,8,2,"Credit-Builder Loan, and Mortgage Loan",0,2_,9.34,4,Good,352.16,26.94756515,31 Years and 1 Months,No,911.2201793,930.3918978,!@9#%8,326.2418302,Good,,,,,,,,,,,,
August,7,Nadiaq,34,131313.4,10469.20776,0,1,8,2,"Credit-Builder Loan, and Mortgage Loan",0,2,9.34,4,Good,352.16,29.18791265,31 Years and 2 Months,No,911.2201793,870.5223817,Low_spent_Medium_value_payments,396.1113462,Good,,,,,,,,,,,,
January,8,Annk,34,34081.38,10469.20776,8,7,15,3,"Not Specified, Auto Loan, and Student Loan",30,11,17.13,5,Standard,1704.18,24.44806275,NA,NM,70.47833267,162.4410092,LowspentLargevaluepayments,298.1921581,Poor,,,,,,,,,,,,
February,8,Annk,30,34081.38,2611.115,8,7,15,3,"Not Specified, Auto Loan, and Student Loan",30,14,17.13,5,,1704.18,35.17116002,14 Years and 8 Months,Yes,70.47833267,38.43698276,HighspentLargevaluepayments,392.1961846,Poor,,,,,,,,,,,,
March,8,Annk,30,34081.38,2611.115,8,7,15,3,"Not Specified, Auto Loan, and Student Loan",31,14,17.13,5,Standard,1704.18,35.11155247,14 Years and 9 Months,Yes,70.47833267,199.7207655,LowspentLargevaluepayments,260.9124018,Poor,,,,,,,,,,,,
April,8,Annk,30,34081.38,2611.115,8,7,15,3,"Not Specified, Auto Loan, and Student Loan",34,14,21.13,5,,1704.18,29.76215931,14 Years and 10 Months,Yes,70.47833267,220.5521919,LowspentSmallvaluepayments,260.0809754,Poor,,,,,,,,,,,,
May,8,Annk,30,34081.38,2611.115,8,7,15,3,"Not Specified, Auto Loan, and Student Loan",27,14,17.13,5,,1704.18,30.20621422,14 Years and 11 Months,Yes,70.47833267,,HighspentLargevaluepayments,397.2283547,Standard,,,,,,,,,,,,
June,8,Annk,30,34081.38,2611.115,8,7,15,-100,"Not Specified, Auto Loan, and Student Loan",30,14,18.13,5,Standard,1704.18,31.17087232,15 Years and 0 Months,Yes,70.47833267,,!@9#%8,410.6743661,Standard,,,,,,,,,,,,
July,8,Annk,30,34081.38,,8,7,15,3,"Not Specified, Auto Loan, and Student Loan",30,11,17.13,5,Standard,1704.18,38.43850508,15 Years and 1 Months,NM,70.47833267,55.45978064,High_spent_Small_value_payments,395.1733867,Standard,,,,,,,,,,,,
August,8,Annk,30,34081.38,2611.115,8,7,15,3,"Not Specified, Auto Loan, and Student Loan",30,14,17.13,9,_,1704.18,33.82348834,15 Years and 2 Months,Yes,70.47833267,29.32636371,High_spent_Medium_value_payments,411.3068036,Poor,,,,,,,,,,,,
January,9,,23,114838.41,9843.8675,2,5,7,-100,"Personal Loan, Debt Consolidation Loan, and Auto Loan",13,11,8.24,3,Good,1377.74,33.66455429,21 Years and 4 Months,No,226.8927919,215.1935159,HighspentSmallvaluepayments,802.3004421,Good,,,,,,,,,,,,
February,9,Charlie Zhur,23,114838.41,9843.8675,2,5,7,3,"Personal Loan, Debt Consolidation Loan, and Auto Loan",14,8,,3,Good,1377.74,27.62632549,21 Years and 5 Months,NM,226.8927919,212.2356022,HighspentLargevaluepayments,785.2583559,Good,,,,,,,,,,,,
March,9,Charlie Zhur,23,114838.41,9843.8675,2,5,7,3,"Personal Loan, Debt Consolidation Loan, and Auto Loan",11,11,,3,Good,1377.74,35.1415673,21 Years and 6 Months,NM,226.8927919,470.3857957,HighspentSmallvaluepayments,547.1081624,Good,,,,,,,,,,,,
April,9,Charlie Zhur,23,114838.41,9843.8675,2,5,7,3,"Personal Loan, Debt Consolidation Loan, and Auto Loan",11,14,8.24,8,Good,1377.74,30.45903184,21 Years and 7 Months,No,226.8927919,225.0820495,!@9#%8,772.4119086,Good,,,,,,,,,,,,
May,9,Charlie Zhur,23,114838.41,9843.8675,2,5,7,3,"Personal Loan, Debt Consolidation Loan, and Auto Loan",11,11,11.24,8,Good,1377.74,29.81918663,21 Years and 8 Months,No,226.8927919,649.8093642,HighspentSmallvaluepayments,367.6845939,Standard,,,,,,,,,,,,
June,9,Charlie Zhur,24,114838.41,9843.8675,2,5,7,3,"Personal Loan, Debt Consolidation Loan, and Auto Loan",13,14,8.24,8,,1377.74,26.11421387,21 Years and 9 Months,NM,226.8927919,546.3805705,!@9#%8,491.1133876,Good,,,,,,,,,,,,
July,9,Charlie Zhur,24,114838.41,9843.8675,2,5,7,3,"Personal Loan, Debt Consolidation Loan, and Auto Loan",11,,8.24,8,Good,1377.74,31.76751565,21 Years and 10 Months,No,226.8927919,215.4682977,High_spent_Medium_value_payments,792.0256603,Good,,,,,,,,,,,,
August,9,Charlie Zhur,24_,114838.41,9843.8675,2,5,7,3,"Personal Loan, Debt Consolidation Loan, and Auto Loan",11,11,8.24,8,Good,1377.74,27.81335364,21 Years and 11 Months,No,226.8927919,254.5717672,High_spent_Large_value_payments,742.9221908,Standard,,,,,,,,,,,,
January,10,Jamesj,44,31370.8,2825.233333,0,5,12,2,"Not Specified, and Payday Loan",4,0,5.76,2,Good,421.43,29.51935256,NA,NM,46.61612907,154.3527811,HighspentSmallvaluepayments,341.5544232,Good,,,,,,,,,,,,
February,10,Jamesj,44,31370.8,2825.233333,1,6,12,2,"Not Specified, and Payday Loan",2,0,-1.24,2,Good,421.43,28.22048096,26 Years and 6 Months,No,46.61612907,298.7444693,LowspentSmallvaluepayments,227.1627349,Good,,,,,,,,,,,,
March,10,Jamesj,44,31370.8,2825.233333,1,6,12,2,"Not Specified, and Payday Loan",-2,0,1.76,5,Good,421.43,31.04641791,26 Years and 7 Months,No,46.61612907,140.820696,LowspentMediumvaluepayments,375.0865083,Good,,,,,,,,,,,,
April,10,Jamesj,44,31370.8,2825.233333,1,6,12,2,"Not Specified, and Payday Loan",1,0,5.76,5,,421.43,30.1680304,26 Years and 8 Months,No,46.61612907,233.6055264,LowspentSmallvaluepayments,292.3016778,Good,,,,,,,,,,,,
May,10,Jamesj,44,31370.8,2825.233333,1,6,12,2,"Not Specified, and Payday Loan",1,0,5.76,5,,421.43,25.18923173,26 Years and 9 Months,No,16415,184.7005716,LowspentSmallvaluepayments,341.2066326,Good,,,,,,,,,,,,
June,10,Jamesj,44,31370.8,2825.233333,1,6,12,2,"Not Specified, and Payday Loan",1,0,5.76,5,Good,421.43,25.50246855,NA,No,46.61612907,137.7174249,LowspentMediumvaluepayments,378.1897794,Good,,,,,,,,,,,,
July,10,Jamesj,45,31370.8,2825.233333,1,6,12,-100,"Not Specified, and Payday Loan",-1,2,5.76,5,Good,421.43,22.76220217,26 Years and 11 Months,No,46.61612907,188.3949005,Low_spent_Small_value_payments,337.5123038,Good,,,,,,,,,,,,
August,10,Jamesj,45,31370.8,,1,6,12,2,"Not Specified, and Payday Loan",-2,2,5.76,5,_,421.43,37.56505277,27 Years and 0 Months,No,46.61612907,252.6448272,Low_spent_Small_value_payments,273.2623771,Good,,,,,,,,,,,,
January,11,,40,33751.27,2948.605833,5,5,20,3,"Credit-Builder Loan, Personal Loan, and Auto Loan",16,20,11,4,Standard,1328.93,37.08907565,19 Years and 2 Months,NM,65.00817429,117.3066971,HighspentMediumvaluepayments,362.5457119,Standard,,,,,,,,,,,,
February,11,Saphirj,40,33751.27,2948.605833,5,5,20,3,"Credit-Builder Loan, Personal Loan, and Auto Loan",16,20,11,4,Standard,1328.93,30.90808063,19 Years and 3 Months,Yes,65.00817429,70.13107792,HighspentLargevaluepayments,399.7213311,Standard,,,,,,,,,,,,
March,11,Saphirj,40,33751.27,2948.605833,5,5,20,3,"Credit-Builder Loan, Personal Loan, and Auto Loan",16,20,11,8,Standard,1328.93,38.03072168,19 Years and 4 Months,Yes,65.00817429,270.1825822,LowspentLargevaluepayments,229.6698268,Standard,,,,,,,,,,,,
April,11,Saphirj,40,33751.27,2948.605833,5,5,20,3,"Credit-Builder Loan, Personal Loan, and Auto Loan",17,22,11,8,Standard,1328.93,23.40441278,19 Years and 5 Months,Yes,65.00817429,25.19256191,HighspentLargevaluepayments,444.6598471,Standard,,,,,,,,,,,,
May,11,Saphirj,40,33751.27,2948.605833,5,5,20,3,"Credit-Builder Loan, Personal Loan, and Auto Loan",16,20,8,8,Standard,1328.93,29.07375818,19 Years and 6 Months,Yes,65.00817429,243.3296848,LowspentSmallvaluepayments,276.5227243,Standard,,,,,,,,,,,,
June,11,Saphirj,40,33751.27,2948.605833,5,5,20,3,"Credit-Builder Loan, Personal Loan, and Auto Loan",16,20,11,8,Standard,1328.93,32.78263673,19 Years and 7 Months,Yes,65.00817429,72.86008181,HighspentMediumvaluepayments,406.9923272,Standard,,,,,,,,,,,,
July,11,Saphirj,40,33751.27,2948.605833,5,5,20,3,"Credit-Builder Loan, Personal Loan, and Auto Loan",16,20,11,8,Standard,1328.93,35.58400505,19 Years and 8 Months,Yes,65.00817429,35.42716954,!@9#%8,444.4252395,Standard,,,,,,,,,,,,
August,11,Saphirj,41,33751.27,2948.605833,5,5,20,3,"Credit-Builder Loan, Personal Loan, and Auto Loan",16,17,11,8,Standard,1328.93_,31.13948358,NA,Yes,65.00817429,25.96961191,High_spent_Large_value_payments,443.8827971,Standard,,,,,,,,,,,,
January,12,Soyoungd,32,88640.24,7266.686667,3,6,1,2,"Payday Loan, and Payday Loan",-1,0,3.51,3,Good,950.36,28.21061721,25 Years and 5 Months,No,135.173371,98.93176402,HighspentLargevaluepayments,732.5635317,Standard,,,,,,,,,,,,
February,12,Soyoungd,33,88640.24,7266.686667,3,6,433,2,"Payday Loan, and Payday Loan",4,2,3.51,3,Good,950.36,41.03616828,25 Years and 6 Months,NM,135.173371,157.1747883,HighspentLargevaluepayments,674.3205074,Good,,,,,,,,,,,,
March,12,Soyoungd,33,88640.24,7266.686667,3,6,1,2,"Payday Loan, and Payday Loan",4,0,3.51,3,Good,950.36,34.67019438,25 Years and 7 Months,No,135.173371,298.1889115,HighspentMediumvaluepayments,543.3063842,Standard,,,,,,,,,,,,
April,12,Soyoungd,33,88640.24,7266.686667,3,6,1,2,"Payday Loan, and Payday Loan",4,2,3.51,3,Good,950.36,31.82853557,25 Years and 8 Months,No,135.173371,,LowspentSmallvaluepayments,86.63611983,Standard,,,,,,,,,,,,
May,12,Soyoungd,33,88640.24,7266.686667,3,6,1,2,"Payday Loan, and Payday Loan",4,2,3.51,3,Good,950.36,34.70283693,25 Years and 9 Months,No,135.173371,279.6186221,HighspentMediumvaluepayments,561.8766736,Good,,,,,,,,,,,,
June,12,Soyoungd,33,88640.24,7266.686667,3,6,1,2,"Payday Loan, and Payday Loan",4,0,3.51,3,Good,950.36,38.32363895,25 Years and 10 Months,No,135.173371,686.1262166,LowspentSmallvaluepayments,195.3690791,Good,,,,,,,,,,,,
July,12,Soyoungd,33,88640.24_,,3,6,1,2_,"Payday Loan, and Payday Loan",4,2,3.51,3,_,950.36,25.9791728,25 Years and 11 Months,No,80357,164.0748219,High_spent_Large_value_payments,667.4204738,Good,,,,,,,,,,,,
August,12,Soyoungd,33,88640.24,7266.686667,3,6,1,2,"Payday Loan, and Payday Loan",-1,,3.51,3,Good,950.36,30.87079911,26 Years and 0 Months,No,135.173371,98.44195128,High_spent_Large_value_payments,733.0533444,Good,,,,,,,,,,,,
January,13,Harriet McLeodd,35,54392.16,4766.68,6,4,14,3,"Not Specified, Student Loan, and Personal Loan",10,8,5.54,3,Standard,179.22,25.64924607,26 Years and 10 Months,Yes,124.3920824,243.7354374,LowspentLargevaluepayments,378.5404802,Standard,,,,,,,,,,,,
February,13,Harriet McLeodd,35,54392.16,4766.68,6,4,14,3,"Not Specified, Student Loan, and Personal Loan",10,10,4.54,3,Standard,179.22,29.40877528,26 Years and 11 Months,Yes,124.3920824,142.7518641,HighspentMediumvaluepayments,459.5240535,Standard,,,,,,,,,,,,
March,13,Harriet McLeodd,35,54392.16,4766.68,6,4,14,3,"Not Specified, Student Loan, and Personal Loan",15,11,5.54,3,,179.22,31.25892847,27 Years and 0 Months,NM,124.3920824,33.34956859,HighspentLargevaluepayments,558.926349,Standard,,,,,,,,,,,,
April,13,Harriet McLeodd,35,54392.16,4766.68,6,4,14,3,"Not Specified, Student Loan, and Personal Loan",10,7,0.54,3,Standard,179.22,27.19258741,27 Years and 1 Months,Yes,124.3920824,494.8422277,LowspentSmallvaluepayments,147.4336899,Standard,,,,,,,,,,,,
May,13,Harriet McLeodd,35,54392.16,4766.68,6,4,14,3,"Not Specified, Student Loan, and Personal Loan",10,8,11.54,3,Standard,179.22,34.59532446,27 Years and 2 Months,Yes,124.3920824,233.1184454,LowspentSmallvaluepayments,409.1574722,Standard,,,,,,,,,,,,
June,13,Harriet McLeodd,35,54392.16,4766.68,6,4,14,3,"Not Specified, Student Loan, and Personal Loan",10,8,5.54,3,,179.22,23.1950254,27 Years and 3 Months,Yes,124.3920824,635.1465605,LowspentSmallvaluepayments,7.129357074,Standard,,,,,,,,,,,,
July,13,Harriet McLeodd,36,54392.16,4766.68,6,4,14,3,"Not Specified, Student Loan, and Personal Loan",10,8,5.54,7,Standard,179.22,35.11253199,27 Years and 4 Months,Yes,124.3920824,158.1124035,Low_spent_Large_value_payments,464.1635141,Standard,,,,,,,,,,,,
August,13,Harriet McLeodd,36,54392.16,4766.68,6,4,14,3,"Not Specified, Student Loan, and Personal Loan",10,8,5.54,7,Standard,179.22,32.87880507,27 Years and 5 Months,Yes,124.3920824,495.1178979,Low_spent_Small_value_payments,147.1580197,Standard,,,,,,,,,,,,
January,14,Sinead Carews,39,8701.545,4766.68,6,5,32,7,"Personal Loan, Payday Loan, Student Loan, Auto Loan, Home Equity Loan, Student Loan, and Payday Loan",23,9,8.86,6,,2602.69,24.52316385,8 Years and 11 Months,Yes,36.54819717,13.06620992,LowspentLargevaluepayments,272.2984679,Poor,,,,,,,,,,,,
February,14,Sinead Carews,39,8701.545,519.12875,6,5,32,7,"Personal Loan, Payday Loan, Student Loan, Auto Loan, Home Equity Loan, Student Loan, and Payday Loan",23,9,8.86,6,Standard,2602.69,39.9025176,9 Years and 0 Months,Yes,36.54819717,34.71516394,LowspentLargevaluepayments,250.6495139,Poor,,,,,,,,,,,,
March,14,Sinead Carews,39,8701.545,519.12875,6,5,32,7,"Personal Loan, Payday Loan, Student Loan, Auto Loan, Home Equity Loan, Student Loan, and Payday Loan",23,,8.86,6,Standard,2602.69,36.47591386,9 Years and 1 Months,NM,36.54819717,45.65097554,LowspentLargevaluepayments,239.7137023,Poor,,,,,,,,,,,,
April,14,Sinead Carews,39,8701.545,519.12875,6,5,32,7,"Personal Loan, Payday Loan, Student Loan, Auto Loan, Home Equity Loan, Student Loan, and Payday Loan",22,7,8.86,6,Standard,2602.69,32.09749228,9 Years and 2 Months,Yes,36.54819717,20.39018388,LowspentSmallvaluepayments,284.974494,Poor,,,,,,,,,,,,
May,14,Sinead Carews,39,8701.545,519.12875,6,5,32,7,"Personal Loan, Payday Loan, Student Loan, Auto Loan, Home Equity Loan, Student Loan, and Payday Loan",22,9,8.86,6,Standard,2602.69,37.16937449,9 Years and 3 Months,Yes,36.54819717,50.4869522,LowspentSmallvaluepayments,254.8777256,Poor,,,,,,,,,,,,
June,14,,39,8701.545,519.12875,6,5,32,7,"Personal Loan, Payday Loan, Student Loan, Auto Loan, Home Equity Loan, Student Loan, and Payday Loan",23,6,,6,Standard,2602.69,28.57003141,9 Years and 4 Months,Yes,36.54819717,52.93161341,LowspentMediumvaluepayments,242.4330644,Poor,,,,,,,,,,,,
July,14,,39,8701.545,,6,5,32,7,"Personal Loan, Payday Loan, Student Loan, Auto Loan, Home Equity Loan, Student Loan, and Payday Loan",21,9,_,9,Standard,2602.69,38.46541541,NA,Yes,36.54819717,30.4718063,Low_spent_Medium_value_payments,264.8928715,Poor,,,,,,,,,,,,
August,14,Sinead Carews,39,8701.545_,519.12875,6,5,32,7,"Personal Loan, Payday Loan, Student Loan, Auto Loan, Home Equity Loan, Student Loan, and Payday Loan",23,9,8.86,9,Standard,2602.69,28.81553706,9 Years and 6 Months,NM,36.54819717,,Low_spent_Small_value_payments,264.7720511,Poor,,,,,,,,,,,,
January,15,Poornimaf,36,25546.26,2415.855,8,7,14,5,"Not Specified, Student Loan, Student Loan, Credit-Builder Loan, and Auto Loan",16,14,7.83,5,Standard,758.44,37.41820917,18 Years and 2 Months,NM,101.3286374,53.10459911,HighspentMediumvaluepayments,337.1522635,Standard,,,,,,,,,,,,
February,15,,36,25546.26,2415.855,8,7,14,5,"Not Specified, Student Loan, Student Loan, Credit-Builder Loan, and Auto Loan",16,13,7.83,,Standard,758.44,29.71137554,18 Years and 3 Months,Yes,101.3286374,300.3232317,LowspentSmallvaluepayments,129.933631,Standard,,,,,,,,,,,,
March,15,Poornimaf,37,25546.26,2415.855,8,7,14,5,"Not Specified, Student Loan, Student Loan, Credit-Builder Loan, and Auto Loan",16,10,7.83,5,Standard,758.44,25.41361674,18 Years and 4 Months,Yes,101.3286374,91.21658676,LowspentLargevaluepayments,319.0402759,Standard,,,,,,,,,,,,
April,15,Poornimaf,37,25546.26,2415.855,8,7,14,5,"Not Specified, Student Loan, Student Loan, Credit-Builder Loan, and Auto Loan",16,10,7.83,,Standard,758.44,35.94627822,18 Years and 5 Months,Yes,101.3286374,83.71475049,HighspentMediumvaluepayments,306.5421121,Standard,,,,,,,,,,,,
May,15,Poornimaf,37,25546.26,2415.855,8,7,14,5,"Not Specified, Student Loan, Student Loan, Credit-Builder Loan, and Auto Loan",16,13,7.83,5,,758.44,28.27742001,18 Years and 6 Months,Yes,101.3286374,311.9993475,LowspentSmallvaluepayments,118.2575152,Standard,,,,,,,,,,,,
June,15,Poornimaf,37,25546.26,2415.855,8,7,14,5,"Not Specified, Student Loan, Student Loan, Credit-Builder Loan, and Auto Loan",16,10,7.83,5,,758.44,34.58659949,NA,Yes,101.3286374,61.73074847,HighspentSmallvaluepayments,338.5261142,Standard,,,,,,,,,,,,
July,15,Poornimaf,37,25546.26,2415.855,8,7,14,5,"Not Specified, Student Loan, Student Loan, Credit-Builder Loan, and Auto Loan",16,14,10.83,5,Standard,758.44,30.09906724,18 Years and 8 Months,Yes,101.3286374,130.3003938,Low_spent_Small_value_payments,299.9564689,Standard,,,,,,,,,,,,
August,15,Poornimaf,37,25546.26,2415.855,8,7,14,5_,"Not Specified, Student Loan, Student Loan, Credit-Builder Loan, and Auto Loan",15,13_,7.83,5,Standard,758.44,39.3334879,18 Years and 9 Months,Yes,101.3286374,189.8158613,Low_spent_Medium_value_payments,230.4410013,Standard,,,,,,,,,,,,
January,16,Chalmersa,30,31993.78,2942.148333,6,6,7,2,"Payday Loan, and Home Equity Loan",8,14,6.28,0,Standard,818.22,25.36959679,16 Years and 10 Months,Yes,45.14129822,81.99883506,LowspentMediumvaluepayments,447.0747001,Standard,,,,,,,,,,,,
February,16,Chalmersa,30,31993.78,2942.148333,6,6,7,2,"Payday Loan, and Home Equity Loan",12,14,6.28,0,Standard,818.22,37.95856941,16 Years and 11 Months,Yes,45.14129822,10000,LowspentSmallvaluepayments,157.8698035,Standard,,,,,,,,,,,,
March,16,Chalmersa,30,31993.78,2942.148333,6,6,7,2,"Payday Loan, and Home Equity Loan",8,14,10.28,1,Standard,818.22,27.38010905,17 Years and 0 Months,Yes,45.14129822,264.2570885,LowspentSmallvaluepayments,274.8164466,Standard,,,,,,,,,,,,
April,16,Chalmersa,30,31993.78,2942.148333,6,6,7,2,"Payday Loan, and Home Equity Loan",8,14,6.28,1,,818.22,34.15826212,17 Years and 1 Months,Yes,45.14129822,152.4523259,LowspentMediumvaluepayments,376.6212092,Standard,,,,,,,,,,,,
May,16,Chalmersa,30,31993.78,2942.148333,6,6,7,2,"Payday Loan, and Home Equity Loan",8,14,6.28,1,Standard,818.22,30.7880388,17 Years and 2 Months,Yes,45.14129822,43.47040867,HighspentMediumvaluepayments,455.6031264,Standard,,,,,,,,,,,,
June,16,Chalmersa,31,31993.78,2942.148333,6,6,7,2,"Payday Loan, and Home Equity Loan",8,14,6.28,1,Standard,818.22,34.28096872,17 Years and 3 Months,Yes,45.14129822,112.7238874,HighspentSmallvaluepayments,396.3496477,Standard,,,,,,,,,,,,
July,16,Chalmersa,31,31993.78,,6,6,7,-100,"Payday Loan, and Home Equity Loan",8,16,6.28,1,Standard,818.22,29.50345427,17 Years and 4 Months,Yes,45.14129822,104.5572362,High_spent_Small_value_payments,404.5162989,Standard,,,,,,,,,,,,
August,16,Chalmersa,31,31993.78,2942.148333,6,6,7,2,"Payday Loan, and Home Equity Loan",8,16,6.28,1,Standard,818.22,36.01279377,17 Years and 5 Months,Yes,45.14129822,97.58820324,Low_spent_Large_value_payments,421.4853319,Standard,,,,,,,,,,,,
January,17,Parkm,20,92047.08,2942.148333,6,7,16,0,,16,11,9.13,0,Standard,1296.64,37.11561494,29 Years and 2 Months,Yes,0,154.6341231,!@9#%8,854.5248769,Standard,,,,,,,,,,,,
February,17,,20,92047.08,7591.59,6,7,16,0,,16,11,9.13,4,Standard,1296.64,39.46775837,29 Years and 3 Months,Yes,0,710.4953807,LowspentMediumvaluepayments,328.6636193,Standard,,,,,,,,,,,,
March,17,Parkm,20,92047.08,7591.59,6,7,16,0,,18,11,9.13,4,,1296.64,27.79278836,29 Years and 4 Months,Yes,0,175.4456227,HighspentLargevaluepayments,823.7133773,Standard,,,,,,,,,,,,
April,17,Parkm,20,92047.08,7591.59,6,7,16,0,,16,11,9.13,4,Standard,1296.64,42.94468168,NA,Yes,0,120.9075538,HighspentLargevaluepayments,878.2514462,Poor,,,,,,,,,,,,
May,17,Parkm,20,92047.08,7591.59,6,7,16,0,,16,8,9.13,4,Standard,1296.64,34.35765024,29 Years and 6 Months,NM,0,78.71934549,HighspentLargevaluepayments,920.4396545,Poor,,,,,,,,,,,,
June,17,Parkm,20,92047.08,7591.59,6,7,16,0,,16,13,13.13,4,Standard,1296.64,28.77693774,NA,Yes,0,266.5850272,LowspentSmallvaluepayments,782.5739728,Poor,,,,,,,,,,,,
July,17,,20,92047.08,7591.59,6,7,16,0,,16,10,9.13,4,_,1296.64,40.75852164,29 Years and 8 Months,Yes,0,59.28557023,High_spent_Large_value_payments,939.8734298,Poor,,,,,,,,,,,,
August,17,Parkm,20,92047.08,7591.59,6,7,16,0,,16,11,9.13,4,Standard,1296.64,27.72764678,29 Years and 9 Months,Yes,0,268.0846033,Low_spent_Large_value_payments,761.0743967,Poor,,,,,,,,,,,,
January,18,Patrickg,45,32284.62,2898.385,6,7,17,6,"Credit-Builder Loan, Not Specified, Mortgage Loan, Payday Loan, Credit-Builder Loan, and Personal Loan",11,12,9.22,8,Standard,1283.37,28.94089259,6 Years and 5 Months,Yes,103.0375604,254.8616151,LowspentMediumvaluepayments,211.9393246,Standard,,,,,,,,,,,,
February,18,Patrickg,46,32284.62,2898.385,6,7,17,6,"Credit-Builder Loan, Not Specified, Mortgage Loan, Payday Loan, Credit-Builder Loan, and Personal Loan",11,12,9.22,8,Standard,1283.37,27.86131019,6 Years and 6 Months,Yes,103.0375604,103.2103074,LowspentLargevaluepayments,353.5906322,Standard,,,,,,,,,,,,
March,18,Patrickg,46,32284.62,2898.385,6,7,17,6,"Credit-Builder Loan, Not Specified, Mortgage Loan, Payday Loan, Credit-Builder Loan, and Personal Loan",10,12,9.22,8,Standard,1283.37,27.88169704,6 Years and 7 Months,Yes,103.0375604,35.79356841,HighspentLargevaluepayments,391.0073712,Standard,,,,,,,,,,,,
April,18,Patrickg,46,32284.62,2898.385,6,7,17,6,"Credit-Builder Loan, Not Specified, Mortgage Loan, Payday Loan, Credit-Builder Loan, and Personal Loan",11,12,9.22,8,Standard,1283.37,38.39455822,6 Years and 8 Months,Yes,103.0375604,280.2182538,LowspentSmallvaluepayments,196.5826859,Standard,,,,,,,,,,,,
May,18,Patrickg,46,32284.62,2898.385,6,7,17,6,"Credit-Builder Loan, Not Specified, Mortgage Loan, Payday Loan, Credit-Builder Loan, and Personal Loan",15,,8.22,10,,1283.37,33.23978443,6 Years and 9 Months,Yes,103.0375604,154.0197492,HighspentSmallvaluepayments,292.7811904,Standard,,,,,,,,,,,,
June,18,Patrickg,46,32284.62,2898.385,6,7,17,6,"Credit-Builder Loan, Not Specified, Mortgage Loan, Payday Loan, Credit-Builder Loan, and Personal Loan",11,12,8.22,10,Standard,1283.37,26.87446741,6 Years and 10 Months,Yes,103.0375604,272.2735499,LowspentSmallvaluepayments,204.5273897,Standard,,,,,,,,,,,,
July,18,Patrickg,46,32284.62,2898.385,6,7,17,6,"Credit-Builder Loan, Not Specified, Mortgage Loan, Payday Loan, Credit-Builder Loan, and Personal Loan",7,,9.22,10,Standard,1283.37_,24.2055332,6 Years and 11 Months,Yes,103.0375604,10000,Low_spent_Small_value_payments,85.90209493,Standard,,,,,,,,,,,,
August,18,Patrickg,46,32284.62,2898.385,6,7,17,6,"Credit-Builder Loan, Not Specified, Mortgage Loan, Payday Loan, Credit-Builder Loan, and Personal Loan",13,12,2.22,10,Standard,1283.37,27.93012371,7 Years and 0 Months,Yes,103.0375604,359.7718323,Low_spent_Small_value_payments,117.0291074,Standard,,,,,,,,,,,,
January,19,Laurence Frosty,26,97791.42,8079.285,6,6,12,0,,18,8,17.92,1,Standard,107.41,25.71557884,27 Years and 2 Months,Yes,0,451.2465194,LowspentSmallvaluepayments,646.6819806,Standard,,,,,,,,,,,,
February,19,Laurence Frosty,26,97791.42,8079.285,6,6,12,0,,18,8,11.92,1,,107.41,28.71120252,27 Years and 3 Months,Yes,0,322.7203197,LowspentLargevaluepayments,755.2081803,Standard,,,,,,,,,,,,
March,19,Laurence Frosty,26,97791.42,8079.285,6,6,12,0,,18,7,17.92,1,,107.41,34.92287233,27 Years and 4 Months,Yes,0,176.2642258,HighspentMediumvaluepayments,881.6642742,Standard,,,,,,,,,,,,
April,19,Laurence Frosty,26,97791.42,8079.285,6,6,12,0,,19,8,15.92,1,Standard,107.41,26.51363149,27 Years and 5 Months,Yes,629.8156531,499.24502,LowspentMediumvaluepayments,588.68348,Good,,,,,,,,,,,,
May,19,Laurence Frosty,26,97791.42,7449.469347,6,6,12,0,,18,,17.92,1,,107.41,38.64911431,27 Years and 6 Months,Yes,629.8156531,77.60922834,HighspentLargevaluepayments,970.3192717,Good,,,,,,,,,,,,
June,19,Laurence Frosty,26,97791.42,7449.469347,6,6,12,0,,16,8,17.92,1,Standard,107.41,44.67688859,27 Years and 7 Months,Yes,629.8156531,108.3039386,HighspentLargevaluepayments,939.6245614,Good,,,,,,,,,,,,
July,19,Laurence Frosty,26,97791.42,7449.469347,6,6,12,0,,18,8,13.92,1,Standard,107.41,28.80734982,27 Years and 8 Months,Yes,629.8156531,743.5408013,!@9#%8,334.3876987,Standard,,,,,,,,,,,,
August,19,Laurence Frosty,26,97791.42_,7449.469347,6,6,12,0,,18,8,17.92,1,Standard,107.41,33.8944426,27 Years and 9 Months,Yes,629.8156531,110.3182036,High_spent_Medium_value_payments,947.6102964,Good,,,,,,,,,,,,
January,20,Reema,31,19300.34,1512.361667,6,7,17,5,"Mortgage Loan, Debt Consolidation Loan, Payday Loan, Auto Loan, and Not Specified",52,,9.95,7,Bad,2430.21,29.93418573,18 Years and 2 Months,Yes,49.57206224,79.17641583,LowspentSmallvaluepayments,312.4876886,Poor,,,,,,,,,,,,
February,20,Reema,31,19300.34,1512.361667,6,7,17,5,"Mortgage Loan, Debt Consolidation Loan, Payday Loan, Auto Loan, and Not Specified",51,18,9.95,7,Bad,2430.21,36.64120358,18 Years and 3 Months,NM,49.57206224,55.29821299,HighspentSmallvaluepayments,306.3658914,Poor,,,,,,,,,,,,
March,20,Reema,31,19300.34,1512.361667,6,7,17,5,"Mortgage Loan, Debt Consolidation Loan, Payday Loan, Auto Loan, and Not Specified",48,19,15.95,7,,2430.21,37.62486247,NA,Yes,49.57206224,140.8185959,LowspentLargevaluepayments,230.8455085,Poor,,,,,,,,,,,,
April,20,Reema,31,19300.34,1512.361667,6,7,17,5,"Mortgage Loan, Debt Consolidation Loan, Payday Loan, Auto Loan, and Not Specified",51,19,9.95,7,Bad,2430.21,28.87038692,18 Years and 5 Months,Yes,49.57206224,61.42802987,HighspentSmallvaluepayments,300.2360745,Standard,,,,,,,,,,,,
May,20,Reema,32,19300.34,1512.361667,6,7,17,5,"Mortgage Loan, Debt Consolidation Loan, Payday Loan, Auto Loan, and Not Specified",51,19,9.95,7,Bad,2430.21,28.05884596,NA,Yes,49.57206224,173.0425508,LowspentSmallvaluepayments,218.6215536,Poor,,,,,,,,,,,,
June,20,Reema,32,19300.34,1512.361667,6,1029,17,5,"Mortgage Loan, Debt Consolidation Loan, Payday Loan, Auto Loan, and Not Specified",51,17,9.95,8,Bad,2430.21,25.84779062,18 Years and 7 Months,Yes,49.57206224,83.44744883,LowspentLargevaluepayments,288.2166556,Poor,,,,,,,,,,,,
July,20,Reema,32,19300.34,,6,7,17,5_,"Mortgage Loan, Debt Consolidation Loan, Payday Loan, Auto Loan, and Not Specified",51,19,8.95,8,_,2430.21,25.84314494,18 Years and 8 Months,Yes,56566,120.9754899,Low_spent_Large_value_payments,250.6886146,Poor,,,,,,,,,,,,
August,20,Reema,32,19300.34,1512.361667,6,7,17,5,"Mortgage Loan, Debt Consolidation Loan, Payday Loan, Auto Loan, and Not Specified",53,19,9.95,8,Bad,2430.21,23.70919322,18 Years and 9 Months,Yes,49.57206224,118.1855507,Low_spent_Medium_value_payments,263.4785537,Standard,,,,,,,,,,,,
January,21,,41,19514.88,1828.24,7,5,17,0,,30,12,4.17,2,,881.4,26.08454275,19 Years and 3 Months,NM,0,50.14372714,HighspentMediumvaluepayments,382.6802729,Standard,,,,,,,,,,,,
February,21,Mark Felsenthald,41,19514.88,1828.24,7,5,17,0,,30,14,4.17,2,,881.4,25.66585678,19 Years and 4 Months,No,0,10000,HighspentLargevaluepayments,381.8960652,Standard,,,,,,,,,,,,
March,21,,41,19514.88,1828.24,7,5,17,0,,30,12,4.17,2,Standard,881.4,33.66946005,19 Years and 5 Months,No,0,43.31582446,HighspentMediumvaluepayments,389.5081755,Standard,,,,,,,,,,,,
April,21,,41,19514.88,1828.24,7,488,17,0,,30,12,4.17,2,Standard,881.4,34.50370724,19 Years and 6 Months,No,0,45.38882031,HighspentMediumvaluepayments,387.4351797,Poor,,,,,,,,,,,,
May,21,Mark Felsenthald,41,19514.88,1828.24,7,5,17,0,,30,,4.17,2,Standard,881.4,41.1763842,19 Years and 7 Months,No,0,168.3414629,LowspentSmallvaluepayments,304.4825371,Poor,,,,,,,,,,,,
June,21,Mark Felsenthald,41,19514.88,1828.24,7,5,17,0,,30,12,4.17,2,Standard,881.4,38.78807246,19 Years and 8 Months,No,0,151.3776398,LowspentSmallvaluepayments,321.4463602,Poor,,,,,,,,,,,,
July,21,Mark Felsenthald,41,19514.88,1828.24,7,5,17,0,,30,15,4.17,2,Standard,881.4,27.18248277,19 Years and 9 Months,No,0,184.63116,Low_spent_Medium_value_payments,278.19284,Poor,,,,,,,,,,,,
August,21,Mark Felsenthald,41,19514.88,,7,5,5240,0,,26,11,4.17,4,_,881.4,28.78188778,19 Years and 10 Months,No,0,99.14154149,High_spent_Small_value_payments,343.6824585,Poor,,,,,,,,,,,,
January,22,Lee Chyenz,41,10183.015,0,7,5,17,5,"Credit-Builder Loan, Mortgage Loan, Mortgage Loan, Credit-Builder Loan, and Student Loan",48,,8.97,6,Bad,1672.43,25.95127289,10 Years and 1 Months,Yes,37.58807284,14.62273924,HighspentLargevaluepayments,295.2476463,Poor,,,,,,,,,,,,
February,22,Lee Chyenz,41,10183.015,1074.584583,7,5,17,5,"Credit-Builder Loan, Mortgage Loan, Mortgage Loan, Credit-Builder Loan, and Student Loan",48,18,7.97,6,Bad,1672.43,32.38559762,10 Years and 2 Months,NM,37.58807284,92.36195002,LowspentSmallvaluepayments,267.5084355,Poor,,,,,,,,,,,,
March,22,Lee Chyenz,41,10183.015,1074.584583,7,5,17,5,"Credit-Builder Loan, Mortgage Loan, Mortgage Loan, Credit-Builder Loan, and Student Loan",48,23,7.97,6,Bad,1672.43,23.73134791,10 Years and 3 Months,Yes,37.58807284,91.88397194,LowspentSmallvaluepayments,267.9864136,Poor,,,,,,,,,,,,
April,22,Lee Chyenz,41,10183.015,1074.584583,7,5,17,5,"Credit-Builder Loan, Mortgage Loan, Mortgage Loan, Credit-Builder Loan, and Student Loan",43,20,7.97,6,,1672.43,27.61417778,10 Years and 4 Months,Yes,37.58807284,46.81041575,HighspentSmallvaluepayments,283.0599697,Standard,,,,,,,,,,,,
May,22,Lee Chyenz,41,10183.015,1074.584583,7,5,17,5,"Credit-Builder Loan, Mortgage Loan, Mortgage Loan, Credit-Builder Loan, and Student Loan",51,,7.97,6,Bad,1672.43,32.29348991,10 Years and 5 Months,Yes,37.58807284,65.83126164,!@9#%8,294.0391239,Poor,,,,,,,,,,,,
June,22,Lee Chyenz,42,10183.015,1074.584583,7,5,17,5,"Credit-Builder Loan, Mortgage Loan, Mortgage Loan, Credit-Builder Loan, and Student Loan",48,24,10.97,1050,Bad,1672.43,25.10540255,10 Years and 6 Months,Yes,37.58807284,73.89986104,LowspentSmallvaluepayments,285.9705245,Poor,,,,,,,,,,,,
July,22,Lee Chyenz,42,10183.015,1074.584583,7,5,17,5,"Credit-Builder Loan, Mortgage Loan, Mortgage Loan, Credit-Builder Loan, and Student Loan",52,21,7.97,6,_,1672.43,24.71382399,10 Years and 7 Months,Yes,37.58807284,61.86372758,Low_spent_Small_value_payments,298.0066579,Poor,,,,,,,,,,,,
August,22,Lee Chyenz,42,10183.015_,1074.584583,7,5,17,5,"Credit-Builder Loan, Mortgage Loan, Mortgage Loan, Credit-Builder Loan, and Student Loan",48,21,7.97,6,Bad,1672.43,36.83702882,10 Years and 8 Months,Yes,37.58807284,71.12274735,Low_spent_Small_value_payments,288.7476381,Poor,,,,,,,,,,,,
January,23,,19,106733.13,8873.4275,4,4,1,0,,10,8,0.86,0,,76.23,29.81589563,32 Years and 9 Months,No,0,388.3603537,LowspentLargevaluepayments,768.9823963,Good,,,,,,,,,,,,
February,23,Nickb,20,106733.13,8873.4275,4,4,1,0,,5,7,,0,,76.23,28.10808629,32 Years and 10 Months,No,0,807.2067768,LowspentSmallvaluepayments,370.1359732,Good,,,,,,,,,,,,
March,23,Nickb,20,106733.13,8873.4275,4,4,4975,0,,2,6,0.86,0,Good,76.23,42.0704586,32 Years and 11 Months,No,0,172.0328285,HighspentLargevaluepayments,955.3099215,Good,,,,,,,,,,,,
April,23,Nickb,20,106733.13,8873.4275,4,4,1,0,,5,7,-4.14,0,Good,76.23,25.84254794,33 Years and 0 Months,No,0,644.2873937,LowspentLargevaluepayments,513.0553563,Good,,,,,,,,,,,,
May,23,Nickb,20,106733.13,8873.4275,4,4,1,-100,,5,6,0.86,0,Good,76.23,28.82055378,33 Years and 1 Months,No,0,345.6091354,HighspentMediumvaluepayments,791.7336146,Good,,,,,,,,,,,,
June,23,Nickb,20,106733.13,8873.4275,4,4,1,0,,5,6,-0.14,0,Good,76.23,31.7276036,NA,No,0,,HighspentMediumvaluepayments,913.0316547,Standard,,,,,,,,,,,,
July,23,Nickb,20,106733.13,8873.4275,4,4,1,0,,9,4,0.86,1,_,76.23,43.66511841,NA,No,0,191.0353726,High_spent_Large_value_payments,936.3073774,Standard,,,,,,,,,,,,
August,23,,20,106733.13,8873.4275,4,4,1,0,,7,6,0.86,1,Good,76.23,39.24363978,33 Years and 4 Months,No,0,384.7637248,!@9#%8,792.5790252,Standard,,,,,,,,,,,,
January,24,,31,12600.445,782.0370833,5,5,10,-100,"Not Specified, Student Loan, and Student Loan",28,19,15.79,7,,569.8,33.07588357,12 Years and 3 Months,Yes,26.06034753,0,HighspentLargevaluepayments,284.2982045,Standard,,,,,,,,,,,,
February,24,McBrideq,31,12600.445,782.0370833,5,5,10,-100,"Not Specified, Student Loan, and Student Loan",25,18,15.79,7,Standard,569.8,38.15374126,12 Years and 4 Months,Yes,26.06034753,103.1586179,LowspentSmallvaluepayments,238.9847429,Standard,,,,,,,,,,,,
March,24,,31,12600.445,782.0370833,5,5,10,3,"Not Specified, Student Loan, and Student Loan",25,16,15.79,7,Standard,569.8,23.17983274,12 Years and 5 Months,Yes,26.06034753,32.02630794,LowspentSmallvaluepayments,310.1170529,Standard,,,,,,,,,,,,
April,24,,32,12600.445,782.0370833,5,5,10,3,"Not Specified, Student Loan, and Student Loan",25,18,15.79,,Standard,569.8,28.81940706,12 Years and 6 Months,Yes,33746,31.14919791,LowspentMediumvaluepayments,300.9941629,Poor,,,,,,,,,,,,
May,24,McBrideq,32,12600.445,782.0370833,5,5,10,3,"Not Specified, Student Loan, and Student Loan",20,19,15.79,7,Standard,569.8,37.24021434,12 Years and 7 Months,Yes,26.06034753,41.0826367,LowspentSmallvaluepayments,301.0607241,Poor,,,,,,,,,,,,
June,24,McBrideq,32,12600.445,782.0370833,5,5,10,3,"Not Specified, Student Loan, and Student Loan",25,19,15.79,7,Standard,569.8,36.52748004,12 Years and 8 Months,Yes,26.06034753,48.00806666,LowspentSmallvaluepayments,294.1352941,Poor,,,,,,,,,,,,
July,24,McBrideq,32,12600.445,782.0370833,5,5,10,3,"Not Specified, Student Loan, and Student Loan",25,20,21.79,7,Standard,569.8,34.12530593,NA,Yes,26.06034753,56.90889586,Low_spent_Medium_value_payments,275.2344649,Poor,,,,,,,,,,,,
August,24,,32,12600.445,782.0370833,5,5,10,3,"Not Specified, Student Loan, and Student Loan",25,19,15.79,11,Standard,569.8,31.97887352,12 Years and 10 Months,Yes,26.06034753,66.37358,Low_spent_Small_value_payments,275.7697808,Poor,,,,,,,,,,,,
January,25,Rickt,34,57983.12,4720.926667,9,8,31,8,"Payday Loan, Not Specified, Credit-Builder Loan, Debt Consolidation Loan, Payday Loan, Not Specified, Student Loan, and Student Loan",47,19,7.27,12,Bad,3532.83,32.32176946,NA,Yes,200.4326134,265.7062119,LowspentSmallvaluepayments,295.9538413,Poor,,,,,,,,,,,,
February,25,Rickt,34,57983.12,4720.926667,9,8,31,8,"Payday Loan, Not Specified, Credit-Builder Loan, Debt Consolidation Loan, Payday Loan, Not Specified, Student Loan, and Student Loan",53,21,7.27,1044,Bad,3532.83,37.87364187,12 Years and 3 Months,Yes,200.4326134,193.8733754,HighspentMediumvaluepayments,327.7866778,Standard,,,,,,,,,,,,
March,25,Rickt,34,57983.12,4720.926667,9,8,31,8,"Payday Loan, Not Specified, Credit-Builder Loan, Debt Consolidation Loan, Payday Loan, Not Specified, Student Loan, and Student Loan",48,,7.27,17,Bad,3532.83,37.81024309,12 Years and 4 Months,Yes,200.4326134,534.3581784,LowspentSmallvaluepayments,27.30187488,Poor,,,,,,,,,,,,
April,25,Rickt,34,57983.12,4720.926667,9,8,31,8,"Payday Loan, Not Specified, Credit-Builder Loan, Debt Consolidation Loan, Payday Loan, Not Specified, Student Loan, and Student Loan",48,22,7.27,17,,3532.83,32.56739684,12 Years and 5 Months,Yes,200.4326134,197.6404955,HighspentMediumvaluepayments,324.0195577,Poor,,,,,,,,,,,,
May,25,Rickt,34,57983.12,4720.926667,9,8,31,8,"Payday Loan, Not Specified, Credit-Builder Loan, Debt Consolidation Loan, Payday Loan, Not Specified, Student Loan, and Student Loan",48,21,10.27,17,Bad,3532.83,37.28428974,12 Years and 6 Months,Yes,200.4326134,205.2501523,LowspentSmallvaluepayments,356.409901,Poor,,,,,,,,,,,,
June,25,Rickt,34,57983.12,4720.926667,9,8,31,8,"Payday Loan, Not Specified, Credit-Builder Loan, Debt Consolidation Loan, Payday Loan, Not Specified, Student Loan, and Student Loan",46,21,7.27,17,Bad,3532.83,35.2573783,12 Years and 7 Months,Yes,200.4326134,626.869242,LowspentSmallvaluepayments,0,Standard,,,,,,,,,,,,
July,25,Rickt,34,57983.12,4720.926667,9,8,31,8,"Payday Loan, Not Specified, Credit-Builder Loan, Debt Consolidation Loan, Payday Loan, Not Specified, Student Loan, and Student Loan",49,21,7.27,1936,Bad,3532.83,24.63149693,12 Years and 8 Months,Yes,200.4326134,234.7320401,Low_spent_Medium_value_payments,316.9280132,Standard,,,,,,,,,,,,
August,25,Rickt,34,57983.12,4720.926667,9,8,31,8,"Payday Loan, Not Specified, Credit-Builder Loan, Debt Consolidation Loan, Payday Loan, Not Specified, Student Loan, and Student Loan",48,24,7.27,,_,3532.83,24.7263513,12 Years and 9 Months,Yes,200.4326134,159.136722,High_spent_Medium_value_payments,362.5233313,Poor,,,,,,,,,,,,
January,26,Reijik,48,20787.69,1999.3075,8,6,14,3,"Home Equity Loan, Credit-Builder Loan, and Home Equity Loan",22,14,1.13,3,Standard,614.6,23.72318578,17 Years and 10 Months,No,42.22199266,10000,LowspentSmallvaluepayments,253.3256224,Standard,,,,,,,,,,,,
February,26,Reijik,48,20787.69,1999.3075,8,6,14,3,"Home Equity Loan, Credit-Builder Loan, and Home Equity Loan",24,,1.13,3,Standard,614.6,34.23585268,17 Years and 11 Months,No,42.22199266,82.62718037,LowspentLargevaluepayments,345.081577,Standard,,,,,,,,,,,,
March,26,Reijik,48,20787.69,1999.3075,8,6,14,3,"Home Equity Loan, Credit-Builder Loan, and Home Equity Loan",22,,1.13,3,Standard,614.6,22.80214523,NA,No,42.22199266,110.1720956,LowspentSmallvaluepayments,337.5366617,Standard,,,,,,,,,,,,
April,26,Reijik,48,20787.69,1999.3075,8,6,14,3,"Home Equity Loan, Credit-Builder Loan, and Home Equity Loan",22,12,1.13,3,Standard,614.6,37.06719824,18 Years and 1 Months,No,42.22199266,89.87484896,LowspentLargevaluepayments,337.8339084,Standard,,,,,,,,,,,,
May,26,Reijik,48,20787.69,1999.3075,8,6,14,3,"Home Equity Loan, Credit-Builder Loan, and Home Equity Loan",22,14,-2.87,3,Standard,614.6,29.33902944,18 Years and 2 Months,No,42.22199266,155.460944,LowspentSmallvaluepayments,292.2478133,Standard,,,,,,,,,,,,
June,26,Reijik,48,20787.69,1999.3075,8,6,14,3,"Home Equity Loan, Credit-Builder Loan, and Home Equity Loan",22,14,1.13,3,,614.6,30.44242522,NA,No,42.22199266,28.63736094,HighspentLargevaluepayments,369.0713964,Standard,,,,,,,,,,,,
July,26,Reijik,48,20787.69,1999.3075,8,6,14,3,"Home Equity Loan, Credit-Builder Loan, and Home Equity Loan",23,14,1.13,3,Standard,614.6,26.11024342,NA,No,42.22199266,258.2151738,Low_spent_Small_value_payments,189.4935835,Standard,,,,,,,,,,,,
August,26,Reijik,48,20787.69,1999.3075,8,1381,14,3,"Home Equity Loan, Credit-Builder Loan, and Home Equity Loan",22,14,8.13,3,_,614.6,35.34418762,18 Years and 5 Months,No,42.22199266,21.74553123,High_spent_Large_value_payments,375.9632261,Standard,,,,,,,,,,,,
January,27,Ashleyk,30,34290.12,2697.51,9,8,25,7,"Home Equity Loan, Credit-Builder Loan, Credit-Builder Loan, Home Equity Loan, Debt Consolidation Loan, Mortgage Loan, and Auto Loan",52,10,17.96,9,Standard,2686.81,39.28029559,13 Years and 8 Months,NM,185.1119826,248.0699573,LowspentLargevaluepayments,106.5690601,Poor,,,,,,,,,,,,
February,27,,30,34290.12,2697.51,9,8,25,7,"Home Equity Loan, Credit-Builder Loan, Credit-Builder Loan, Home Equity Loan, Debt Consolidation Loan, Mortgage Loan, and Auto Loan",47,,13.96,9,Standard,2686.81,27.03684229,NA,NM,185.1119826,10000,LowspentLargevaluepayments,196.5585016,Standard,,,,,,,,,,,,
March,27,Ashleyk,30,34290.12,2697.51,9,8,25,7,"Home Equity Loan, Credit-Builder Loan, Credit-Builder Loan, Home Equity Loan, Debt Consolidation Loan, Mortgage Loan, and Auto Loan",52,6,12.96,9,,2686.81,29.01885043,NA,Yes,185.1119826,60.58953609,HighspentMediumvaluepayments,274.0494813,Standard,,,,,,,,,,,,
April,27,Ashleyk,30,34290.12,2697.51,9,8,25,-100,"Home Equity Loan, Credit-Builder Loan, Credit-Builder Loan, Home Equity Loan, Debt Consolidation Loan, Mortgage Loan, and Auto Loan",52,7,13.96,9,Standard,2686.81,36.16398913,13 Years and 11 Months,NM,185.1119826,99.47477404,LowspentLargevaluepayments,255.1642434,Poor,,,,,,,,,,,,
May,27,Ashleyk,30,34290.12,2697.51,9,8,25,7,"Home Equity Loan, Credit-Builder Loan, Credit-Builder Loan, Home Equity Loan, Debt Consolidation Loan, Mortgage Loan, and Auto Loan",52,12,13.96,9,,2686.81,33.84186604,14 Years and 0 Months,Yes,185.1119826,330.0718422,LowspentSmallvaluepayments,44.56717524,Poor,,,,,,,,,,,,
June,27,Ashleyk,30,34290.12,2697.51,9,8,25,7,"Home Equity Loan, Credit-Builder Loan, Credit-Builder Loan, Home Equity Loan, Debt Consolidation Loan, Mortgage Loan, and Auto Loan",52,12,13.96,9,,2686.81,24.22255486,14 Years and 1 Months,Yes,185.1119826,108.9469111,HighspentMediumvaluepayments,225.6921063,Poor,,,,,,,,,,,,
July,27,Ashleyk,30,34290.12_,2697.51,9,8,25,7,"Home Equity Loan, Credit-Builder Loan, Credit-Builder Loan, Home Equity Loan, Debt Consolidation Loan, Mortgage Loan, and Auto Loan",52,12,13.96,13,Standard,2686.81,35.11893274,14 Years and 2 Months,Yes,185.1119826,224.0932041,!@9#%8,150.5458134,Standard,,,,,,,,,,,,
August,27,Ashleyk,30,34290.12,,9,898,25,7,"Home Equity Loan, Credit-Builder Loan, Credit-Builder Loan, Home Equity Loan, Debt Consolidation Loan, Mortgage Loan, and Auto Loan",52,9,13.96,13,_,2686.81,36.82064895,14 Years and 3 Months,Yes,185.1119826,94.91721648,High_spent_Small_value_payments,249.7218009,Poor,,,,,,,,,,,,
January,28,Williamso,32,43070.24,0,3,3,18,1,Debt Consolidation Loan,11,8,8.97,4,Standard,1233.1,27.98070066,19 Years and 2 Months,Yes,30.57608482,397.0022489,LowspentSmallvaluepayments,224.6403329,Standard,,,,,,,,,,,,
February,28,Williamso,32,43070.24,3622.186667,3,3,18,1,Debt Consolidation Loan,13,8,14.97,4,Standard,1233.1,28.07129186,19 Years and 3 Months,Yes,30.57608482,443.9186742,LowspentSmallvaluepayments,177.7239077,Standard,,,,,,,,,,,,
March,28,Williamso,32,43070.24,3622.186667,3,3,18,1,Debt Consolidation Loan,15,8,12.97,4,Standard,1233.1,28.36116615,19 Years and 4 Months,Yes,30.57608482,50.50914885,HighspentLargevaluepayments,521.133433,Standard,,,,,,,,,,,,
April,28,Williamso,32,43070.24,3622.186667,3,3,18,1,Debt Consolidation Loan,11,8,8.97,4,Standard,1233.1,24.33177176,19 Years and 5 Months,Yes,30.57608482,74.92037487,HighspentMediumvaluepayments,506.722207,Standard,,,,,,,,,,,,
May,28,Williamso,32,43070.24,3622.186667,3,3,18,1,Debt Consolidation Loan,10,8,8.97,8,Standard,1233.1,26.44753733,19 Years and 6 Months,Yes,30.57608482,178.0953584,LowspentLargevaluepayments,423.5472234,Standard,,,,,,,,,,,,
June,28,Williamso,32,43070.24,3622.186667,3,3,18,1,Debt Consolidation Loan,8,8,4.97,8,Standard,1233.1,39.06984399,19 Years and 7 Months,Yes,30.57608482,41.33398006,HighspentLargevaluepayments,530.3086018,Standard,,,,,,,,,,,,
July,28,Williamso,32,43070.24,3622.186667,3,3,18,1,Debt Consolidation Loan,11,8,8.97,8,Standard,1233.1,34.71864364,19 Years and 8 Months,Yes,30.57608482,108.6234469,Low_spent_Large_value_payments,493.019135,Standard,,,,,,,,,,,,
August,28,Williamso,32,43070.24,,3,3,18,-100,Debt Consolidation Loan,11,8,8.97,8,Standard,1233.1,26.36569955,19 Years and 9 Months,Yes,30.57608482,403.5168089,!@9#%8,218.125773,Standard,,,,,,,,,,,,
January,29,Dhanya Skariachano,40,28572.39,2210.0325,6,3,15,3,"Payday Loan, Not Specified, and Auto Loan",25,12,4.89,0,,400.07,24.42225068,30 Years and 3 Months,Yes,69.60292048,42.85050715,HighspentLargevaluepayments,348.5498224,Standard,,,,,,,,,,,,
February,29,Dhanya Skariachano,40,28572.39,2210.0325,6,3,15,3,"Payday Loan, Not Specified, and Auto Loan",25,9,4.89,0,Standard,400.07,36.43787042,30 Years and 4 Months,NM,69.60292048,83.04420901,!@9#%8,358.3561205,Standard,,,,,,,,,,,,
March,29,Dhanya Skariachano,40,28572.39,2210.0325,6,3,15,3,"Payday Loan, Not Specified, and Auto Loan",28,10,4.89,0,Standard,400.07,29.3235169,30 Years and 5 Months,Yes,69.60292048,53.48420329,HighspentMediumvaluepayments,347.9161262,Standard,,,,,,,,,,,,
April,29,Dhanya Skariachano,40,28572.39,2210.0325,6,3,15,3,"Payday Loan, Not Specified, and Auto Loan",25,14,4.89,0,,400.07,34.71456104,30 Years and 6 Months,Yes,69.60292048,25.9934623,HighspentMediumvaluepayments,375.4068672,Standard,,,,,,,,,,,,
May,29,,40,28572.39,2210.0325,6,3,15,3,"Payday Loan, Not Specified, and Auto Loan",25,12,4.89,2,Standard,400.07,37.50455238,30 Years and 7 Months,Yes,69.60292048,61.62810913,HighspentMediumvaluepayments,339.7722204,Standard,,,,,,,,,,,,
June,29,Dhanya Skariachano,40,28572.39,2210.0325,6,3,668,3,"Payday Loan, Not Specified, and Auto Loan",25,11,4.89,2,Standard,400.07,35.6939494,30 Years and 8 Months,Yes,69.60292048,129.2648347,LowspentSmallvaluepayments,312.1354949,Standard,,,,,,,,,,,,
July,29,Dhanya Skariachano,40,28572.39,2210.0325,6,3,15,3,"Payday Loan, Not Specified, and Auto Loan",25,13,4.89,2,Standard,400.07,35.02588279,NA,Yes,69.60292048,76.60780889,Low_spent_Small_value_payments,364.7925206,Standard,,,,,,,,,,,,
August,29,Dhanya Skariachano,40,6515990.0_,2210.0325,6,3,15,3,"Payday Loan, Not Specified, and Auto Loan",25,12,4.89,2,Standard,400.07,23.17761748,30 Years and 10 Months,Yes,69.60292048,51.83085897,High_spent_Large_value_payments,339.5694705,Standard,,,,,,,,,,,,
January,30,Sarahb,37,39641.54,3007.461667,10,8,25,6,"Auto Loan, Student Loan, Payday Loan, Payday Loan, Mortgage Loan, and Debt Consolidation Loan",61,13,1.54,6,,2258.73,34.12570493,NA,Yes,172.3825274,246.9150252,LowspentLargevaluepayments,151.4486141,Poor,,,,,,,,,,,,
February,30,Sarahb,37,39641.54,3007.461667,10,8,25,6,"Auto Loan, Student Loan, Payday Loan, Payday Loan, Mortgage Loan, and Debt Consolidation Loan",61,16,1.54,8,,2258.73,33.41459804,8 Years and 9 Months,NM,172.3825274,236.0775819,LowspentLargevaluepayments,162.2860574,Poor,,,,,,,,,,,,
March,30,Sarahb,37,39641.54,3007.461667,10,8,25,6,"Auto Loan, Student Loan, Payday Loan, Payday Loan, Mortgage Loan, and Debt Consolidation Loan",61,15,1.54,568,Bad,2258.73,27.5728629,8 Years and 10 Months,Yes,172.3825274,198.0421234,HighspentSmallvaluepayments,190.3215159,Poor,,,,,,,,,,,,
April,30,Sarahb,37,39641.54,3007.461667,10,8,25,-100,"Auto Loan, Student Loan, Payday Loan, Payday Loan, Mortgage Loan, and Debt Consolidation Loan",61,16,1.54,8,Bad,2258.73,32.4134468,8 Years and 11 Months,Yes,172.3825274,254.0211199,LowspentSmallvaluepayments,164.3425194,Poor,,,,,,,,,,,,
May,30,,37,39641.54,3007.461667,10,8,25,6,"Auto Loan, Student Loan, Payday Loan, Payday Loan, Mortgage Loan, and Debt Consolidation Loan",61,16,1.54,8,Bad,2258.73,25.98322951,9 Years and 0 Months,Yes,172.3825274,254.2603725,!@9#%8,154.1032668,Standard,,,,,,,,,,,,
June,30,,37,39641.54,3007.461667,10,8,25,6,"Auto Loan, Student Loan, Payday Loan, Payday Loan, Mortgage Loan, and Debt Consolidation Loan",61,16,1.54,8,Bad,2258.73,27.91283759,9 Years and 1 Months,Yes,172.3825274,122.148451,LowspentSmallvaluepayments,296.2151883,Poor,,,,,,,,,,,,
July,30,Sarahb,37,39641.54,3007.461667,10,8,25,6,"Auto Loan, Student Loan, Payday Loan, Payday Loan, Mortgage Loan, and Debt Consolidation Loan",61,14,1.54,8,Bad,2258.73,23.19650853,NA,Yes,172.3825274,160.6725445,Low_spent_Large_value_payments,237.6910948,Poor,,,,,,,,,,,,
August,30,Sarahb,38,39641.54,3007.461667,10,8,25,6,"Auto Loan, Student Loan, Payday Loan, Payday Loan, Mortgage Loan, and Debt Consolidation Loan",61,13,-2.46,8,Bad,2258.73,34.8490497,9 Years and 3 Months,Yes,172.3825274,149.2678062,Low_spent_Large_value_payments,249.0958331,Poor,,,,,,,,,,,,
January,31,Mukhopadhyayc,54,20186.02,1684.168333,1,5,1,2,"Auto Loan, and Home Equity Loan",5,6,6.83,4,,413.32,35.94290749,18 Years and 3 Months,No,29.53458372,74.21434055,LowspentLargevaluepayments,334.6679091,Good,,,,,,,,,,,,
February,31,,54,20186.02,1684.168333,1,5,1,2,"Auto Loan, and Home Equity Loan",5,6,0.83,,Good,413.32,32.93734626,18 Years and 4 Months,NM,14130,42.61914207,HighspentLargevaluepayments,336.2631075,Standard,,,,,,,,,,,,
March,31,Mukhopadhyayc,55,20186.02,1684.168333,1,5,1,2,"Auto Loan, and Home Equity Loan",4,3,6.83,4,Good,413.32,31.86173627,18 Years and 5 Months,No,29.53458372,26.29047662,HighspentMediumvaluepayments,362.591773,Good,,,,,,,,,,,,
April,31,,55,20186.02,1684.168333,1,5,1,2,"Auto Loan, and Home Equity Loan",5,6,,4,Good,413.32,22.7435821,18 Years and 6 Months,No,29.53458372,104.7238335,HighspentSmallvaluepayments,294.1584161,Good,,,,,,,,,,,,
May,31,Mukhopadhyayc,55,20186.02,1684.168333,1,5,1,2,"Auto Loan, and Home Equity Loan",5,7,6.83,4,,413.32,39.06398122,18 Years and 7 Months,No,29.53458372,138.8031575,LowspentLargevaluepayments,270.0790921,Standard,,,,,,,,,,,,
June,31,,55,586359,1684.168333,1,5,1,2,"Auto Loan, and Home Equity Loan",5,7,6.83,4,Good,413.32,28.83634916,18 Years and 8 Months,No,29.53458372,68.95672494,HighspentMediumvaluepayments,319.9255247,Good,,,,,,,,,,,,
July,31,Mukhopadhyayc,55,20186.02,1684.168333,1,5,1,2,"Auto Loan, and Home Equity Loan",5,6,6.83,4,Good,413.32,36.05869702,18 Years and 9 Months,No,5994,121.7654263,Low_spent_Small_value_payments,307.1168234,Standard,,,,,,,,,,,,
August,31,Mukhopadhyayc,55,20186.02,1684.168333,1,5,1,2,"Auto Loan, and Home Equity Loan",5,6,6.83,4,Good,413.32,33.75820397,NA,No,29.53458372,153.5387964,Low_spent_Medium_value_payments,265.3434532,Standard,,,,,,,,,,,,
January,32,Ayeshaz,43,18627.64,1387.303333,7,7,19,6,"Payday Loan, Not Specified, Student Loan, Credit-Builder Loan, Credit-Builder Loan, and Payday Loan",31,21,,7,Bad,1793.54,38.97966115,18 Years and 9 Months,NM,65.13948778,48.43998335,HighspentMediumvaluepayments,275.1508622,Poor,,,,,,,,,,,,
February,32,Ayeshaz,43,18627.64,1387.303333,7,7,19,6,"Payday Loan, Not Specified, Student Loan, Credit-Builder Loan, Credit-Builder Loan, and Payday Loan",31,21,5.07,7,Bad,1793.54,35.03034908,18 Years and 10 Months,Yes,65.13948778,53.83325981,LowspentMediumvaluepayments,299.7575858,Poor,,,,,,,,,,,,
March,32,Ayeshaz,43,18627.64,1387.303333,7,7,19,6,"Payday Loan, Not Specified, Student Loan, Credit-Builder Loan, Credit-Builder Loan, and Payday Loan",31,21,5.07,7,Bad,1793.54,27.19720883,18 Years and 11 Months,Yes,31551,105.1491496,LowspentSmallvaluepayments,258.441696,Poor,,,,,,,,,,,,
April,32,Ayeshaz,43,18627.64,1387.303333,7,7,19,6,"Payday Loan, Not Specified, Student Loan, Credit-Builder Loan, Credit-Builder Loan, and Payday Loan",31,22,5.07,7,Bad,1793.54,35.91940493,19 Years and 0 Months,Yes,65.13948778,75.7913889,LowspentMediumvaluepayments,277.7994567,Standard,,,,,,,,,,,,
May,32,Ayeshaz,43,18627.64,1387.303333,7,7,19,6,"Payday Loan, Not Specified, Student Loan, Credit-Builder Loan, Credit-Builder Loan, and Payday Loan",31,3318,5.07,7,Bad,1793.54,25.5852052,19 Years and 1 Months,Yes,65.13948778,24.34618841,HighspentLargevaluepayments,289.2446572,Poor,,,,,,,,,,,,
June,32,Ayeshaz,43,18627.64,1387.303333,7,7,19,6,"Payday Loan, Not Specified, Student Loan, Credit-Builder Loan, Credit-Builder Loan, and Payday Loan",31,21,6.07,7,Bad,1793.54,35.706437,19 Years and 2 Months,Yes,65.13948778,109.5920323,LowspentMediumvaluepayments,243.9988133,Poor,,,,,,,,,,,,
July,32,Ayeshaz,43,18627.64,1387.303333,7,7,19,6,"Payday Loan, Not Specified, Student Loan, Credit-Builder Loan, Credit-Builder Loan, and Payday Loan",26,21,_,7,Bad,1793.54,23.24548155,19 Years and 3 Months,Yes,65.13948778,104.2279796,Low_spent_Small_value_payments,259.362866,Poor,,,,,,,,,,,,
August,32,Ayeshaz,44,18627.64,1387.303333,7,7,19,6,"Payday Loan, Not Specified, Student Loan, Credit-Builder Loan, Credit-Builder Loan, and Payday Loan",31,18,5.07,7,Bad,1793.54,38.78895429,19 Years and 4 Months,Yes,65.13948778,98.80418974,Low_spent_Small_value_payments,264.7866558,Poor,,,,,,,,,,,,
January,33,Lisa Baertleinu,21,12986.745,959.22875,4,3,10,2,"Mortgage Loan, and Payday Loan",30,14,11.8,5,,1489.49,26.32926887,8 Years and 8 Months,Yes,16.71930023,16.28671936,HighspentMediumvaluepayments,312.9168554,Standard,,,,,,,,,,,,
February,33,Lisa Baertleinu,21,12986.745,959.22875,4,3,10,2,"Mortgage Loan, and Payday Loan",29,17,11.8,7,Standard,1489.49,24.61461029,8 Years and 9 Months,Yes,16.71930023,44.19300345,LowspentMediumvaluepayments,315.0105713,Standard,,,,,,,,,,,,
March,33,Lisa Baertleinu,21,12986.745,959.22875,4,3,10,2,"Mortgage Loan, and Payday Loan",30,20,11.8,7,Standard,1489.49,26.15307798,8 Years and 10 Months,Yes,16.71930023,47.26668051,LowspentMediumvaluepayments,311.9368943,Standard,,,,,,,,,,,,
April,33,Lisa Baertleinu,21,12986.745,959.22875,4,3,10,2,"Mortgage Loan, and Payday Loan",30,15,11.8,7,Standard,1489.49,31.78179827,8 Years and 11 Months,Yes,16.71930023,76.35527781,LowspentLargevaluepayments,272.848297,Standard,,,,,,,,,,,,
May,33,Lisa Baertleinu,22,12986.745,959.22875,4,3,10,2,"Mortgage Loan, and Payday Loan",30,18,16.8,7,Standard,1489.49,37.66150545,9 Years and 0 Months,Yes,16.71930023,72.3465135,LowspentSmallvaluepayments,296.8570613,Standard,,,,,,,,,,,,
June,33,Lisa Baertleinu,22,12986.745,959.22875,4,3,10,2,"Mortgage Loan, and Payday Loan",30,17,11.8,7,Standard,1489.49,26.5074745,9 Years and 1 Months,Yes,16.71930023,111.2576305,LowspentSmallvaluepayments,257.9459443,Standard,,,,,,,,,,,,
July,33,Lisa Baertleinu,22,12986.745,959.22875,4,3,10,2,"Mortgage Loan, and Payday Loan",28,20,11.8,7,_,1489.49,30.46998162,9 Years and 2 Months,Yes,16.71930023,46.74959036,Low_spent_Small_value_payments,322.4539844,Standard,,,,,,,,,,,,
August,33,Lisa Baertleinu,22,12986.745,959.22875,4,3,10,2,"Mortgage Loan, and Payday Loan",28,17,11.8,7,Standard,1489.49,32.25544266,9 Years and 3 Months,Yes,16.71930023,91.82948181,Low_spent_Small_value_payments,277.374093,Standard,,,,,,,,,,,,
January,34,Carlosj,43,58317,4664.75,8,5,9,6,"Mortgage Loan, Personal Loan, Home Equity Loan, Personal Loan, Mortgage Loan, and Personal Loan",18,17,16.58,6,Standard,98.97,40.41111483,13 Years and 1 Months,Yes,149.8971994,109.4889496,!@9#%8,467.088851,Standard,,,,,,,,,,,,
February,34,Carlosj,43,58317,4664.75,8,5,9,6,"Mortgage Loan, Personal Loan, Home Equity Loan, Personal Loan, Mortgage Loan, and Personal Loan",18,20,16.58,6,Standard,98.97,27.80691779,13 Years and 2 Months,Yes,149.8971994,83.30040819,HighspentMediumvaluepayments,483.2773924,Standard,,,,,,,,,,,,
March,34,Carlosj,44,58317,4664.75,8,5,9,6,"Mortgage Loan, Personal Loan, Home Equity Loan, Personal Loan, Mortgage Loan, and Personal Loan",16,20,10.58,6,,98.97,25.8321089,13 Years and 3 Months,Yes,149.8971994,57.95122336,HighspentLargevaluepayments,498.6265772,Standard,,,,,,,,,,,,
April,34,Carlosj,44,58317,4664.75,1414,5,9,6,"Mortgage Loan, Personal Loan, Home Equity Loan, Personal Loan, Mortgage Loan, and Personal Loan",18,23,23.58,10,Standard,98.97,29.76610686,NA,Yes,149.8971994,158.648276,HighspentMediumvaluepayments,407.9295246,Standard,,,,,,,,,,,,
May,34,,44,58317,4664.75,8,5,9,6,"Mortgage Loan, Personal Loan, Home Equity Loan, Personal Loan, Mortgage Loan, and Personal Loan",18,20,22.58,,Standard,98.97,34.19230439,13 Years and 5 Months,Yes,149.8971994,180.8305734,LowspentMediumvaluepayments,415.7472272,Standard,,,,,,,,,,,,
June,34,Carlosj,44,58317,4664.75,8,5,9,6,"Mortgage Loan, Personal Loan, Home Equity Loan, Personal Loan, Mortgage Loan, and Personal Loan",18,,16.58,10,Standard,98.97,24.6655252,13 Years and 6 Months,Yes,149.8971994,98.88050778,HighspentMediumvaluepayments,467.6972928,Standard,,,,,,,,,,,,
July,34,Carlosj,44,58317,4664.75,8,5,9,6,"Mortgage Loan, Personal Loan, Home Equity Loan, Personal Loan, Mortgage Loan, and Personal Loan",18,20,21.58,10,Standard,98.97,28.26014675,13 Years and 7 Months,Yes,149.8971994,380.585701,Low_spent_Medium_value_payments,215.9920996,Standard,,,,,,,,,,,,
August,34,Carlosj,44,58317,4664.75,8,5,9,6,"Mortgage Loan, Personal Loan, Home Equity Loan, Personal Loan, Mortgage Loan, and Personal Loan",22,,16.58,10,Standard,98.97,36.76366453,13 Years and 8 Months,Yes,149.8971994,59.9559875,High_spent_Medium_value_payments,506.6218131,Standard,,,,,,,,,,,,
January,35,Andreas Cremerf,36,42171.98,4664.75,2,7,10,3,"Auto Loan, Auto Loan, and Not Specified",4,10,9.58,4,Good,556.91,33.47895197,21 Years and 5 Months,No,102.7629131,56.71137669,HighspentMediumvaluepayments,466.9588769,Standard,,,,,,,,,,,,
February,35,Andreas Cremerf,36,42171.98,3764.331667,2,7,10,3,"Auto Loan, Auto Loan, and Not Specified",4,8,2.58,4,Good,556.91,26.98611476,21 Years and 6 Months,No,102.7629131,136.9830014,LowspentSmallvaluepayments,426.6872521,Standard,,,,,,,,,,,,
March,35,Andreas Cremerf,37,42171.98,3764.331667,2,7,10,3,"Auto Loan, Auto Loan, and Not Specified",4,,2.58,4,Good,556.91,40.15058277,21 Years and 7 Months,NM,102.7629131,97.56675631,!@9#%8,446.1034972,Standard,,,,,,,,,,,,
April,35,Andreas Cremerf,37,42171.98,3764.331667,2,7,10,3,"Auto Loan, Auto Loan, and Not Specified",2,10,2.58,4,Good,556.91,34.42998587,21 Years and 8 Months,No,102.7629131,255.7658284,LowspentLargevaluepayments,287.9044251,Good,,,,,,,,,,,,
May,35,Andreas Cremerf,37,42171.98,3764.331667,2,7,10,3,"Auto Loan, Auto Loan, and Not Specified",4,10,2.58,4,Good,556.91,31.74521339,21 Years and 9 Months,No,102.7629131,150.313187,!@9#%8,373.3570666,Good,,,,,,,,,,,,
June,35,Andreas Cremerf,37,42171.98,3764.331667,2,7,10,3,"Auto Loan, Auto Loan, and Not Specified",2,10,2.58,4,,556.91,29.46412058,21 Years and 10 Months,NM,102.7629131,82.51039863,HighspentSmallvaluepayments,451.1598549,Good,,,,,,,,,,,,
July,35,Andreas Cremerf,37,42171.98,3764.331667,2,7,10,3,"Auto Loan, Auto Loan, and Not Specified",4,10,2.58,4,Good,556.91,38.69215907,NA,No,102.7629131,82.57980213,High_spent_Large_value_payments,431.0904514,Good,,,,,,,,,,,,
August,35,Andreas Cremerf,37,42171.98,,2,7,10,3,"Auto Loan, Auto Loan, and Not Specified",4,10,2.58,4,Good,556.91,35.96285294,22 Years and 0 Months,No,102.7629131,145.3992425,High_spent_Medium_value_payments,378.271011,Standard,,,,,,,,,,,,
January,36,Bri,36,71681.4,5799.45,3,518,15,1,Not Specified,7,8,10.44,,,1293.02,40.33902429,25 Years and 7 Months,Yes,53.92351397,301.2920819,LowspentSmallvaluepayments,514.7294041,Standard,,,,,,,,,,,,
February,36,Bri,36,71681.4,5799.45,3,6,15,1,Not Specified,8,6,10.44,0,Standard,1293.02,29.68295387,25 Years and 8 Months,Yes,53.92351397,137.3311426,HighspentMediumvaluepayments,638.6903434,Standard,,,,,,,,,,,,
March,36,Bri,36,71681.4,5799.45,3,6,15,1,Not Specified,8,10,10.44,0,Standard,1293.02,29.37139648,25 Years and 9 Months,Yes,53.92351397,253.3197219,LowspentSmallvaluepayments,562.7017641,Standard,,,,,,,,,,,,
April,36,Bri,36,71681.4,5799.45,3,6,15,1,Not Specified,4,8,10.44,0,Standard,1293.02,33.04149896,25 Years and 10 Months,Yes,53.92351397,120.890142,HighspentLargevaluepayments,645.131344,Good,,,,,,,,,,,,
May,36,Bri,36,71681.4,5799.45,3,6,15,1,Not Specified,8,3083,10.44,0,Standard,1293.02,40.79113731,25 Years and 11 Months,Yes,53.92351397,10000,!@9#%8,358.0954,Good,,,,,,,,,,,,
June,36,Bri,36,71681.4,5799.45,3,6,15,1,Not Specified,5,6,10.44,0,Standard,1293.02,34.98356207,26 Years and 0 Months,Yes,53.92351397,414.8965494,LowspentMediumvaluepayments,391.1249366,Good,,,,,,,,,,,,
July,36,Bri,36,71681.4,5799.45,3,6,15,1,Not Specified,8,10,4.44,0,_,1293.02,32.73373278,26 Years and 1 Months,Yes,53.92351397,,High_spent_Large_value_payments,642.6718243,Good,,,,,,,,,,,,
August,36,,36,71681.4,5799.45,3,6,15,1,Not Specified,8,8,10.44,0,Standard,1293.02,38.23451377,26 Years and 2 Months,NM,53.92351397,295.811896,Low_spent_Medium_value_payments,510.20959,Good,,,,,,,,,,,,
January,37,ra Alperx,16,29469.98,2227.831667,1231,7,24,5,"Personal Loan, Credit-Builder Loan, Debt Consolidation Loan, Not Specified, and Not Specified",53,21,26.94,11,,3421.66,24.63965803,NA,Yes,69.68545857,59.82559612,!@9#%8,363.272112,Standard,,,,,,,,,,,,
February,37,ra Alperx,16,29469.98,2227.831667,7,7,24,5,"Personal Loan, Credit-Builder Loan, Debt Consolidation Loan, Not Specified, and Not Specified",50,18,22.94,,Bad,3421.66,30.26841053,13 Years and 3 Months,NM,69.68545857,125.4917683,HighspentSmallvaluepayments,287.6059398,Standard,,,,,,,,,,,,
March,37,ra Alperx,16,29469.98,2227.831667,7,7,24,-100,"Personal Loan, Credit-Builder Loan, Debt Consolidation Loan, Not Specified, and Not Specified",53,24,27.94,11,,3421.66,31.21226879,13 Years and 4 Months,Yes,69.68545857,32.70665182,HighspentLargevaluepayments,360.3910563,Standard,,,,,,,,,,,,
April,37,ra Alperx,16,29469.98,2227.831667,7,7,24,5,"Personal Loan, Credit-Builder Loan, Debt Consolidation Loan, Not Specified, and Not Specified",53,21,26.94,11,Bad,3421.66,33.29865431,13 Years and 5 Months,Yes,69.68545857,27.25079463,HighspentMediumvaluepayments,375.8469135,Poor,,,,,,,,,,,,
May,37,ra Alperx,16,29469.98,2227.831667,7,7,24,5,"Personal Loan, Credit-Builder Loan, Debt Consolidation Loan, Not Specified, and Not Specified",53,21,26.94,11,Bad,3421.66,38.17731096,13 Years and 6 Months,Yes,69.68545857,71.26438577,LowspentMediumvaluepayments,361.8333223,Poor,,,,,,,,,,,,
June,37,ra Alperx,16,29469.98,2227.831667,7,7,24,5,"Personal Loan, Credit-Builder Loan, Debt Consolidation Loan, Not Specified, and Not Specified",53,21,27.94,11,Bad,3421.66,30.98699814,13 Years and 7 Months,Yes,69.68545857,117.3103161,LowspentSmallvaluepayments,325.787392,Poor,,,,,,,,,,,,
July,37,ra Alperx,16,29469.98,,7,7,24,5,"Personal Loan, Credit-Builder Loan, Debt Consolidation Loan, Not Specified, and Not Specified",58,24,26.94,11,Bad,3421.66,33.2830613,13 Years and 8 Months,Yes,69.68545857,115.4534157,Low_spent_Small_value_payments,327.6442924,Poor,,,,,,,,,,,,
August,37,ra Alperx,16,29469.98,2227.831667,7,7,24,5,"Personal Loan, Credit-Builder Loan, Debt Consolidation Loan, Not Specified, and Not Specified",53,21,26.94,11,Bad,3421.66,32.96295024,13 Years and 9 Months,Yes,69.68545857,24.06613145,High_spent_Medium_value_payments,379.0315766,Poor,,,,,,,,,,,,
January,38,Matt Falloonz,19,72559.36,6284.613333,4,5,17,4,"Home Equity Loan, Mortgage Loan, Credit-Builder Loan, and Payday Loan",14,21,2.74,1,Standard,1173.7,23.28213511,27 Years and 11 Months,No,215.8391706,565.7433853,LowspentLargevaluepayments,116.8787774,Standard,,,,,,,,,,,,
February,38,Matt Falloonz,19,72559.36,6284.613333,4,5,17,4,"Home Equity Loan, Mortgage Loan, Credit-Builder Loan, and Payday Loan",14,22,2.74,1,Standard,1173.7,38.35585257,28 Years and 0 Months,No,215.8391706,205.72099,HighspentMediumvaluepayments,456.9011727,Standard,,,,,,,,,,,,
March,38,Matt Falloonz,20,72559.36,6284.613333,4,5,17,4,"Home Equity Loan, Mortgage Loan, Credit-Builder Loan, and Payday Loan",18,22,-4.26,1,,1173.7,25.56009927,28 Years and 1 Months,NM,215.8391706,370.4699742,LowspentMediumvaluepayments,322.1521885,Standard,,,,,,,,,,,,
April,38,Matt Falloonz,20,72559.36,6284.613333,4,5,17,4,"Home Equity Loan, Mortgage Loan, Credit-Builder Loan, and Payday Loan",14,18,,1,,1173.7,36.63682651,28 Years and 2 Months,No,215.8391706,298.6987125,LowspentMediumvaluepayments,393.9234502,Standard,,,,,,,,,,,,
May,38,Matt Falloonz,20,72559.36,6284.613333,4,5,17,4,"Home Equity Loan, Mortgage Loan, Credit-Builder Loan, and Payday Loan",14,21,2.74,1,Standard,1173.7,32.83357784,28 Years and 3 Months,No,215.8391706,117.3102589,HighspentLargevaluepayments,535.3119038,Standard,,,,,,,,,,,,
June,38,Matt Falloonz,20,72559.36,6284.613333,4,5,17,-100,"Home Equity Loan, Mortgage Loan, Credit-Builder Loan, and Payday Loan",16,19,2.74,1,Standard,1173.7,38.08037974,28 Years and 4 Months,No,215.8391706,172.9621775,HighspentMediumvaluepayments,489.6599852,Standard,,,,,,,,,,,,
July,38,Matt Falloonz,20,72559.36,6284.613333,4,5,17,4,"Home Equity Loan, Mortgage Loan, Credit-Builder Loan, and Payday Loan",14,19,2.74,1,Standard,1173.7,33.16506303,28 Years and 5 Months,No,215.8391706,82.49686626,High_spent_Medium_value_payments,580.1252964,Standard,,,,,,,,,,,,
August,38,Matt Falloonz,20,72559.36,6284.613333,4,5,17,4,"Home Equity Loan, Mortgage Loan, Credit-Builder Loan, and Payday Loan",15,19,-1.26,5,Standard,1173.7,38.17098243,28 Years and 6 Months,No,215.8391706,105.7178731,High_spent_Medium_value_payments,556.9042896,Standard,,,,,,,,,,,,
January,39,Lawrencea,36,15566.02,1423.168333,8,5,32,4,"Home Equity Loan, Credit-Builder Loan, Personal Loan, and Mortgage Loan",16,1338,9.24,7,Standard,1693.95,37.40993372,7 Years and 10 Months,Yes,43.0705196,65.98658552,LowspentSmallvaluepayments,323.2597282,Poor,,,,,,,,,,,,
February,39,Lawrencea,36,15566.02,1423.168333,8,5,32,4,"Home Equity Loan, Credit-Builder Loan, Personal Loan, and Mortgage Loan",17,20,9.24,7,Standard,1693.95,24.25102818,7 Years and 11 Months,Yes,43.0705196,169.6209801,LowspentSmallvaluepayments,219.6253336,Poor,,,,,,,,,,,,
March,39,Lawrencea,37,15566.02,1423.168333,8,5,32,4,"Home Equity Loan, Credit-Builder Loan, Personal Loan, and Mortgage Loan",12,19,9.24,7,,1693.95,38.78765215,8 Years and 0 Months,Yes,43.0705196,46.5766728,HighspentMediumvaluepayments,302.6696409,Poor,,,,,,,,,,,,
April,39,Lawrencea,37,15566.02,1423.168333,8,5,32,4,"Home Equity Loan, Credit-Builder Loan, Personal Loan, and Mortgage Loan",17,20,9.24,,Standard,1693.95,25.0380524,8 Years and 1 Months,Yes,62073,94.29931655,!@9#%8,294.9469972,Standard,,,,,,,,,,,,
May,39,Lawrencea,37,15566.02,1423.168333,8,5,32,4,"Home Equity Loan, Credit-Builder Loan, Personal Loan, and Mortgage Loan",17,20,9.24,9,,1693.95,23.09179312,8 Years and 2 Months,Yes,43.0705196,188.8661137,LowspentSmallvaluepayments,200.3802,Poor,,,,,,,,,,,,
June,39,Lawrencea,37,15566.02,1423.168333,8,5,32,4,"Home Equity Loan, Credit-Builder Loan, Personal Loan, and Mortgage Loan",13,23,9.24,9,Standard,1693.95,31.33422002,8 Years and 3 Months,Yes,43.0705196,131.6125215,!@9#%8,257.6337922,Poor,,,,,,,,,,,,
July,39,Lawrencea,37,15566.02,1423.168333,67,5,32,4,"Home Equity Loan, Credit-Builder Loan, Personal Loan, and Mortgage Loan",12,17,11.24,9,Standard,1693.95,29.70645377,8 Years and 4 Months,Yes,43.0705196,80.4844201,!@9#%8,308.7618936,Poor,,,,,,,,,,,,
August,39,Lawrencea,37_,15566.02,1423.168333,8,5,32,4,"Home Equity Loan, Credit-Builder Loan, Personal Loan, and Mortgage Loan",17,23,9.24,9,Standard,1693.95,36.57298991,8 Years and 5 Months,Yes,43.0705196,,Low_spent_Medium_value_payments,333.9677312,Standard,,,,,,,,,,,,
January,40,Emily Flitterl,18,66567.32,5800.276667,5,7,5,2,"Mortgage Loan, and Not Specified",7,15,7.67,1618,Standard,233.79,34.45627234,24 Years and 3 Months,No,37602,251.6474222,LowspentSmallvaluepayments,518.1908835,Standard,,,,,,,,,,,,
February,40,,18,66567.32,5800.276667,5,7,5,2,"Mortgage Loan, and Not Specified",7,,5.67,0,Standard,233.79,32.34982187,24 Years and 4 Months,No,100.1893609,542.0422096,LowspentMediumvaluepayments,217.7960961,Standard,,,,,,,,,,,,
March,40,Emily Flitterl,18,66567.32,5800.276667,5,7,5,2,"Mortgage Loan, and Not Specified",7,12,5.67,0,Standard,233.79,33.48684838,24 Years and 5 Months,No,100.1893609,770.6964131,LowspentSmallvaluepayments,0,Standard,,,,,,,,,,,,
April,40,Emily Flitterl,18,66567.32,5800.276667,5,7,5,2,"Mortgage Loan, and Not Specified",7,,4.67,0,Standard,233.79,33.29385607,24 Years and 6 Months,No,100.1893609,526.9189014,LowspentLargevaluepayments,222.9194043,Standard,,,,,,,,,,,,
May,40,Emily Flitterl,19,66567.32,5800.276667,5,7,5,2,"Mortgage Loan, and Not Specified",7,15,5.67,0,Standard,233.79,26.54909964,24 Years and 7 Months,No,100.1893609,149.525305,!@9#%8,580.3130008,Standard,,,,,,,,,,,,
June,40,Emily Flitterl,19,66567.32,5800.276667,5,7,5,2,"Mortgage Loan, and Not Specified",7,15,5.67,0,Standard,233.79,28.10570447,24 Years and 8 Months,No,100.1893609,66.77787002,HighspentMediumvaluepayments,663.0604358,Standard,,,,,,,,,,,,
July,40,,19,66567.32,5800.276667,5,7,5,2,"Mortgage Loan, and Not Specified",7,15,5.67,0,Standard,233.79,26.50760977,24 Years and 9 Months,No,100.1893609,66.68835825,High_spent_Medium_value_payments,663.1499475,Standard,,,,,,,,,,,,
August,40,Emily Flitterl,19,66567.32,5800.276667,5,7,5,2,"Mortgage Loan, and Not Specified",7,14,-1.33,2,Standard,233.79,28.45378579,NA,NM,100.1893609,82.84422855,High_spent_Large_value_payments,636.9940772,Standard,,,,,,,,,,,,
January,41,Nateg,32,12909.895,853.8245833,5,5,13,0,,22,14,7.58,1,Standard,602.5,31.35686818,17 Years and 1 Months,No,0,20.44668059,LowspentLargevaluepayments,334.9357777,Standard,,,,,,,,,,,,
February,41,Nateg,32,12909.895,853.8245833,5,5,13,0,,22,14,7.58,1,Standard,602.5,38.33948756,17 Years and 2 Months,No,0,67.16171995,LowspentSmallvaluepayments,308.2207384,Standard,,,,,,,,,,,,
March,41,Nateg,33,12909.895,853.8245833,5,5,13,0,,20,14,7.58,1,Standard,602.5,32.21809912,17 Years and 3 Months,No,0,114.1999515,LowspentSmallvaluepayments,261.1825069,Standard,,,,,,,,,,,,
April,41,Nateg,33,12909.895,853.8245833,5,5,13,0,,22,15,7.58,1,Standard,602.5,29.42723189,17 Years and 4 Months,NM,0,110.9742218,LowspentSmallvaluepayments,264.4082365,Standard,,,,,,,,,,,,
May,41,Nateg,33,12909.895,853.8245833,5,1005,13,0,,22,14,7.58,1,Standard,602.5,32.4690579,17 Years and 5 Months,No,0,64.52797054,LowspentSmallvaluepayments,310.8544878,Standard,,,,,,,,,,,,
June,41,Nateg,33,12909.895,853.8245833,5,5,753,0,,17,14,7.58,1,Standard,602.5,35.63389379,17 Years and 6 Months,No,0,31.01282665,!@9#%8,334.3696317,Standard,,,,,,,,,,,,
July,41,,33_,12909.895,853.8245833,5,5,13,0,,22,16,7.58,3,Standard,602.5,39.80429294,17 Years and 7 Months,No,0,51.48954251,Low_spent_Small_value_payments,323.8929158,Standard,,,,,,,,,,,,
August,41,Nateg,33,12909.895,853.8245833,5,5,13,-100,,22,15,7.58,3,Standard,602.5,23.57985072,17 Years and 8 Months,No,0,60.05263477,Low_spent_Medium_value_payments,305.3298236,Standard,,,,,,,,,,,,
January,42,Toonkeln,33,30788.44,2623.703333,7,9,31,6,"Credit-Builder Loan, Payday Loan, Home Equity Loan, Credit-Builder Loan, Personal Loan, and Credit-Builder Loan",49,,21.73,9,Bad,3470.08,24.61673534,1 Years and 2 Months,Yes,114.5330209,232.1388168,LowspentLargevaluepayments,185.6984956,Standard,,,,,,,,,,,,
February,42,Toonkeln,33,30788.44,2623.703333,7,9,31,6,"Credit-Builder Loan, Payday Loan, Home Equity Loan, Credit-Builder Loan, Personal Loan, and Credit-Builder Loan",49,20,21.73,9,Bad,3470.08,39.74169977,1 Years and 3 Months,Yes,114.5330209,53.64864334,HighspentMediumvaluepayments,344.1886691,Standard,,,,,,,,,,,,
March,42,Toonkeln,33,30788.44,2623.703333,7,9,31,6,"Credit-Builder Loan, Payday Loan, Home Equity Loan, Credit-Builder Loan, Personal Loan, and Credit-Builder Loan",52,22,21.73,9,,3470.08,39.15505442,1 Years and 4 Months,Yes,114.5330209,102.343498,LowspentSmallvaluepayments,335.4938145,Standard,,,,,,,,,,,,
April,42,Toonkeln,33,30788.44,2623.703333,7,9,31,6,"Credit-Builder Loan, Payday Loan, Home Equity Loan, Credit-Builder Loan, Personal Loan, and Credit-Builder Loan",49,20,21.73,9,Bad,3470.08,27.68144423,1 Years and 5 Months,Yes,114.5330209,97.31358834,LowspentSmallvaluepayments,340.5237241,Standard,,,,,,,,,,,,
May,42,Toonkeln,33,30788.44,2623.703333,7,9,31,6,"Credit-Builder Loan, Payday Loan, Home Equity Loan, Credit-Builder Loan, Personal Loan, and Credit-Builder Loan",49,20,21.73,9,,3470.08,33.46870759,1 Years and 6 Months,NM,114.5330209,55.92865463,HighspentLargevaluepayments,331.9086578,Standard,,,,,,,,,,,,
June,42,Toonkeln,33,30788.44,2623.703333,7,9,31,6,"Credit-Builder Loan, Payday Loan, Home Equity Loan, Credit-Builder Loan, Personal Loan, and Credit-Builder Loan",45,21,21.73,9,Bad,3470.08,35.45708113,1 Years and 7 Months,Yes,114.5330209,72.98412459,HighspentSmallvaluepayments,334.8531878,Standard,,,,,,,,,,,,
July,42,Toonkeln,33,30788.44,2623.703333,7,9,31,6,"Credit-Builder Loan, Payday Loan, Home Equity Loan, Credit-Builder Loan, Personal Loan, and Credit-Builder Loan",49,20,21.73,9,Bad,3470.08,27.15981089,1 Years and 8 Months,Yes,114.5330209,70.08822093,!@9#%8,327.7490915,Standard,,,,,,,,,,,,
August,42,Toonkeln,33,30788.44,2623.703333,7,9,31,6,"Credit-Builder Loan, Payday Loan, Home Equity Loan, Credit-Builder Loan, Personal Loan, and Credit-Builder Loan",49,20,21.73,9,Bad,3470.08,38.25442229,NA,Yes,114.5330209,242.5323493,!@9#%8,195.3049632,Standard,,,,,,,,,,,,
January,43,Jaisinghanij,42,20574.47,1740.539167,6,3,14,4,"Credit-Builder Loan, Personal Loan, Credit-Builder Loan, and Home Equity Loan",6,,13.74,6,Standard,749.95,25.82415682,10 Years and 11 Months,NM,49.34866632,145.900478,LowspentSmallvaluepayments,268.8047724,Standard,,,,,,,,,,,,
February,43,Jaisinghanij,42,20574.47,1740.539167,6,3,14,4,"Credit-Builder Loan, Personal Loan, Credit-Builder Loan, and Home Equity Loan",6,10,13.74,6,Standard,749.95,37.26323375,11 Years and 0 Months,Yes,49.34866632,,LowspentSmallvaluepayments,309.7407407,Standard,,,,,,,,,,,,
March,43,,42,20574.47,1740.539167,6,3,14,4,"Credit-Builder Loan, Personal Loan, Credit-Builder Loan, and Home Equity Loan",6,10,14.74,11,Standard,749.95,27.20801259,11 Years and 1 Months,Yes,14982,127.2455258,!@9#%8,267.4597245,Standard,,,,,,,,,,,,
April,43,Jaisinghanij,42,20574.47,1740.539167,572,3,14,4,"Credit-Builder Loan, Personal Loan, Credit-Builder Loan, and Home Equity Loan",6,12,6.74,11,Standard,749.95,36.55953784,11 Years and 2 Months,Yes,49.34866632,25.16140443,HighspentMediumvaluepayments,349.5438459,Standard,,,,,,,,,,,,
May,43,Jaisinghanij,42,20574.47,1740.539167,6,1327,14,4,"Credit-Builder Loan, Personal Loan, Credit-Builder Loan, and Home Equity Loan",6,7,13.74,11,Standard,749.95,29.03616365,11 Years and 3 Months,Yes,49.34866632,139.9785623,LowspentLargevaluepayments,254.7266881,Standard,,,,,,,,,,,,
June,43,Jaisinghanij,42,20574.47,1740.539167,6,3,14,4,"Credit-Builder Loan, Personal Loan, Credit-Builder Loan, and Home Equity Loan",6,10,6.74,11,Standard,749.95,37.55229512,11 Years and 4 Months,Yes,49.34866632,192.372069,LowspentSmallvaluepayments,222.3331814,Standard,,,,,,,,,,,,
July,43,Jaisinghanij,42,20574.47,1740.539167,6,3,14,4,"Credit-Builder Loan, Personal Loan, Credit-Builder Loan, and Home Equity Loan",1,7,13.74,11,Standard,749.95,38.33877418,11 Years and 5 Months,Yes,49.34866632,119.2737917,Low_spent_Large_value_payments,275.4314586,Standard,,,,,,,,,,,,
August,43,Jaisinghanij,42,20574.47,1740.539167,6,1189,14,4,"Credit-Builder Loan, Personal Loan, Credit-Builder Loan, and Home Equity Loan",6,10,13.74,11,Standard,749.95,28.62902965,11 Years and 6 Months,Yes,49.34866632,,High_spent_Large_value_payments,322.7377426,Standard,,,,,,,,,,,,
January,44,Pomeroyi,21,148699.32,12432.61,3,4,748,3,"Personal Loan, Mortgage Loan, and Payday Loan",13,8,9.2,1,Good,949.38,41.68721335,30 Years and 7 Months,No,364.9151774,296.1518279,HighspentLargevaluepayments,822.1939947,Good,,,,,,,,,,,,
February,44,,21,148699.32,12432.61,3,4,1138,-100,"Personal Loan, Mortgage Loan, and Payday Loan",13,4,9.2,1,Good,949.38,28.51077465,30 Years and 8 Months,No,364.9151774,237.9183809,HighspentLargevaluepayments,880.4274417,Good,,,,,,,,,,,,
March,44,,21,148699.32,12432.61,3,4,5,3,"Personal Loan, Mortgage Loan, and Payday Loan",13,3,9.2,1,Good,949.38,41.47825034,30 Years and 9 Months,No,364.9151774,10000,HighspentMediumvaluepayments,705.6144782,Good,,,,,,,,,,,,
April,44,,22,148699.32,12432.61,3,4,5,3,"Personal Loan, Mortgage Loan, and Payday Loan",13,6,9.2,1,Good,949.38,31.40151636,30 Years and 10 Months,No,364.9151774,599.4618328,LowspentMediumvaluepayments,558.8839898,Good,,,,,,,,,,,,
May,44,Pomeroyi,22,148699.32,12432.61,3,4,5,3,"Personal Loan, Mortgage Loan, and Payday Loan",10,3,10.2,525,,949.38,34.26155637,30 Years and 11 Months,No,364.9151774,264.7984248,HighspentLargevaluepayments,853.5473978,Good,,,,,,,,,,,,
June,44,Pomeroyi,22,148699.32,12432.61,3,4,5,3,"Personal Loan, Mortgage Loan, and Payday Loan",13,6,9.2,1,Good,949.38,26.71579704,31 Years and 0 Months,No,364.9151774,861.1156692,HighspentSmallvaluepayments,277.2301534,Good,,,,,,,,,,,,
July,44,Pomeroyi,22,148699.32_,12432.61,3,4,5,3,"Personal Loan, Mortgage Loan, and Payday Loan",18,6,9.2,1,_,949.38,39.77628577,31 Years and 1 Months,No,364.9151774,342.8142659,!@9#%8,785.5315567,Good,,,,,,,,,,,,
August,44,Pomeroyi,22,148699.32_,12432.61,3,4,5,3,"Personal Loan, Mortgage Loan, and Payday Loan",16,8,9.2,1,Good,949.38,40.60538838,31 Years and 2 Months,No,364.9151774,328.9078394,High_spent_Medium_value_payments,799.4379832,Good,,,,,,,,,,,,
January,45,Olivia Oranr,19,85554.03,7185.5025,4,2,3,0,,12,7,6.43,3,Good,1095.73,33.43437152,19 Years and 7 Months,No,0,162.9955862,HighspentLargevaluepayments,795.5546638,Good,,,,,,,,,,,,
February,45,Olivia Oranr,19,85554.03,7185.5025,4,2,3,0,,12,,6.43,3,,1095.73,38.38982003,19 Years and 8 Months,NM,0,81.57260644,HighspentMediumvaluepayments,886.9776436,Good,,,,,,,,,,,,
March,45,Olivia Oranr,19,85554.03,7185.5025,4,2,3,0,,12,7,6.43,3,,1095.73,36.62486342,19 Years and 9 Months,No,0,128.5248739,HighspentMediumvaluepayments,840.0253761,Good,,,,,,,,,,,,
April,45,Olivia Oranr,19,85554.03,7185.5025,4,2,3,-100,,12,7,6.43,3,Good,1095.73,31.36024474,19 Years and 10 Months,No,0,303.6646866,LowspentLargevaluepayments,684.8855634,Good,,,,,,,,,,,,
May,45,Olivia Oranr,19,85554.03,7185.5025,1488,2,3,-100,,14,,6.43,3,,1095.73,41.66180247,19 Years and 11 Months,No,0,70.82263262,HighspentLargevaluepayments,887.7276174,Good,,,,,,,,,,,,
June,45,,19,85554.03,7185.5025,4,2,3,0,,12,7,6.43,3,Good,1095.73,25.02632602,20 Years and 0 Months,No,0,465.4277737,LowspentLargevaluepayments,523.1224763,Good,,,,,,,,,,,,
July,45,Olivia Oranr,3885,85554.03,7185.5025,4,2,3,0,,12,4_,6.43,3,Good,1095.73,23.91628778,20 Years and 1 Months,No,0,,Low_spent_Medium_value_payments,273.6508993,Good,,,,,,,,,,,,
August,45,Olivia Oranr,20_,85554.03,7185.5025,4,2,3,0,,12,7,6.43,3,Good,1095.73,41.51328788,NA,No,81050,78.79818323,High_spent_Large_value_payments,879.7520668,Good,,,,,,,,,,,,
January,46,Rachelle Younglaic,15,55829.79,4369.4825,10,10,18,8,"Student Loan, Home Equity Loan, Payday Loan, Debt Consolidation Loan, Not Specified, Not Specified, Personal Loan, and Payday Loan",30,20,27.99,11,,3422.49,27.07054347,NA,Yes,314.9017853,348.7994885,LowspentSmallvaluepayments,63.24697621,Standard,,,,,,,,,,,,
February,46,Rachelle Younglaic,15,18334118,4369.4825,10,10,18,8,"Student Loan, Home Equity Loan, Payday Loan, Debt Consolidation Loan, Not Specified, Not Specified, Personal Loan, and Payday Loan",30,18,20.99,11,Bad,3422.49,36.72993924,10 Years and 6 Months,Yes,314.9017853,124.5414704,HighspentSmallvaluepayments,257.5049943,Standard,,,,,,,,,,,,
March,46,Rachelle Younglaic,15,55829.79,4369.4825,10,10,18,8,"Student Loan, Home Equity Loan, Payday Loan, Debt Consolidation Loan, Not Specified, Not Specified, Personal Loan, and Payday Loan",30,19,27.99,11,Bad,3422.49,27.97880174,10 Years and 7 Months,Yes,314.9017853,132.0062495,HighspentSmallvaluepayments,250.0402152,Standard,,,,,,,,,,,,
April,46,Rachelle Younglaic,15,55829.79,4369.4825,10,10,18,8,"Student Loan, Home Equity Loan, Payday Loan, Debt Consolidation Loan, Not Specified, Not Specified, Personal Loan, and Payday Loan",30,18,27.99,11,Bad,3422.49,27.11330402,NA,Yes,314.9017853,172.22331,HighspentSmallvaluepayments,209.8231548,Standard,,,,,,,,,,,,
May,46,Rachelle Younglaic,16,55829.79,4369.4825,10,10,18,8,"Student Loan, Home Equity Loan, Payday Loan, Debt Consolidation Loan, Not Specified, Not Specified, Personal Loan, and Payday Loan",27,18,,11,Bad,3422.49,38.02568458,10 Years and 9 Months,Yes,314.9017853,182.04655,HighspentSmallvaluepayments,199.9999147,Standard,,,,,,,,,,,,
June,46,Rachelle Younglaic,16,55829.79,4369.4825,10,10,18,8,"Student Loan, Home Equity Loan, Payday Loan, Debt Consolidation Loan, Not Specified, Not Specified, Personal Loan, and Payday Loan",31,21,27.99,11,,3422.49,23.34669686,10 Years and 10 Months,Yes,314.9017853,106.9001127,HighspentLargevaluepayments,255.146352,Standard,,,,,,,,,,,,
July,46,Rachelle Younglaic,16,55829.79,,10,10,18,8_,"Student Loan, Home Equity Loan, Payday Loan, Debt Consolidation Loan, Not Specified, Not Specified, Personal Loan, and Payday Loan",30,15,27.99,11,Bad,3422.49,30.83696021,NA,NM,314.9017853,192.30406,Low_spent_Small_value_payments,219.7424048,Poor,,,,,,,,,,,,
August,46,,16,55829.79,,10,10,18,8,"Student Loan, Home Equity Loan, Payday Loan, Debt Consolidation Loan, Not Specified, Not Specified, Personal Loan, and Payday Loan",30,19,23.99,11,Bad,3422.49,37.86566807,11 Years and 0 Months,Yes,314.9017853,255.7295014,Low_spent_Small_value_payments,156.3169634,Standard,,,,,,,,,,,,
January,47,,27,19717385,1057.435833,7,10,33,9,"Credit-Builder Loan, Personal Loan, Credit-Builder Loan, Mortgage Loan, Personal Loan, Payday Loan, Payday Loan, Payday Loan, and Student Loan",59,,8.82,11,Bad,2797.17,25.31433886,13 Years and 11 Months,Yes,58.86844084,60.55078556,HighspentSmallvaluepayments,246.3243569,Standard,,,,,,,,,,,,
February,47,,27,14165.23,1057.435833,7,10,33,9,"Credit-Builder Loan, Personal Loan, Credit-Builder Loan, Mortgage Loan, Personal Loan, Payday Loan, Payday Loan, Payday Loan, and Student Loan",55,24,6.82,11,Bad,2797.17,33.13167712,14 Years and 0 Months,Yes,58.86844084,10000,LowspentSmallvaluepayments,252.016603,Poor,,,,,,,,,,,,
March,47,Shupingu,27,14165.23,1057.435833,7,10,33,9,"Credit-Builder Loan, Personal Loan, Credit-Builder Loan, Mortgage Loan, Personal Loan, Payday Loan, Payday Loan, Payday Loan, and Student Loan",56,24,8.82,11,,2797.17,33.07759976,14 Years and 1 Months,Yes,58.86844084,124.0568381,LowspentSmallvaluepayments,212.8183044,Poor,,,,,,,,,,,,
April,47,Shupingu,27,14165.23,1057.435833,7,10,33,9,"Credit-Builder Loan, Personal Loan, Credit-Builder Loan, Mortgage Loan, Personal Loan, Payday Loan, Payday Loan, Payday Loan, and Student Loan",59,24,8.82,11,Bad,2797.17,31.87826486,14 Years and 2 Months,Yes,58.86844084,95.67488196,LowspentSmallvaluepayments,241.2002605,Standard,,,,,,,,,,,,
May,47,Shupingu,27,14165.23,1057.435833,7,10,33,9,"Credit-Builder Loan, Personal Loan, Credit-Builder Loan, Mortgage Loan, Personal Loan, Payday Loan, Payday Loan, Payday Loan, and Student Loan",59,24,8.82,11,Bad,2797.17,27.64251073,14 Years and 3 Months,Yes,58.86844084,105.7567546,LowspentMediumvaluepayments,221.1183879,Poor,,,,,,,,,,,,
June,47,Shupingu,27,14165.23,1057.435833,7,10,33,9,"Credit-Builder Loan, Personal Loan, Credit-Builder Loan, Mortgage Loan, Personal Loan, Payday Loan, Payday Loan, Payday Loan, and Student Loan",55,24,8.82,11,Bad,2797.17,30.73296021,14 Years and 4 Months,Yes,58.86844084,53.85988289,LowspentSmallvaluepayments,283.0152596,Poor,,,,,,,,,,,,
July,47,Shupingu,27,14165.23,1057.435833,7,10,33,9,"Credit-Builder Loan, Personal Loan, Credit-Builder Loan, Mortgage Loan, Personal Loan, Payday Loan, Payday Loan, Payday Loan, and Student Loan",59,24,8.82,11,Bad,2797.17,32.4729893,14 Years and 5 Months,Yes,58.86844084,45.62644682,Low_spent_Medium_value_payments,281.2486957,Poor,,,,,,,,,,,,
August,47,Shupingu,27,14165.23,1057.435833,7,10,33,9,"Credit-Builder Loan, Personal Loan, Credit-Builder Loan, Mortgage Loan, Personal Loan, Payday Loan, Payday Loan, Payday Loan, and Student Loan",61,26,8.82,11,_,2797.17,35.20144548,14 Years and 6 Months,NM,58.86844084,133.8825777,Low_spent_Small_value_payments,202.9925648,Standard,,,,,,,,,,,,
January,48,"""John ODonnell""p",30,87215.68,7489.973333,2,6,8,2,"Auto Loan, and Payday Loan",2,,10.98,0,Good,680.77,35.12551976,20 Years and 8 Months,No,121.6820167,10000,LowspentLargevaluepayments,333.2919819,Good,,,,,,,,,,,,
February,48,"""John ODonnell""p",30,87215.68,7489.973333,2,6,8,2,"Auto Loan, and Payday Loan",6,6,10.98,0,,680.77,26.78610224,20 Years and 9 Months,No,121.6820167,106.9503614,HighspentLargevaluepayments,760.3649552,Standard,,,,,,,,,,,,
March,48,"""John ODonnell""p",30,87215.68,7489.973333,2,6,8,2,"Auto Loan, and Payday Loan",3,,,0,Good,680.77,31.30850875,20 Years and 10 Months,No,121.6820167,90.98095529,HighspentLargevaluepayments,776.3343613,Good,,,,,,,,,,,,
April,48,"""John ODonnell""p",30,2709655,7489.973333,2,6,8,2,"Auto Loan, and Payday Loan",2,,10.98,0,Good,680.77,26.44728156,20 Years and 11 Months,No,121.6820167,264.2066739,LowspentSmallvaluepayments,653.1086427,Standard,,,,,,,,,,,,
May,48,"""John ODonnell""p",30,87215.68,7489.973333,2,6,8,2,"Auto Loan, and Payday Loan",2,5,10.98,0,Good,680.77,33.9600344,21 Years and 0 Months,No,121.6820167,799.3743611,LowspentSmallvaluepayments,117.9409555,Good,,,,,,,,,,,,
June,48,"""John ODonnell""p",30,87215.68,7489.973333,2,6,8,2,"Auto Loan, and Payday Loan",6,4,9.98,0,Good,680.77,28.92882975,21 Years and 1 Months,No,10292,173.0943692,!@9#%8,694.2209474,Good,,,,,,,,,,,,
July,48,"""John ODonnell""p",30,87215.68,7489.973333,2,6,8,2_,"Auto Loan, and Payday Loan",2,5,10.98,0,Good,680.77,30.48381722,21 Years and 2 Months,No,121.6820167,169.1108856,High_spent_Large_value_payments,698.204431,Good,,,,,,,,,,,,
August,48,"""John ODonnell""p",30,87215.68,7489.973333,2,6,8,2,"Auto Loan, and Payday Loan",2,8,10.98,0,Good,680.77,35.62288337,21 Years and 3 Months,NM,19734,304.2028104,High_spent_Medium_value_payments,573.1125062,Good,,,,,,,,,,,,
January,49,Scheydere,43,81842.28,7489.973333,10,9,25,9,"Student Loan, Auto Loan, Personal Loan, Auto Loan, Credit-Builder Loan, Payday Loan, Home Equity Loan, Auto Loan, and Personal Loan",20,19,16.25,9,Bad,3053.16,39.43016631,0 Years and 4 Months,NM,574.0657979,162.5887242,HighspentMediumvaluepayments,194.364478,Standard,,,,,,,,,,,,
February,49,Scheydere,43,81842.28,6810.19,10,9,25,9,"Student Loan, Auto Loan, Personal Loan, Auto Loan, Credit-Builder Loan, Payday Loan, Home Equity Loan, Auto Loan, and Personal Loan",20,16,16.25,9,,3053.16,26.05088484,0 Years and 5 Months,Yes,574.0657979,152.7337662,!@9#%8,204.2194359,Standard,,,,,,,,,,,,
March,49,Scheydere,43,81842.28,6810.19,10,9,25,9,"Student Loan, Auto Loan, Personal Loan, Auto Loan, Credit-Builder Loan, Payday Loan, Home Equity Loan, Auto Loan, and Personal Loan",20,19,16.25,9,Bad,3053.16,24.07007993,0 Years and 6 Months,Yes,574.0657979,192.4731148,HighspentSmallvaluepayments,174.4800873,Standard,,,,,,,,,,,,
April,49,Scheydere,43,81842.28,6810.19,10,9,25,9,"Student Loan, Auto Loan, Personal Loan, Auto Loan, Credit-Builder Loan, Payday Loan, Home Equity Loan, Auto Loan, and Personal Loan",20,16,14.25,9,Bad,3053.16,27.92660965,NA,Yes,574.0657979,332.9131245,HighspentSmallvaluepayments,34.04007764,Standard,,,,,,,,,,,,
May,49,Scheydere,43,81842.28,6810.19,10,9,25,9,"Student Loan, Auto Loan, Personal Loan, Auto Loan, Credit-Builder Loan, Payday Loan, Home Equity Loan, Auto Loan, and Personal Loan",20,17,16.25,11,Bad,3053.16,31.3174328,0 Years and 8 Months,Yes,574.0657979,447.8485782,LowspentMediumvaluepayments,0,Standard,,,,,,,,,,,,
June,49,Scheydere,43,81842.28,6810.19,10,9,25,9,"Student Loan, Auto Loan, Personal Loan, Auto Loan, Credit-Builder Loan, Payday Loan, Home Equity Loan, Auto Loan, and Personal Loan",20,19,16.25,11,Bad,3053.16,28.64312875,0 Years and 9 Months,Yes,574.0657979,165.0734558,HighspentLargevaluepayments,181.8797463,Standard,,,,,,,,,,,,
July,49,,43,81842.28,6810.19,10,9,25,9,"Student Loan, Auto Loan, Personal Loan, Auto Loan, Credit-Builder Loan, Payday Loan, Home Equity Loan, Auto Loan, and Personal Loan",20,19,10.25,11,Bad,3053.16,24.5572184,0 Years and 10 Months,Yes,574.0657979,201.9026213,Low_spent_Medium_value_payments,185.0505808,Standard,,,,,,,,,,,,
August,49,Scheydere,43,81842.28_,,10,9,25,9_,"Student Loan, Auto Loan, Personal Loan, Auto Loan, Credit-Builder Loan, Payday Loan, Home Equity Loan, Auto Loan, and Personal Loan",20,16,16.25,11,Bad,3053.16,30.56175048,NA,NM,574.0657979,79.38081205,High_spent_Large_value_payments,267.5723901,Standard,,,,,,,,,,,,
January,50,Nate Raymondj,38,95956.5,8279.375,8,4,11,-100,"Personal Loan, and Student Loan",18,10,11.94,2,Standard,1079.73,33.77692753,31 Years and 7 Months,No,95.52162878,,HighspentLargevaluepayments,884.9056903,Standard,,,,,,,,,,,,
February,50,Nate Raymondj,38,95956.5,8279.375,8,4,11,2,"Personal Loan, and Student Loan",23,10,11.94,2,Standard,1079.73,35.74006715,31 Years and 8 Months,NM,95.52162878,265.3115234,HighspentMediumvaluepayments,717.1043479,Standard,,,,,,,,,,,,
March,50,Nate Raymondj,38,95956.5,8279.375,8,4,11,2,"Personal Loan, and Student Loan",23,10,11.94,2,,1079.73,42.13760293,31 Years and 9 Months,NM,95.52162878,377.3584081,LowspentMediumvaluepayments,635.0574631,Standard,,,,,,,,,,,,
April,50,Nate Raymondj,38,95956.5,8279.375,8,4,11,2,"Personal Loan, and Student Loan",28,,13.94,2,Standard,1079.73,28.06838239,31 Years and 10 Months,No,95.52162878,623.4087219,LowspentMediumvaluepayments,389.0071493,Good,,,,,,,,,,,,
May,50,Nate Raymondj,38,95956.5,8279.375,8,4,11,2,"Personal Loan, and Student Loan",22,13,11.94,2,Standard,1079.73,37.20726208,31 Years and 11 Months,No,95.52162878,517.8021721,HighspentSmallvaluepayments,474.6136991,Standard,,,,,,,,,,,,
June,50,Nate Raymondj,38,95956.5,8279.375,8,4,11,2,"Personal Loan, and Student Loan",23,,11.94,2,Standard,1079.73,24.97857316,32 Years and 0 Months,No,95.52162878,761.0455291,LowspentMediumvaluepayments,251.3703422,Good,,,,,,,,,,,,
July,50,Nate Raymondj,38,95956.5,8279.375,8,4,11,2,"Personal Loan, and Student Loan",23,10,11.94,2,Standard,1079.73,28.32191417,32 Years and 1 Months,NM,95.52162878,777.6020727,Low_spent_Medium_value_payments,234.8137985,Good,,,,,,,,,,,,
August,50,Nate Raymondj,38_,95956.5,8279.375,8,4,11,2,"Personal Loan, and Student Loan",23,,11.94,2,Standard,1079.73,41.341414,32 Years and 2 Months,NM,95.52162878,552.1106828,Low_spent_Large_value_payments,450.3051884,Good,,,,,,,,,,,,
January,51,,25,49967.01,4091.9175,7,6,31,6,"Auto Loan, Payday Loan, Debt Consolidation Loan, Debt Consolidation Loan, Not Specified, and Student Loan",27,11,19.87,11,Standard,2253.95,28.87573769,16 Years and 10 Months,Yes,156.0033117,66.93199535,HighspentLargevaluepayments,426.256443,Poor,,,,,,,,,,,,
February,51,Edwardk,25,49967.01,4091.9175,7,6,31,6,"Auto Loan, Payday Loan, Debt Consolidation Loan, Debt Consolidation Loan, Not Specified, and Student Loan",27,11,19.87,11,Standard,2253.95,23.11502218,16 Years and 11 Months,Yes,156.0033117,132.2857313,LowspentLargevaluepayments,390.9027071,Poor,,,,,,,,,,,,
March,51,Edwardk,26,49967.01,4091.9175,7,6,31,6,"Auto Loan, Payday Loan, Debt Consolidation Loan, Debt Consolidation Loan, Not Specified, and Student Loan",27,11,19.87,11,Standard,2253.95,38.57921381,17 Years and 0 Months,Yes,156.0033117,80.27846003,HighspentMediumvaluepayments,422.9099783,Poor,,,,,,,,,,,,
April,51,Edwardk,26,49967.01,4091.9175,7,6,31,6,"Auto Loan, Payday Loan, Debt Consolidation Loan, Debt Consolidation Loan, Not Specified, and Student Loan",27,11,19.87,11,Standard,2253.95,22.84117831,17 Years and 1 Months,Yes,156.0033117,373.1685164,LowspentMediumvaluepayments,160.019922,Poor,,,,,,,,,,,,
May,51,Edwardk,26,49967.01,4091.9175,7,6,31,6,"Auto Loan, Payday Loan, Debt Consolidation Loan, Debt Consolidation Loan, Not Specified, and Student Loan",27,11,19.87,11,,2253.95,33.91270307,17 Years and 2 Months,NM,156.0033117,192.9207713,!@9#%8,350.267667,Poor,,,,,,,,,,,,
June,51,Edwardk,26,49967.01,4091.9175,6,5,31,6,"Auto Loan, Payday Loan, Debt Consolidation Loan, Debt Consolidation Loan, Not Specified, and Student Loan",27,14,24.87,11,Standard,2253.95,37.33034027,17 Years and 3 Months,Yes,156.0033117,,!@9#%8,436.3089192,Poor,,,,,,,,,,,,
July,51,Edwardk,26,49967.01,4091.9175,6,5,31,6,"Auto Loan, Payday Loan, Debt Consolidation Loan, Debt Consolidation Loan, Not Specified, and Student Loan",27,10,16.87,12,_,2253.95,33.17055465,17 Years and 4 Months,Yes,156.0033117,59.49541612,High_spent_Medium_value_payments,443.6930222,Poor,,,,,,,,,,,,
August,51,Edwardk,3052,49967.01,4091.9175,6,5,31,6,"Auto Loan, Payday Loan, Debt Consolidation Loan, Debt Consolidation Loan, Not Specified, and Student Loan",27,11,19.87,12,Standard,2253.95,31.5207818,17 Years and 5 Months,Yes,156.0033117,116.361294,High_spent_Medium_value_payments,386.8271444,Poor,,,,,,,,,,,,
January,52,Simon Jessope,14,39887.22,3224.935,9,9,16,5,"Not Specified, Student Loan, Auto Loan, Home Equity Loan, and Mortgage Loan",57,21,17.25,10,Bad,3119.6,30.18805936,12 Years and 5 Months,Yes,133.4708452,198.9967508,LowspentMediumvaluepayments,270.025904,Poor,,,,,,,,,,,,
February,52,Simon Jessope,14,39887.22,3224.935,9,9,16,5,"Not Specified, Student Loan, Auto Loan, Home Equity Loan, and Mortgage Loan",59,3104,11.25,,,3119.6,26.11222201,12 Years and 6 Months,Yes,133.4708452,153.2707254,!@9#%8,295.7519293,Poor,,,,,,,,,,,,
March,52,,14,39887.22,3224.935,9,9,16,5,"Not Specified, Student Loan, Auto Loan, Home Equity Loan, and Mortgage Loan",57,19,17.25,14,,3119.6,38.23896598,12 Years and 7 Months,Yes,133.4708452,319.4923738,LowspentSmallvaluepayments,159.5302809,Poor,,,,,,,,,,,,
April,52,Simon Jessope,14,39887.22,3224.935,9,9,16,5,"Not Specified, Student Loan, Auto Loan, Home Equity Loan, and Mortgage Loan",52,,17.25,14,Bad,3119.6,37.08960444,12 Years and 8 Months,NM,133.4708452,,LowspentSmallvaluepayments,176.9314779,Poor,,,,,,,,,,,,
May,52,Simon Jessope,14,39887.22,3224.935,9,9,16,5,"Not Specified, Student Loan, Auto Loan, Home Equity Loan, and Mortgage Loan",54,19,17.25,14,Bad,3119.6,36.97060762,12 Years and 9 Months,Yes,133.4708452,96.09548178,HighspentMediumvaluepayments,342.927173,Poor,,,,,,,,,,,,
June,52,Simon Jessope,14,39887.22,3224.935,9,9,16,5,"Not Specified, Student Loan, Auto Loan, Home Equity Loan, and Mortgage Loan",57,18,17.25,14,,3119.6,31.24846249,12 Years and 10 Months,Yes,133.4708452,123.9598696,HighspentMediumvaluepayments,315.0627851,Poor,,,,,,,,,,,,
July,52,Simon Jessope,14,39887.22,3224.935,9,9,16,5,"Not Specified, Student Loan, Auto Loan, Home Equity Loan, and Mortgage Loan",57,19,17.25,14,Bad,3119.6,24.14813227,12 Years and 11 Months,Yes,133.4708452,111.6678075,High_spent_Small_value_payments,337.3548473,Poor,,,,,,,,,,,,
August,52,Simon Jessope,14,39887.22,3224.935,9,9,16,-100,"Not Specified, Student Loan, Auto Loan, Home Equity Loan, and Mortgage Loan",57,22,17.25,14,Bad,3119.6,34.97086572,13 Years and 0 Months,NM,133.4708452,145.9405486,High_spent_Small_value_payments,303.0821062,Standard,,,,,,,,,,,,
January,53,Kazunorit,43,14129.76,1012.48,8,5,21,8,"Student Loan, Payday Loan, Personal Loan, Not Specified, Mortgage Loan, Student Loan, Debt Consolidation Loan, and Debt Consolidation Loan",62,17,5.51,6,Bad,4071.62,36.1372924,12 Years and 7 Months,Yes,81.71265501,124.4459203,LowspentSmallvaluepayments,185.0894247,Poor,,,,,,,,,,,,
February,53,Kazunorit,44,14129.76,1012.48,8,5,21,8,"Student Loan, Payday Loan, Personal Loan, Not Specified, Mortgage Loan, Student Loan, Debt Consolidation Loan, and Debt Consolidation Loan",62,18,5.51,6,,4071.62,28.13414922,12 Years and 8 Months,NM,81.71265501,31.28654276,LowspentMediumvaluepayments,268.2488022,Poor,,,,,,,,,,,,
March,53,,44,14129.76,1012.48,8,5,21,8,"Student Loan, Payday Loan, Personal Loan, Not Specified, Mortgage Loan, Student Loan, Debt Consolidation Loan, and Debt Consolidation Loan",65,,5.51,6,,4071.62,39.16106265,12 Years and 9 Months,Yes,81.71265501,112.3614498,LowspentSmallvaluepayments,197.1738952,Poor,,,,,,,,,,,,
April,53,Kazunorit,44,14129.76,1012.48,8,5,21,8,"Student Loan, Payday Loan, Personal Loan, Not Specified, Mortgage Loan, Student Loan, Debt Consolidation Loan, and Debt Consolidation Loan",62,21,5.51,6,,4071.62,33.11102175,12 Years and 10 Months,Yes,81.71265501,24.67934851,HighspentMediumvaluepayments,244.8559965,Poor,,,,,,,,,,,,
May,53,Kazunorit,44,2592822,1012.48,8,5,21,8,"Student Loan, Payday Loan, Personal Loan, Not Specified, Mortgage Loan, Student Loan, Debt Consolidation Loan, and Debt Consolidation Loan",62,21,12.51,6,Bad,4071.62,26.42915211,NA,Yes,81.71265501,,LowspentSmallvaluepayments,179.1095355,Poor,,,,,,,,,,,,
June,53,Kazunorit,44,14129.76,1012.48,8,5,21,8,"Student Loan, Payday Loan, Personal Loan, Not Specified, Mortgage Loan, Student Loan, Debt Consolidation Loan, and Debt Consolidation Loan",62,18,5.51,6,,4071.62,29.81521347,13 Years and 0 Months,Yes,81.71265501,47.31078336,LowspentMediumvaluepayments,252.2245616,Poor,,,,,,,,,,,,
July,53,Kazunorit,44,14129.76,,8,5,21,8,"Student Loan, Payday Loan, Personal Loan, Not Specified, Mortgage Loan, Student Loan, Debt Consolidation Loan, and Debt Consolidation Loan",64,,-1.49,6,Bad,4071.62,37.09478339,13 Years and 1 Months,Yes,70.97506655,105.3029678,Low_spent_Small_value_payments,204.2323772,Poor,,,,,,,,,,,,
August,53,Kazunorit,44,14129.76,1023.217588,8,5,21,8,"Student Loan, Payday Loan, Personal Loan, Not Specified, Mortgage Loan, Student Loan, Debt Consolidation Loan, and Debt Consolidation Loan",62,18,5.51,6,Bad,4071.62,35.66937314,13 Years and 2 Months,NM,70.97506655,33.37622926,High_spent_Medium_value_payments,236.1591157,Poor,,,,,,,,,,,,
January,54,Ekr,42,123732.32,10416.02667,4,3,11,0,,15,8,11.92,3,Good,1154.46,43.36806475,27 Years and 3 Months,No,0,,HighspentMediumvaluepayments,940.3944828,Good,,,,,,,,,,,,
February,54,Ekr,42,123732.32,10416.02667,4,3,11,0,,15,8,11.92,3,Good,1154.46,31.13019514,27 Years and 4 Months,No,0,10000,HighspentLargevaluepayments,1157.857522,Good,,,,,,,,,,,,
March,54,Ekr,43,123732.32,10416.02667,4,3,11,0,,15,8,12.92,3,Good,1154.46,32.68645906,27 Years and 5 Months,No,0,874.7145585,LowspentMediumvaluepayments,446.8881082,Standard,,,,,,,,,,,,
April,54,Ekr,43,123732.32,10416.02667,4,3,11,-100,,15,8,11.92,3,Good,1154.46,38.99063467,27 Years and 6 Months,No,0,532.1607307,LowspentMediumvaluepayments,789.4419359,Standard,,,,,,,,,,,,
May,54,Ekr,43,123732.32,10416.02667,4,3,11,0,,15,,11.92,3,Good,1154.46,36.64159184,27 Years and 7 Months,No,0,129.1812728,HighspentMediumvaluepayments,1162.421394,Standard,,,,,,,,,,,,
June,54,Ekr,43,123732.32,10416.02667,4,3,11,0,,15,8,11.92,3,,1154.46,31.24192774,27 Years and 8 Months,No,0,96.70297297,HighspentLargevaluepayments,1184.899694,Standard,,,,,,,,,,,,
July,54,Ekr,43,123732.32,10416.02667,4,3,11,0,,18,8,13.92,3,Good,1154.46,31.11476599,27 Years and 9 Months,No,0,170.8514935,High_spent_Medium_value_payments,1120.751173,Standard,,,,,,,,,,,,
August,54,Ekr,43,123732.32,10416.02667,4,3,11,0,,15,8,8.92,,Good,1154.46,26.26810601,27 Years and 10 Months,No,0,589.8279399,Low_spent_Medium_value_payments,731.7747268,Standard,,,,,,,,,,,,
January,55,Herbert Lashb,36,17251.38,1654.615,6,514,7,7,"Personal Loan, Student Loan, Home Equity Loan, Not Specified, Home Equity Loan, Home Equity Loan, and Mortgage Loan",8,13,15.06,6,,2431.64,29.41972183,11 Years and 4 Months,Yes,57.35116519,,LowspentSmallvaluepayments,273.3735401,Standard,,,,,,,,,,,,
February,55,Herbert Lashb,36,17251.38,1654.615,6,3,7,7,"Personal Loan, Student Loan, Home Equity Loan, Not Specified, Home Equity Loan, Home Equity Loan, and Mortgage Loan",8,15,15.06,6,Standard,2431.64,37.22594439,11 Years and 5 Months,NM,57.35116519,26.59867398,HighspentLargevaluepayments,321.5116608,Standard,,,,,,,,,,,,
March,55,Herbert Lashb,37,17251.38,1654.615,6,3,7,7,"Personal Loan, Student Loan, Home Equity Loan, Not Specified, Home Equity Loan, Home Equity Loan, and Mortgage Loan",5,12,15.06,6,Standard,2431.64,27.59559906,11 Years and 6 Months,Yes,57.35116519,132.443901,LowspentLargevaluepayments,245.6664338,Standard,,,,,,,,,,,,
April,55,,37,17251.38,1654.615,6,3,7,7,"Personal Loan, Student Loan, Home Equity Loan, Not Specified, Home Equity Loan, Home Equity Loan, and Mortgage Loan",10,15,15.06,6,Standard,2431.64,28.12269302,11 Years and 7 Months,Yes,57.35116519,169.3026601,LowspentSmallvaluepayments,228.8076747,Standard,,,,,,,,,,,,
May,55,,37,17251.38,1654.615,6,3,7,7,"Personal Loan, Student Loan, Home Equity Loan, Not Specified, Home Equity Loan, Home Equity Loan, and Mortgage Loan",8,15,15.06,10,Standard,2431.64,33.91486539,11 Years and 8 Months,Yes,57.35116519,71.9105158,HighspentSmallvaluepayments,296.199819,Standard,,,,,,,,,,,,
June,55,Herbert Lashb,37,17251.38,1654.615,6,3,7,7,"Personal Loan, Student Loan, Home Equity Loan, Not Specified, Home Equity Loan, Home Equity Loan, and Mortgage Loan",5,15,15.06,10,Standard,2431.64,32.70581751,11 Years and 9 Months,Yes,57.35116519,54.07668314,LowspentMediumvaluepayments,334.0336517,Standard,,,,,,,,,,,,
July,55,Herbert Lashb,37,17251.38,1654.615,6,3,7,7,"Personal Loan, Student Loan, Home Equity Loan, Not Specified, Home Equity Loan, Home Equity Loan, and Mortgage Loan",8,15,15.06,,Standard,2431.64,31.30660977,11 Years and 10 Months,Yes,57.35116519,93.28420494,Low_spent_Small_value_payments,304.8261299,Standard,,,,,,,,,,,,
August,55,Herbert Lashb,37,17251.38,,6,3,7,7,"Personal Loan, Student Loan, Home Equity Loan, Not Specified, Home Equity Loan, Home Equity Loan, and Mortgage Loan",3,15,15.06,10,Standard,2431.64,32.94484421,NA,Yes,57.35116519,23.47260473,High_spent_Large_value_payments,324.6377301,Standard,,,,,,,,,,,,
January,56,Christophd,22,36822.29,3132.524167,8,7,6,4,"Not Specified, Personal Loan, Credit-Builder Loan, and Home Equity Loan",14,19,5.79,4,Standard,125.25,26.61287178,NA,No,81441,121.4083759,LowspentSmallvaluepayments,386.0433278,Standard,,,,,,,,,,,,
February,56,Christophd,22,36822.29,3132.524167,8,7,6,4,"Not Specified, Personal Loan, Credit-Builder Loan, and Home Equity Loan",14,19,5.79,4,Standard,125.25,23.33674451,24 Years and 9 Months,No,95.80071292,259.7908045,LowspentLargevaluepayments,227.6608993,Standard,,,,,,,,,,,,
March,56,Christophd,23,36822.29,3132.524167,8,7,6,4,"Not Specified, Personal Loan, Credit-Builder Loan, and Home Equity Loan",14,17,5.79,5,,125.25,29.24844181,24 Years and 10 Months,No,95.80071292,132.9440996,LowspentLargevaluepayments,354.5076041,Standard,,,,,,,,,,,,
April,56,Christophd,23,36822.29,3132.524167,8,7,6,4,"Not Specified, Personal Loan, Credit-Builder Loan, and Home Equity Loan",14,19,5.79,5,Standard,125.25,35.08033049,24 Years and 11 Months,No,95.80071292,73.93253934,HighspentLargevaluepayments,383.5191644,Good,,,,,,,,,,,,
May,56,Christophd,23,36822.29,3132.524167,8,7,6,4,"Not Specified, Personal Loan, Credit-Builder Loan, and Home Equity Loan",14,19,5.79,5,,125.25,28.3106512,25 Years and 0 Months,No,95.80071292,114.4824364,HighspentMediumvaluepayments,352.9692673,Good,,,,,,,,,,,,
June,56,Christophd,23,36822.29,3132.524167,8,7,6,4,"Not Specified, Personal Loan, Credit-Builder Loan, and Home Equity Loan",16,18,5.79,5,Standard,125.25,39.64980173,25 Years and 1 Months,No,95.80071292,38.11405466,HighspentMediumvaluepayments,429.3376491,Good,,,,,,,,,,,,
July,56,Christophd,23,36822.29,3132.524167,8,7,6,4,"Not Specified, Personal Loan, Credit-Builder Loan, and Home Equity Loan",14,20,5.79,5,_,125.25,34.63833719,25 Years and 2 Months,No,95.80071292,41.52981324,High_spent_Medium_value_payments,425.9218905,Good,,,,,,,,,,,,
August,56,Christophd,23,36822.29,3132.524167,8,7,6,4,"Not Specified, Personal Loan, Credit-Builder Loan, and Home Equity Loan",15,19,5.79,5,Standard,125.25,39.05658586,25 Years and 3 Months,No,95.80071292,251.9834114,Low_spent_Medium_value_payments,245.4682923,Good,,,,,,,,,,,,
January,57,Mikeh,25,80108.31,6866.6925,5,3,17,0,,25,19,21.22,1,Standard,997.28,38.73267646,17 Years and 7 Months,Yes,0,107.0656525,!@9#%8,829.6035975,Standard,,,,,,,,,,,,
February,57,,25,80108.31,6866.6925,5,3,17,-100,,28,19,14.22,1,Standard,997.28,26.17314465,17 Years and 8 Months,Yes,0,52.18981024,HighspentLargevaluepayments,874.4794398,Standard,,,,,,,,,,,,
March,57,Mikeh,25,80108.31,6866.6925,5,3,17,0,,25,16,14.22,1,Standard,997.28,26.72857312,17 Years and 9 Months,Yes,0,549.0992911,LowspentLargevaluepayments,407.5699589,Standard,,,,,,,,,,,,
April,57,Mikeh,25,80108.31,6866.6925,5,3,17,0,,20,21,14.22,1,Standard,997.28,39.91463675,17 Years and 10 Months,Yes,0,123.1885231,HighspentLargevaluepayments,803.4807269,Standard,,,,,,,,,,,,
May,57,Mikeh,25,80108.31,6866.6925,5,3,17,0,,25,19,14.22,1,,997.28,32.94802192,17 Years and 11 Months,Yes,0,341.3768772,LowspentMediumvaluepayments,625.2923728,Standard,,,,,,,,,,,,
June,57,Mikeh,25,80108.31,6866.6925,5,3,17,0,,25,,14.22,1,,997.28,32.40424137,18 Years and 0 Months,Yes,0,228.0964591,HighspentMediumvaluepayments,708.5727909,Standard,,,,,,,,,,,,
July,57,Mikeh,25,80108.31,,5,3,17,0,,25,19,14.22,4,Standard,997.28,39.36288149,18 Years and 1 Months,Yes,0,127.2650164,High_spent_Large_value_payments,799.4042336,Standard,,,,,,,,,,,,
August,57,Mikeh,25,80108.31,6866.6925,5,3,17,0,,25,19,14.22,4,Standard,997.28,28.12327833,18 Years and 2 Months,Yes,0,127.886289,!@9#%8,808.782961,Standard,,,,,,,,,,,,
January,58,Tim Hepherp,20,69977.6,5978.466667,10,7,20,9,"Auto Loan, Personal Loan, Mortgage Loan, Auto Loan, Student Loan, Auto Loan, Mortgage Loan, Student Loan, and Auto Loan",49,18,6.81,11,,3042.36,37.2171993,12 Years and 8 Months,Yes,485.750431,405.1493636,LowspentSmallvaluepayments,0,Standard,,,,,,,,,,,,
February,58,Tim Hepherp,20,69977.6,5978.466667,10,7,20,9,"Auto Loan, Personal Loan, Mortgage Loan, Auto Loan, Student Loan, Auto Loan, Mortgage Loan, Student Loan, and Auto Loan",49,18,6.81,11,Bad,3042.36,30.46783632,12 Years and 9 Months,Yes,485.750431,470.8372043,LowspentLargevaluepayments,0,Poor,,,,,,,,,,,,
March,58,Tim Hepherp,20,69977.6,5978.466667,10,7,20,9,"Auto Loan, Personal Loan, Mortgage Loan, Auto Loan, Student Loan, Auto Loan, Mortgage Loan, Student Loan, and Auto Loan",49,18,6.81,11,Bad,3042.36,35.60710564,12 Years and 10 Months,Yes,485.750431,177.9055932,LowspentMediumvaluepayments,214.1906424,Standard,,,,,,,,,,,,
April,58,,20,69977.6,5978.466667,10,7,20,9,"Auto Loan, Personal Loan, Mortgage Loan, Auto Loan, Student Loan, Auto Loan, Mortgage Loan, Student Loan, and Auto Loan",49,18,6.81,11,,3042.36,23.84176883,NA,Yes,485.750431,250.7661703,LowspentMediumvaluepayments,141.3300654,Poor,,,,,,,,,,,,
May,58,Tim Hepherp,20,69977.6,5978.466667,10,7,20,9,"Auto Loan, Personal Loan, Mortgage Loan, Auto Loan, Student Loan, Auto Loan, Mortgage Loan, Student Loan, and Auto Loan",49,18,6.81,11,Bad,3042.36,26.20467951,13 Years and 0 Months,Yes,485.750431,122.7310698,!@9#%8,229.3651659,Poor,,,,,,,,,,,,
June,58,Tim Hepherp,21,69977.6,5978.466667,10,7,20,9,"Auto Loan, Personal Loan, Mortgage Loan, Auto Loan, Student Loan, Auto Loan, Mortgage Loan, Student Loan, and Auto Loan",54,20,6.81,11,Bad,3042.36,28.13069484,NA,NM,485.750431,332.2100424,LowspentMediumvaluepayments,59.88619327,Poor,,,,,,,,,,,,
July,58,Tim Hepherp,21,69977.6,5978.466667,10,7,20,9,"Auto Loan, Personal Loan, Mortgage Loan, Auto Loan, Student Loan, Auto Loan, Mortgage Loan, Student Loan, and Auto Loan",49,19,6.81,11,Bad,3042.36,30.35127201,13 Years and 2 Months,Yes,485.750431,545.6759427,Low_spent_Medium_value_payments,0,Standard,,,,,,,,,,,,
August,58,Tim Hepherp,21,69977.6,5978.466667,10,7,20,9,"Auto Loan, Personal Loan, Mortgage Loan, Auto Loan, Student Loan, Auto Loan, Mortgage Loan, Student Loan, and Auto Loan",49,18,6.81,11,Bad,3042.36,36.25111095,NA,NM,485.750431,510.0147632,Low_spent_Large_value_payments,0,Standard,,,,,,,,,,,,
January,59,Granto,16,78988.48,6449.373333,9,5,29,7,"Auto Loan, Credit-Builder Loan, Mortgage Loan, Debt Consolidation Loan, Debt Consolidation Loan, Not Specified, and Debt Consolidation Loan",27,17,15.27,9,Bad,1746.9,34.70500518,10 Years and 1 Months,Yes,291.7827603,88.07126674,HighspentMediumvaluepayments,515.0833063,Poor,,,,,,,,,,,,
February,59,Granto,16,78988.48,6449.373333,9,5,29,7,"Auto Loan, Credit-Builder Loan, Mortgage Loan, Debt Consolidation Loan, Debt Consolidation Loan, Not Specified, and Debt Consolidation Loan",27,17,15.27,9,Bad,1746.9,35.1549357,10 Years and 2 Months,Yes,291.7827603,419.575712,HighspentSmallvaluepayments,193.578861,Poor,,,,,,,,,,,,
March,59,Granto,16,78988.48,6449.373333,9,5,29,7,"Auto Loan, Credit-Builder Loan, Mortgage Loan, Debt Consolidation Loan, Debt Consolidation Loan, Not Specified, and Debt Consolidation Loan",27,17,15.27,9,Bad,1746.9,28.38967163,10 Years and 3 Months,Yes,291.7827603,295.6050491,LowspentLargevaluepayments,327.5495239,Poor,,,,,,,,,,,,
April,59,Granto,16,78988.48,6449.373333,9,5,29,7,"Auto Loan, Credit-Builder Loan, Mortgage Loan, Debt Consolidation Loan, Debt Consolidation Loan, Not Specified, and Debt Consolidation Loan",27,17,15.27,9,Bad,1746.9,39.64707758,10 Years and 4 Months,Yes,291.7827603,178.1531521,!@9#%8,455.0014209,Standard,,,,,,,,,,,,
May,59,Granto,16,78988.48,6449.373333,9,5,29,7,"Auto Loan, Credit-Builder Loan, Mortgage Loan, Debt Consolidation Loan, Debt Consolidation Loan, Not Specified, and Debt Consolidation Loan",27,17,15.27,9,,1746.9,37.47919344,10 Years and 5 Months,Yes,291.7827603,,LowspentMediumvaluepayments,75.19634822,Poor,,,,,,,,,,,,
June,59,Granto,16,78988.48,6449.373333,9,5,29,7,"Auto Loan, Credit-Builder Loan, Mortgage Loan, Debt Consolidation Loan, Debt Consolidation Loan, Not Specified, and Debt Consolidation Loan",27,15,15.27,9,Bad,1746.9,32.4955483,10 Years and 6 Months,Yes,291.7827603,399.2485836,LowspentMediumvaluepayments,233.9059894,Poor,,,,,,,,,,,,
July,59,Granto,16,78988.48,6449.373333,9,5,29,7,"Auto Loan, Credit-Builder Loan, Mortgage Loan, Debt Consolidation Loan, Debt Consolidation Loan, Not Specified, and Debt Consolidation Loan",22,17,_,9,Bad,1746.9,38.1635711,10 Years and 7 Months,NM,291.7827603,456.3694645,Low_spent_Medium_value_payments,176.7851085,Poor,,,,,,,,,,,,
August,59,Granto,16,78988.48,6449.373333,9,5,29,7,"Auto Loan, Credit-Builder Loan, Mortgage Loan, Debt Consolidation Loan, Debt Consolidation Loan, Not Specified, and Debt Consolidation Loan",27,17,10.27,9,Bad,1746.9,28.95543808,10 Years and 8 Months,Yes,291.7827603,162.0816014,!@9#%8,431.0729716,Poor,,,,,,,,,,,,
January,60,Ermans,45,41746.76,3651.896667,8,5,5261,3,"Mortgage Loan, Personal Loan, and Not Specified",62,21,9.81,8,Bad,1936.79,37.70526076,19 Years and 1 Months,Yes,102.2833975,425.1038222,LowspentSmallvaluepayments,127.8024469,Poor,,,,,,,,,,,,
February,60,Ermans,45,41746.76,3651.896667,8,5,31,3,"Mortgage Loan, Personal Loan, and Not Specified",62,22,9.81,8,Bad,1936.79,30.0899524,19 Years and 2 Months,Yes,102.2833975,31.56000966,HighspentLargevaluepayments,471.3462595,Standard,,,,,,,,,,,,
March,60,Ermans,45,41746.76,3651.896667,8,5,31,3,"Mortgage Loan, Personal Loan, and Not Specified",62,20,3.81,8,Bad,1936.79,24.03858303,19 Years and 3 Months,Yes,102.2833975,150.747271,HighspentMediumvaluepayments,362.1589981,Standard,,,,,,,,,,,,
April,60,Ermans,45,41746.76,3651.896667,8,5,31,3,"Mortgage Loan, Personal Loan, and Not Specified",62,21,9.81,11,Bad,1936.79,37.58178658,19 Years and 4 Months,Yes,102.2833975,134.42247,LowspentLargevaluepayments,398.4837991,Poor,,,,,,,,,,,,
May,60,Ermans,45,41746.76,3651.896667,8,5,31,3,"Mortgage Loan, Personal Loan, and Not Specified",62,18,9.81,11,Bad,1936.79,30.25268542,19 Years and 5 Months,Yes,102.2833975,42.79187097,HighspentLargevaluepayments,460.1143982,Standard,,,,,,,,,,,,
June,60,Ermans,46,41746.76,3651.896667,8,5,31,3,"Mortgage Loan, Personal Loan, and Not Specified",67,21,9.81,11,Bad,1936.79,32.15961047,19 Years and 6 Months,Yes,102.2833975,199.1276057,HighspentSmallvaluepayments,323.7786634,Poor,,,,,,,,,,,,
July,60,Ermans,46,41746.76,,8,5,31,3,"Mortgage Loan, Personal Loan, and Not Specified",59,23,9.81,11,Bad,1936.79,23.1789381,19 Years and 7 Months,Yes,102.2833975,143.6062003,Low_spent_Small_value_payments,409.3000689,Poor,,,,,,,,,,,,
August,60,Ermans,46,41746.76,3651.896667,8,5,31,3,"Mortgage Loan, Personal Loan, and Not Specified",62,21,9.81,11,Bad,1936.79,32.94553479,NA,Yes,102.2833975,85.99686894,High_spent_Large_value_payments,416.9094002,Poor,,,,,,,,,,,,
January,61,Isabel Reynoldsb,21,19981.6,1459.133333,10,8,20,7,"Credit-Builder Loan, Home Equity Loan, Home Equity Loan, Student Loan, Student Loan, Home Equity Loan, and Credit-Builder Loan",54,,23.58,12,Bad,4834.59,38.16554553,10 Years and 2 Months,NM,78.41827155,69.78240333,LowspentSmallvaluepayments,287.7126585,Standard,,,,,,,,,,,,
February,61,Isabel Reynoldsb,21,19981.6,1459.133333,10,8,20,7,"Credit-Builder Loan, Home Equity Loan, Home Equity Loan, Student Loan, Student Loan, Home Equity Loan, and Credit-Builder Loan",54,21,23.58,12,,4834.59,29.04463822,10 Years and 3 Months,Yes,78.41827155,35.92166782,HighspentSmallvaluepayments,291.573394,Poor,,,,,,,,,,,,
March,61,Isabel Reynoldsb,22,19981.6,1459.133333,10,8,3238,7,"Credit-Builder Loan, Home Equity Loan, Home Equity Loan, Student Loan, Student Loan, Home Equity Loan, and Credit-Builder Loan",54,21,23.58,12,,4834.59,26.7842801,NA,Yes,78.41827155,,LowspentMediumvaluepayments,236.9991171,Poor,,,,,,,,,,,,
April,61,Isabel Reynoldsb,22,19981.6,1459.133333,10,8,20,7,"Credit-Builder Loan, Home Equity Loan, Home Equity Loan, Student Loan, Student Loan, Home Equity Loan, and Credit-Builder Loan",54,21,23.58,,Bad,4834.59,35.05013881,10 Years and 5 Months,Yes,78.41827155,69.46880384,LowspentMediumvaluepayments,278.0262579,Poor,,,,,,,,,,,,
May,61,Isabel Reynoldsb,22,19981.6,1459.133333,10,8,20,7,"Credit-Builder Loan, Home Equity Loan, Home Equity Loan, Student Loan, Student Loan, Home Equity Loan, and Credit-Builder Loan",54,21,23.58,12,,4834.59,34.31347599,10 Years and 6 Months,Yes,78.41827155,10000,LowspentSmallvaluepayments,239.4320793,Poor,,,,,,,,,,,,
June,61,Isabel Reynoldsb,22,19981.6,1459.133333,10,8,20,7,"Credit-Builder Loan, Home Equity Loan, Home Equity Loan, Student Loan, Student Loan, Home Equity Loan, and Credit-Builder Loan",54,19,23.58,12,,4834.59,38.9777452,10 Years and 7 Months,NM,78.41827155,42.4353362,HighspentSmallvaluepayments,285.0597256,Standard,,,,,,,,,,,,
July,61,Isabel Reynoldsb,22,19981.6,1459.133333,10,8,20,7_,"Credit-Builder Loan, Home Equity Loan, Home Equity Loan, Student Loan, Student Loan, Home Equity Loan, and Credit-Builder Loan",54,23,23.58,12,_,4834.59,32.41892514,10 Years and 8 Months,Yes,78.41827155,130.8351969,Low_spent_Large_value_payments,206.6598648,Poor,,,,,,,,,,,,
August,61,Isabel Reynoldsb,22,19981.6,1459.133333,10,8,20,7,"Credit-Builder Loan, Home Equity Loan, Home Equity Loan, Student Loan, Student Loan, Home Equity Loan, and Credit-Builder Loan",54,21,23.58,12,Bad,4834.59,30.8132951,10 Years and 9 Months,Yes,78.41827155,171.6398273,Low_spent_Small_value_payments,185.8552345,Poor,,,,,,,,,,,,
January,62,Laup,18,73737.36,5936.78,7,3,18,4,"Not Specified, Credit-Builder Loan, Payday Loan, and Credit-Builder Loan",20,,13.92,2,Standard,1219.39,34.50073214,31 Years and 1 Months,Yes,214.8134632,77.2660256,HighspentLargevaluepayments,541.5985112,Standard,,,,,,,,,,,,
February,62,Laup,19,73737.36,5936.78,7,3,18,4,"Not Specified, Credit-Builder Loan, Payday Loan, and Credit-Builder Loan",20,20,14.92,2,Standard,1219.39,35.72613069,31 Years and 2 Months,Yes,214.8134632,113.162405,HighspentMediumvaluepayments,515.7021318,Standard,,,,,,,,,,,,
March,62,Laup,19,73737.36,5936.78,7,3,18,4,"Not Specified, Credit-Builder Loan, Payday Loan, and Credit-Builder Loan",20,17,19.92,2,,1219.39,37.97265478,31 Years and 3 Months,Yes,214.8134632,321.1426678,LowspentMediumvaluepayments,337.721869,Standard,,,,,,,,,,,,
April,62,,19,73737.36,5936.78,7,3,18,4,"Not Specified, Credit-Builder Loan, Payday Loan, and Credit-Builder Loan",20,17,13.92,2,Standard,1219.39,34.81301084,31 Years and 4 Months,Yes,214.8134632,153.8744615,HighspentMediumvaluepayments,474.9900753,Standard,,,,,,,,,,,,
May,62,Laup,19,73737.36,5936.78,7,3,18,4,"Not Specified, Credit-Builder Loan, Payday Loan, and Credit-Builder Loan",15,20,13.92,2,Standard,1219.39,33.0159281,31 Years and 5 Months,Yes,214.8134632,424.0584112,LowspentSmallvaluepayments,244.8061256,Standard,,,,,,,,,,,,
June,62,Laup,19,73737.36,5936.78,7,3,18,4,"Not Specified, Credit-Builder Loan, Payday Loan, and Credit-Builder Loan",20,20,13.92,2,Standard,1219.39,26.38962385,31 Years and 6 Months,Yes,214.8134632,188.5743324,HighspentMediumvaluepayments,440.2902044,Standard,,,,,,,,,,,,
July,62,Laup,19,73737.36_,5936.78,7,3,18,4_,"Not Specified, Credit-Builder Loan, Payday Loan, and Credit-Builder Loan",20,20,13.92,2,Standard,1219.39,26.72895815,31 Years and 7 Months,Yes,214.8134632,245.0679747,!@9#%8,413.7965621,Standard,,,,,,,,,,,,
August,62,Laup,19,73737.36,,7,3,18,4,"Not Specified, Credit-Builder Loan, Payday Loan, and Credit-Builder Loan",20,17,13.92,2,Standard,1219.39,37.84472129,31 Years and 8 Months,Yes,214.8134632,428.4559993,Low_spent_Large_value_payments,220.4085375,Standard,,,,,,,,,,,,
January,63,Christopher Doeringv,33,88362.46,7255.538333,5,2,8,3,"Debt Consolidation Loan, Home Equity Loan, and Personal Loan",17,5,11.01,4,Good,325.93,26.64350552,NA,No,211.1843903,185.3272952,HighspentLargevaluepayments,569.0421478,Good,,,,,,,,,,,,
February,63,Christopher Doeringv,33,88362.46,7255.538333,5,2,8,3,"Debt Consolidation Loan, Home Equity Loan, and Personal Loan",15,10,9.01,4,Good,325.93,36.5905132,30 Years and 9 Months,No,211.1843903,472.7754275,LowspentMediumvaluepayments,321.5940155,Good,,,,,,,,,,,,
March,63,Christopher Doeringv,33,88362.46,7255.538333,5,2,8,3,"Debt Consolidation Loan, Home Equity Loan, and Personal Loan",17,8,11.01,4,Good,325.93,26.86579943,30 Years and 10 Months,No,211.1843903,187.5698797,HighspentSmallvaluepayments,586.7995633,Standard,,,,,,,,,,,,
April,63,Christopher Doeringv,34,88362.46,7255.538333,5,2,8,3,"Debt Consolidation Loan, Home Equity Loan, and Personal Loan",15,8,11.01,4,Good,325.93,31.5286769,30 Years and 11 Months,No,211.1843903,283.3812328,HighspentMediumvaluepayments,480.9882102,Good,,,,,,,,,,,,
May,63,Christopher Doeringv,34,88362.46,7255.538333,5,2,8,3,"Debt Consolidation Loan, Home Equity Loan, and Personal Loan",15,8,11.01,6,,325.93,30.30042098,31 Years and 0 Months,NM,211.1843903,,LowspentSmallvaluepayments,40.66430409,Good,,,,,,,,,,,,
June,63,Christopher Doeringv,34,88362.46,7255.538333,5,2,8,3,"Debt Consolidation Loan, Home Equity Loan, and Personal Loan",15,6,11.01,6,Good,325.93,38.41963348,31 Years and 1 Months,No,211.1843903,214.6101098,LowspentMediumvaluepayments,579.7593332,Good,,,,,,,,,,,,
July,63,Christopher Doeringv,34,88362.46,7255.538333,5,2,8,3,"Debt Consolidation Loan, Home Equity Loan, and Personal Loan",15,,11.01,6,Good,325.93,22.7838452,NA,No,211.1843903,354.4591577,High_spent_Small_value_payments,419.9102852,Good,,,,,,,,,,,,
August,63,Christopher Doeringv,34,88362.46,,5,2,8,3,"Debt Consolidation Loan, Home Equity Loan, and Personal Loan",15,7,11.01,1251,Good,325.93,36.53896301,31 Years and 3 Months,No,211.1843903,80.07134636,High_spent_Large_value_payments,674.2980966,Good,,,,,,,,,,,,
January,64,Michelley,45,118248.6,10115.05,5,1,4,0,,13,10,3.69,4,Good,191.09,29.14953015,17 Years and 1 Months,NM,0,227.6187415,HighspentLargevaluepayments,1023.886258,Good,,,,,,,,,,,,
February,64,Michelley,45,118248.6,10115.05,5,1,4,0,,13,10,3.69,4,,191.09,34.34487102,17 Years and 2 Months,No,0,338.7642171,LowspentLargevaluepayments,942.7407829,Standard,,,,,,,,,,,,
March,64,Michelley,45,118248.6,10115.05,5,1,4,0,,13,7,-0.31,4,Good,191.09,32.68206167,17 Years and 3 Months,No,0,545.8997341,LowspentSmallvaluepayments,755.6052659,Good,,,,,,,,,,,,
April,64,Michelley,45,118248.6,10115.05,5,1,4,0,,13,7,3.69,4,Good,191.09,44.24642053,17 Years and 4 Months,No,0,10000,HighspentMediumvaluepayments,1142.147936,Good,,,,,,,,,,,,
May,64,Michelley,45,118248.6,10115.05,5,1,4,0,,13,10,3.69,8,Good,191.09,29.32435284,17 Years and 5 Months,NM,0,670.5779061,HighspentSmallvaluepayments,600.9270939,Standard,,,,,,,,,,,,
June,64,Michelley,45,118248.6,10115.05,5,1,4,0,,13,10,3.69,8,Good,191.09,43.96183939,17 Years and 6 Months,No,0,324.6255705,HighspentMediumvaluepayments,936.8794295,Good,,,,,,,,,,,,
July,64,Michelley,45,118248.6,10115.05,5,1,4,0,,13,,4.69,8,Good,191.09,33.22380962,17 Years and 7 Months,No,0,509.4292024,Low_spent_Medium_value_payments,782.0757976,Good,,,,,,,,,,,,
August,64,Michelley,45,118248.6,10115.05,5,1,4,0,,18,13,3.69,8,Good,191.09,29.42716484,17 Years and 8 Months,NM,0,614.4651135,Low_spent_Small_value_payments,687.0398865,Good,,,,,,,,,,,,
January,65,Stempelp,26,60162.1,5197.508333,5,7,5,7,"Student Loan, Student Loan, Student Loan, Debt Consolidation Loan, Home Equity Loan, Debt Consolidation Loan, and Payday Loan",18,10,14.79,7,Standard,1037.45,36.35924552,13 Years and 2 Months,Yes,220.2137267,80.01264638,HighspentMediumvaluepayments,469.5244602,Standard,,,,,,,,,,,,
February,65,Stempelp,26,60162.1,5197.508333,5,7,5,7,"Student Loan, Student Loan, Student Loan, Debt Consolidation Loan, Home Equity Loan, Debt Consolidation Loan, and Payday Loan",18,10,14.79,7,Standard,1037.45,33.18394227,13 Years and 3 Months,Yes,220.2137267,153.4475402,HighspentMediumvaluepayments,396.0895664,Standard,,,,,,,,,,,,
March,65,Stempelp,26,60162.1,5197.508333,5,7,2607,-100,"Student Loan, Student Loan, Student Loan, Debt Consolidation Loan, Home Equity Loan, Debt Consolidation Loan, and Payday Loan",18,10,18.79,7,Standard,1037.45,30.91438852,13 Years and 4 Months,Yes,220.2137267,184.5531485,HighspentMediumvaluepayments,364.9839581,Standard,,,,,,,,,,,,
April,65,Stempelp,26,60162.1,5197.508333,5,7,5,7,"Student Loan, Student Loan, Student Loan, Debt Consolidation Loan, Home Equity Loan, Debt Consolidation Loan, and Payday Loan",18,12,14.79,9,Standard,1037.45,27.6412103,13 Years and 5 Months,Yes,220.2137267,356.3858247,LowspentLargevaluepayments,213.1512819,Standard,,,,,,,,,,,,
May,65,Stempelp,26,60162.1,5197.508333,5,7,5,7,"Student Loan, Student Loan, Student Loan, Debt Consolidation Loan, Home Equity Loan, Debt Consolidation Loan, and Payday Loan",17,10,14.79,9,,1037.45,32.16686073,13 Years and 6 Months,Yes,220.2137267,96.8446731,HighspentMediumvaluepayments,452.6924335,Standard,,,,,,,,,,,,
June,65,Stempelp,26,60162.1,5197.508333,5,7,5,7,"Student Loan, Student Loan, Student Loan, Debt Consolidation Loan, Home Equity Loan, Debt Consolidation Loan, and Payday Loan",18,11,14.79,9,Standard,1037.45,28.73291735,NA,Yes,220.2137267,450.5601781,LowspentLargevaluepayments,118.9769286,Standard,,,,,,,,,,,,
July,65,,26,60162.1,5197.508333,5,7,5,7,"Student Loan, Student Loan, Student Loan, Debt Consolidation Loan, Home Equity Loan, Debt Consolidation Loan, and Payday Loan",18,13,14.79,9,Standard,1037.45,25.52559354,13 Years and 8 Months,Yes,220.2137267,10000,High_spent_Large_value_payments,451.8138963,Standard,,,,,,,,,,,,
August,65,Stempelp,26,60162.1,5197.508333,5,7,5,7,"Student Loan, Student Loan, Student Loan, Debt Consolidation Loan, Home Equity Loan, Debt Consolidation Loan, and Payday Loan",18,10,12.79,9,Standard,1037.45,32.07861888,13 Years and 9 Months,Yes,50812,231.7664674,Low_spent_Medium_value_payments,347.7706392,Standard,,,,,,,,,,,,
January,66,Wohli,17,75273.24,6552.77,8,943,32,5,"Home Equity Loan, Credit-Builder Loan, Debt Consolidation Loan, Payday Loan, and Home Equity Loan",50,9,12.8,6,,2497.34,33.59482507,5 Years and 2 Months,NM,222.6190561,124.6322882,HighspentLargevaluepayments,548.0256556,Standard,,,,,,,,,,,,
February,66,Wohli,17,75273.24,6552.77,8,6,32,5,"Home Equity Loan, Credit-Builder Loan, Debt Consolidation Loan, Payday Loan, and Home Equity Loan",48,9,19.8,6,Standard,2497.34,24.82967191,5 Years and 3 Months,Yes,222.6190561,482.0882842,LowspentLargevaluepayments,220.5696597,Poor,,,,,,,,,,,,
March,66,Wohli,17,75273.24,6552.77,8,6,32,5,"Home Equity Loan, Credit-Builder Loan, Debt Consolidation Loan, Payday Loan, and Home Equity Loan",50,10,12.8,6,,2497.34,39.15098231,5 Years and 4 Months,Yes,222.6190561,162.1888645,HighspentLargevaluepayments,510.4690793,Standard,,,,,,,,,,,,
April,66,Wohli,18,75273.24,6552.77,8,6,32,5,"Home Equity Loan, Credit-Builder Loan, Debt Consolidation Loan, Payday Loan, and Home Equity Loan",50,10,12.8,6,,2497.34,38.05213442,5 Years and 5 Months,Yes,222.6190561,170.3151592,HighspentMediumvaluepayments,512.3427847,Poor,,,,,,,,,,,,
May,66,Wohli,18,75273.24,6424.022011,8,6,32,5,"Home Equity Loan, Credit-Builder Loan, Debt Consolidation Loan, Payday Loan, and Home Equity Loan",50,9,12.8,8,Standard,2497.34,35.27464015,5 Years and 6 Months,NM,351.3670447,141.1879102,HighspentMediumvaluepayments,541.4700337,Standard,,,,,,,,,,,,
June,66,Wohli,18,75273.24,6424.022011,8,6,32,5,"Home Equity Loan, Credit-Builder Loan, Debt Consolidation Loan, Payday Loan, and Home Equity Loan",50,9,12.8,8,Standard,2497.34,37.90870332,5 Years and 7 Months,Yes,351.3670447,76.68731089,HighspentLargevaluepayments,595.970633,Poor,,,,,,,,,,,,
July,66,Wohli,18,75273.24,6424.022011,8,6,32,5,"Home Equity Loan, Credit-Builder Loan, Debt Consolidation Loan, Payday Loan, and Home Equity Loan",50,10,17.8,8,Standard,2497.34,33.04396326,5 Years and 8 Months,Yes,351.3670447,73.1795427,High_spent_Medium_value_payments,609.4784012,Poor,,,,,,,,,,,,
August,66,Wohli,18,75273.24,,8,6,32,5,"Home Equity Loan, Credit-Builder Loan, Debt Consolidation Loan, Payday Loan, and Home Equity Loan",50,11,12.8,8,Standard,2497.34,39.12441778,5 Years and 9 Months,Yes,351.3670447,369.4917202,Low_spent_Medium_value_payments,343.1662236,Standard,,,,,,,,,,,,
January,67,Goldsteinv,18,54820.89,4295.4075,8,7,28,6,"Home Equity Loan, Mortgage Loan, Debt Consolidation Loan, Home Equity Loan, Personal Loan, and Personal Loan",36,20,18.42,8,Bad,4795.13,35.80248914,2 Years and 11 Months,Yes,169.4819843,479.5857747,LowspentSmallvaluepayments,70.47299093,Standard,,,,,,,,,,,,
February,67,Goldsteinv,18,54820.89,4295.4075,8,7,28,6,"Home Equity Loan, Mortgage Loan, Debt Consolidation Loan, Home Equity Loan, Personal Loan, and Personal Loan",41,15,18.42,8,,4795.13,32.59131378,3 Years and 0 Months,Yes,169.4819843,229.8721223,LowspentSmallvaluepayments,320.1866434,Standard,,,,,,,,,,,,
March,67,Goldsteinv,18,54820.89,4295.4075,8,7,28,6,"Home Equity Loan, Mortgage Loan, Debt Consolidation Loan, Home Equity Loan, Personal Loan, and Personal Loan",41,17,18.42,8,,4795.13,25.92375905,3 Years and 1 Months,Yes,169.4819843,92.22239678,HighspentMediumvaluepayments,417.8363689,Standard,,,,,,,,,,,,
April,67,Goldsteinv,18,54820.89,4295.4075,8,7,28,6,"Home Equity Loan, Mortgage Loan, Debt Consolidation Loan, Home Equity Loan, Personal Loan, and Personal Loan",41,15,18.42,8,,4795.13,34.79256617,3 Years and 2 Months,Yes,169.4819843,87.26667315,HighspentLargevaluepayments,412.7920925,Standard,,,,,,,,,,,,
May,67,Goldsteinv,18,54820.89,4295.4075,8,7,28,6,"Home Equity Loan, Mortgage Loan, Debt Consolidation Loan, Home Equity Loan, Personal Loan, and Personal Loan",43,17,18.42,11,Bad,4795.13,28.62435875,3 Years and 3 Months,Yes,169.4819843,359.5541628,LowspentSmallvaluepayments,190.5046029,Standard,,,,,,,,,,,,
June,67,,18,54820.89,4295.4075,8,7,28,6,"Home Equity Loan, Mortgage Loan, Debt Consolidation Loan, Home Equity Loan, Personal Loan, and Personal Loan",41,17,18.42,11,Bad,4795.13,35.95384759,3 Years and 4 Months,Yes,169.4819843,,!@9#%8,260.3700816,Standard,,,,,,,,,,,,
July,67,Goldsteinv,18,54820.89,4295.4075,8,7,28,6,"Home Equity Loan, Mortgage Loan, Debt Consolidation Loan, Home Equity Loan, Personal Loan, and Personal Loan",41,17,18.42,11,Bad,4795.13,35.95969334,3 Years and 5 Months,NM,169.4819843,177.131669,High_spent_Medium_value_payments,332.9270967,Standard,,,,,,,,,,,,
August,67,Goldsteinv,18,54820.89,4295.4075,8,7,28,6,"Home Equity Loan, Mortgage Loan, Debt Consolidation Loan, Home Equity Loan, Personal Loan, and Personal Loan",41,17,18.42,11,Bad,4795.13,28.20185655,3 Years and 6 Months,Yes,169.4819843,118.8780759,High_spent_Medium_value_payments,391.1806898,Standard,,,,,,,,,,,,
January,68,Silvia Aloisiq,42,58674.66,4824.555,8,5,15,4,"Not Specified, Payday Loan, Auto Loan, and Home Equity Loan",57,23,2.29,,,2425.38,37.340892,13 Years and 1 Months,Yes,116.1034169,121.3798305,!@9#%8,484.9722526,Poor,,,,,,,,,,,,
February,68,Silvia Aloisiq,42,58674.66,4824.555,8,5,15,4,"Not Specified, Payday Loan, Auto Loan, and Home Equity Loan",57,23,1.29,11,,2425.38,25.16742497,13 Years and 2 Months,Yes,39347,262.7332958,LowspentSmallvaluepayments,393.6187872,Poor,,,,,,,,,,,,
March,68,Silvia Aloisiq,42,58674.66,4824.555,8,5,15,4,"Not Specified, Payday Loan, Auto Loan, and Home Equity Loan",59,23,6.29,11,Bad,2425.38,36.49072833,13 Years and 3 Months,Yes,116.1034169,182.5464906,LowspentMediumvaluepayments,463.8055925,Poor,,,,,,,,,,,,
April,68,Silvia Aloisiq,42,58674.66,4824.555,8,5,15,4,"Not Specified, Payday Loan, Auto Loan, and Home Equity Loan",57,,1.29,11,Bad,2425.38,24.82077382,13 Years and 4 Months,Yes,116.1034169,69.22823275,HighspentLargevaluepayments,537.1238503,Standard,,,,,,,,,,,,
May,68,Silvia Aloisiq,42,58674.66,4824.555,8,5,15,4,"Not Specified, Payday Loan, Auto Loan, and Home Equity Loan",57,23,1.29,11,Bad,2425.38,34.14221724,13 Years and 5 Months,Yes,3864,113.3959015,HighspentLargevaluepayments,492.9561816,Standard,,,,,,,,,,,,
June,68,Silvia Aloisiq,42,58674.66,4824.555,8,5,15,4,"Not Specified, Payday Loan, Auto Loan, and Home Equity Loan",57,25,1.29,11,Bad,2425.38,34.99081327,13 Years and 6 Months,Yes,116.1034169,628.7091521,LowspentSmallvaluepayments,27.64293096,Standard,,,,,,,,,,,,
July,68,Silvia Aloisiq,42,58674.66,4824.555,8,5,15,4,"Not Specified, Payday Loan, Auto Loan, and Home Equity Loan",62,,3.29,11,_,2425.38,37.04101847,13 Years and 7 Months,Yes,116.1034169,250.4828399,Low_spent_Medium_value_payments,395.8692432,Poor,,,,,,,,,,,,
August,68,Silvia Aloisiq,4431,58674.66,,8,5,15,4,"Not Specified, Payday Loan, Auto Loan, and Home Equity Loan",55,23,1.29,11,_,2425.38,33.80858373,13 Years and 8 Months,NM,116.1034169,334.2691645,Low_spent_Small_value_payments,322.0829186,Poor,,,,,,,,,,,,
January,69,Colew,30,30390.44,2721.536667,5,6,5,4,"Mortgage Loan, Student Loan, Not Specified, and Mortgage Loan",19,20,8.36,,Standard,580.31,26.97596095,24 Years and 3 Months,No,64.84803821,10000,HighspentMediumvaluepayments,407.2936282,Standard,,,,,,,,,,,,
February,69,Colew,30,30390.44,2721.536667,5,6,5,4,"Mortgage Loan, Student Loan, Not Specified, and Mortgage Loan",19,23,8.36,4,Standard,580.31,33.55567404,24 Years and 4 Months,No,64.84803821,149.6134397,LowspentLargevaluepayments,327.6921888,Standard,,,,,,,,,,,,
March,69,,30,30390.44,2721.536667,5,6,5,4,"Mortgage Loan, Student Loan, Not Specified, and Mortgage Loan",19,18,8.36,4,Standard,580.31,35.832413,24 Years and 5 Months,No,64.84803821,10000,HighspentSmallvaluepayments,327.4436392,Standard,,,,,,,,,,,,
April,69,Colew,30,30390.44,2721.536667,5,6,5,4,"Mortgage Loan, Student Loan, Not Specified, and Mortgage Loan",19,17,8.36,4,Standard,580.31,34.53357345,24 Years and 6 Months,No,64.84803821,60.91459665,HighspentMediumvaluepayments,396.3910318,Standard,,,,,,,,,,,,
May,69,Colew,30,30390.44,2721.536667,5,6,5,4,"Mortgage Loan, Student Loan, Not Specified, and Mortgage Loan",15,18,8.36,4,Standard,580.31,38.00156519,24 Years and 7 Months,No,64504,169.8763743,LowspentLargevaluepayments,307.4292542,Standard,,,,,,,,,,,,
June,69,Colew,30,30390.44,2721.536667,5,6,5,4,"Mortgage Loan, Student Loan, Not Specified, and Mortgage Loan",16,20,8.36,4,Standard,580.31,31.07504071,24 Years and 8 Months,No,64.84803821,225.9197881,LowspentSmallvaluepayments,271.3858404,Standard,,,,,,,,,,,,
July,69,,30,30390.44,,5,6,5,4,"Mortgage Loan, Student Loan, Not Specified, and Mortgage Loan",19,21,13.36,4,_,580.31,26.54289675,24 Years and 9 Months,No,64.84803821,68.78610897,High_spent_Large_value_payments,378.5195195,Standard,,,,,,,,,,,,
August,69,Colew,30,30390.44,2721.536667,5,6,5,4,"Mortgage Loan, Student Loan, Not Specified, and Mortgage Loan",19,20,8.36,4,Standard,580.31,22.96052767,NA,No,64.84803821,127.935178,Low_spent_Small_value_payments,369.3704505,Standard,,,,,,,,,,,,
January,70,Longstrethy,42,45207.54,3507.295,8,8,24,6,"Mortgage Loan, Auto Loan, Personal Loan, Student Loan, Home Equity Loan, and Student Loan",21,20,9.78,9,Bad,2497.48,26.63171974,16 Years and 4 Months,Yes,148.9132734,39.83022939,!@9#%8,401.9859972,Poor,,,,,,,,,,,,
February,70,Longstrethy,42,45207.54,3507.295,8,8,24,6,"Mortgage Loan, Auto Loan, Personal Loan, Student Loan, Home Equity Loan, and Student Loan",24,22,9.78,9,Bad,2497.48,33.88856426,16 Years and 5 Months,Yes,148.9132734,375.7330662,LowspentSmallvaluepayments,116.0831604,Poor,,,,,,,,,,,,
March,70,Longstrethy,42,45207.54,3507.295,8,8,24,6,"Mortgage Loan, Auto Loan, Personal Loan, Student Loan, Home Equity Loan, and Student Loan",26,21,4.78,9,Bad,2497.48,24.30177052,16 Years and 6 Months,Yes,148.9132734,10000,HighspentMediumvaluepayments,407.1341931,Poor,,,,,,,,,,,,
April,70,Longstrethy,42,45207.54,3507.295,8,8,24,6,"Mortgage Loan, Auto Loan, Personal Loan, Student Loan, Home Equity Loan, and Student Loan",21,20,9.78,9,Bad,2497.48,29.57534481,16 Years and 7 Months,Yes,148.9132734,131.096168,HighspentMediumvaluepayments,320.7200586,Poor,,,,,,,,,,,,
May,70,Longstrethy,43,45207.54,3507.295,8,8,24,6,"Mortgage Loan, Auto Loan, Personal Loan, Student Loan, Home Equity Loan, and Student Loan",25,20,9.78,9,Bad,2497.48,28.94303915,16 Years and 8 Months,Yes,148.9132734,119.0870984,LowspentMediumvaluepayments,362.7291282,Poor,,,,,,,,,,,,
June,70,Longstrethy,43,45207.54,3507.295,8,8,24,6,"Mortgage Loan, Auto Loan, Personal Loan, Student Loan, Home Equity Loan, and Student Loan",24,23,9.78,9,Bad,2497.48,22.50520105,16 Years and 9 Months,Yes,148.9132734,55.56367935,HighspentMediumvaluepayments,396.2525472,Poor,,,,,,,,,,,,
July,70,Longstrethy,43,45207.54,,8,8,24,6,"Mortgage Loan, Auto Loan, Personal Loan, Student Loan, Home Equity Loan, and Student Loan",22,20,9.78,9,Bad,2497.48,28.69336879,16 Years and 10 Months,Yes,148.9132734,154.8627585,High_spent_Small_value_payments,306.953468,Poor,,,,,,,,,,,,
August,70,Longstrethy,43,45207.54,3507.295,8,8,2724,6,"Mortgage Loan, Auto Loan, Personal Loan, Student Loan, Home Equity Loan, and Student Loan",24,20,9.78,13,Bad,2497.48,25.09430322,16 Years and 11 Months,Yes,148.9132734,331.9257292,!@9#%8,159.8904974,Poor,,,,,,,,,,,,
January,71,Lisah,18,144546.72,11809.56,0,3,7,2,"Payday Loan, and Not Specified",15,7,6.08,1,Good,1045.11,40.84068721,22 Years and 11 Months,No,136.9885566,573.4115905,HighspentSmallvaluepayments,730.5558529,Standard,,,,,,,,,,,,
February,71,,18,144546.72,11809.56,0,3,7,2,"Payday Loan, and Not Specified",15,,6.08,1,Good,1045.11,36.33873578,23 Years and 0 Months,No,136.9885566,,HighspentLargevaluepayments,1026.919211,Standard,,,,,,,,,,,,
March,71,Lisah,18,144546.72,11809.56,0,3,7,2,"Payday Loan, and Not Specified",15,8,12.08,1,Good,1045.11,43.6110939,NA,No,136.9885566,103.9012093,HighspentLargevaluepayments,1180.066234,Standard,,,,,,,,,,,,
April,71,Lisah,18,144546.72,11809.56,0,3,7,2,"Payday Loan, and Not Specified",15,,6.08,1,,1045.11,31.33767968,23 Years and 2 Months,No,136.9885566,205.4748681,HighspentLargevaluepayments,1078.492575,Standard,,,,,,,,,,,,
May,71,Lisah,18,19257912,11809.56,0,3,7,2,"Payday Loan, and Not Specified",14,7,6.08,1,Good,1045.11,39.20382495,23 Years and 3 Months,No,136.9885566,10000,LowspentSmallvaluepayments,14.11872663,Good,,,,,,,,,,,,
June,71,Lisah,18,144546.72,10653.04311,0,3,7,2,"Payday Loan, and Not Specified",15,7,6.08,1,Good,1045.11,37.16404251,23 Years and 4 Months,No,1293.505449,415.1834125,HighspentMediumvaluepayments,878.7840309,Good,,,,,,,,,,,,
July,71,Lisah,18,144546.72,10653.04311,0,3,7,2,"Payday Loan, and Not Specified",14,5,6.08,1,_,1045.11,25.51813894,23 Years and 5 Months,No,1293.505449,893.3631575,Low_spent_Medium_value_payments,430.6042859,Good,,,,,,,,,,,,
August,71,Lisah,18,144546.72,,0,3,7,2,"Payday Loan, and Not Specified",13,7,6.08,1,_,1045.11,45.21691024,23 Years and 6 Months,No,1293.505449,226.5089358,!@9#%8,1057.458508,Good,,,,,,,,,,,,
January,72,Patrick Temple-Westf,38,30346.35,2651.8625,5,4,14,7,"Auto Loan, Not Specified, Payday Loan, Mortgage Loan, Personal Loan, Payday Loan, and Personal Loan",27,9,18.8,5,Standard,523.56,28.21235656,8 Years and 4 Months,Yes,96.72128021,145.1083749,LowspentSmallvaluepayments,313.3565949,Standard,,,,,,,,,,,,
February,72,Patrick Temple-Westf,39,30346.35,2651.8625,5,4,14,7,"Auto Loan, Not Specified, Payday Loan, Mortgage Loan, Personal Loan, Payday Loan, and Personal Loan",29,9,18.8,5,Standard,523.56,30.28018466,8 Years and 5 Months,Yes,96.72128021,332.4861616,LowspentSmallvaluepayments,125.9788082,Standard,,,,,,,,,,,,
March,72,,39,30346.35,2651.8625,5,4,14,7,"Auto Loan, Not Specified, Payday Loan, Mortgage Loan, Personal Loan, Payday Loan, and Personal Loan",29,9,25.8,5,Standard,523.56,38.94962888,8 Years and 6 Months,Yes,96.72128021,106.2992268,LowspentMediumvaluepayments,342.165743,Standard,,,,,,,,,,,,
April,72,Patrick Temple-Westf,39,30346.35,2651.8625,5,4,14,7,"Auto Loan, Not Specified, Payday Loan, Mortgage Loan, Personal Loan, Payday Loan, and Personal Loan",24,9,18.8,5,,523.56,30.50811574,8 Years and 7 Months,NM,96.72128021,98.62135851,HighspentMediumvaluepayments,319.8436113,Standard,,,,,,,,,,,,
May,72,Patrick Temple-Westf,39,30346.35,2651.8625,5,4,14,7,"Auto Loan, Not Specified, Payday Loan, Mortgage Loan, Personal Loan, Payday Loan, and Personal Loan",29,9,18.8,5,,523.56,32.90975438,8 Years and 8 Months,Yes,57516,106.448575,!@9#%8,322.0163948,Standard,,,,,,,,,,,,
June,72,Patrick Temple-Westf,39,30346.35,2651.8625,5,4,14,7,"Auto Loan, Not Specified, Payday Loan, Mortgage Loan, Personal Loan, Payday Loan, and Personal Loan",27,6,18.8,5,,523.56,28.78678915,NA,Yes,96.72128021,151.6096001,LowspentSmallvaluepayments,306.8553697,Standard,,,,,,,,,,,,
July,72,Patrick Temple-Westf,39,30346.35,2651.8625,5,4,14,7,"Auto Loan, Not Specified, Payday Loan, Mortgage Loan, Personal Loan, Payday Loan, and Personal Loan",26,9,23.8,5,Standard,523.56,40.39063355,8 Years and 10 Months,Yes,96.72128021,99.6284738,!@9#%8,348.836496,Standard,,,,,,,,,,,,
August,72,Patrick Temple-Westf,39,30346.35_,,5,4,14,7,"Auto Loan, Not Specified, Payday Loan, Mortgage Loan, Personal Loan, Payday Loan, and Personal Loan",29,6,18.8,5,Standard,523.56,26.31347756,8 Years and 11 Months,Yes,96.72128021,29.04519318,High_spent_Medium_value_payments,389.4197766,Standard,,,,,,,,,,,,
January,73,Dowsettk,46,18681.465,1584.78875,2,3,9,2,"Home Equity Loan, and Student Loan",6,8,3.9,1,Good,327.88,27.53134292,30 Years and 9 Months,No,24.82142498,52.09642061,!@9#%8,351.5610294,Standard,,,,,,,,,,,,
February,73,Dowsettk,46,18681.465,1584.78875,2,3,9,2,"Home Equity Loan, and Student Loan",6,5,3.9,1,,327.88,38.90124971,30 Years and 10 Months,NM,24.82142498,140.6547558,LowspentSmallvaluepayments,283.0026942,Good,,,,,,,,,,,,
March,73,Dowsettk,46,18681.465,1584.78875,2,3,9,2,"Home Equity Loan, and Student Loan",6,8,7.9,3,Good,327.88,27.37775919,30 Years and 11 Months,No,24.82142498,55.33162201,HighspentSmallvaluepayments,338.325828,Good,,,,,,,,,,,,
April,73,Dowsettk,46,18681.465,1584.78875,2,3,9,2,"Home Equity Loan, and Student Loan",6,,3.9,3,Good,327.88,24.18879867,31 Years and 0 Months,No,24.82142498,90.57533568,LowspentSmallvaluepayments,333.0821143,Standard,,,,,,,,,,,,
May,73,Dowsettk,47,18681.465,1584.78875,2,3,9,2,"Home Equity Loan, and Student Loan",6,,3.9,3,Good,327.88,31.86689252,31 Years and 1 Months,No,57523,77.79346468,LowspentSmallvaluepayments,345.8639853,Good,,,,,,,,,,,,
June,73,,47,18681.465,1584.78875,2,3,9,2,"Home Equity Loan, and Student Loan",6,8,3.9,3,Good,327.88,30.12793418,31 Years and 2 Months,No,24.82142498,131.1074314,LowspentLargevaluepayments,272.5500187,Good,,,,,,,,,,,,
July,73,Dowsettk,47,18681.465,1584.78875,2,3,9,2,"Home Equity Loan, and Student Loan",6,8,3.9,3,Good,327.88,37.45520315,31 Years and 3 Months,No,24.82142498,32.94987665,High_spent_Small_value_payments,360.7075734,Good,,,,,,,,,,,,
August,73,Dowsettk,47,18681.465,1584.78875,2,3,9,2,"Home Equity Loan, and Student Loan",6,6,3.9,3,Good,327.88,39.53810864,31 Years and 4 Months,No,24.82142498,10000,Low_spent_Small_value_payments,209.5576971,Good,,,,,,,,,,,,
January,74,David Henryp,41,9841.34,690.1116667,8,9,31,5,"Personal Loan, Payday Loan, Auto Loan, Debt Consolidation Loan, and Debt Consolidation Loan",61,16,29.52,8,,4984.82,27.3346898,4 Years and 5 Months,Yes,36.67512792,,LowspentLargevaluepayments,263.003361,Standard,,,,,,,,,,,,
February,74,David Henryp,41,9841.34,690.1116667,8,9,31,5,"Personal Loan, Payday Loan, Auto Loan, Debt Consolidation Loan, and Debt Consolidation Loan",65,15,29.52,8,Bad,4984.82,33.4598029,4 Years and 6 Months,NM,36.67512792,55.92433094,LowspentMediumvaluepayments,256.4117078,Standard,,,,,,,,,,,,
March,74,David Henryp,41,9841.34,690.1116667,8,9,31,5,"Personal Loan, Payday Loan, Auto Loan, Debt Consolidation Loan, and Debt Consolidation Loan",61,15,31.52,8,Bad,4984.82,35.2517545,4 Years and 7 Months,Yes,36.67512792,,!@9#%8,259.4705364,Standard,,,,,,,,,,,,
April,74,,42,9841.34,690.1116667,8,9,31,5,"Personal Loan, Payday Loan, Auto Loan, Debt Consolidation Loan, and Debt Consolidation Loan",61,15,29.52,8,Bad,4984.82,38.7684909,4 Years and 8 Months,Yes,36.67512792,22.70173912,LowspentLargevaluepayments,279.6342996,Standard,,,,,,,,,,,,
May,74,David Henryp,42,9841.34,690.1116667,8,9,31,5,"Personal Loan, Payday Loan, Auto Loan, Debt Consolidation Loan, and Debt Consolidation Loan",61,13,29.52,8,,4984.82,28.49691824,4 Years and 9 Months,Yes,36.67512792,37.94400952,HighspentSmallvaluepayments,254.3920292,Standard,,,,,,,,,,,,
June,74,David Henryp,42,9841.34,690.1116667,8,9,31,5,"Personal Loan, Payday Loan, Auto Loan, Debt Consolidation Loan, and Debt Consolidation Loan",61,15,29.52,10,Bad,4984.82,34.05642405,4 Years and 10 Months,Yes,35788,74.724782,LowspentSmallvaluepayments,247.6112567,Standard,,,,,,,,,,,,
July,74,David Henryp,42,9841.34,690.1116667,8,9,31,5_,"Personal Loan, Payday Loan, Auto Loan, Debt Consolidation Loan, and Debt Consolidation Loan",61,15,29.52,10,Bad,4984.82,37.68244007,4 Years and 11 Months,Yes,36.67512792,57.48648105,Low_spent_Medium_value_payments,254.8495577,Standard,,,,,,,,,,,,
August,74,David Henryp,42,9841.34,690.1116667,8,9,31,5_,"Personal Loan, Payday Loan, Auto Loan, Debt Consolidation Loan, and Debt Consolidation Loan",61,15,29.52,10,_,4984.82,37.82197103,5 Years and 0 Months,Yes,36.67512792,20.40645221,High_spent_Small_value_payments,271.9295865,Standard,,,,,,,,,,,,
January,75,Oreskovicv,35,72330.98,6300.581667,0,262,11,1,Auto Loan,1,7,4.62,1,Good,596.78,31.87384175,32 Years and 8 Months,No,31.37979416,390.5462005,LowspentMediumvaluepayments,488.132172,Good,,,,,,,,,,,,
February,75,Oreskovicv,35,72330.98,6300.581667,0,3,11,1,Auto Loan,2,6,4.62,1,Good,596.78,32.36779297,32 Years and 9 Months,No,31.37979416,171.7435332,HighspentMediumvaluepayments,676.9348393,Good,,,,,,,,,,,,
March,75,Oreskovicv,35,72330.98,6300.581667,0,3,11,1,Auto Loan,1,6,,1,Good,596.78,27.24102191,32 Years and 10 Months,No,31.37979416,110.0671087,HighspentLargevaluepayments,728.6112638,Good,,,,,,,,,,,,
April,75,Oreskovicv,35,72330.98,6300.581667,0,3,11,1,Auto Loan,2,6,4.62,1,Good,596.78,30.15846394,32 Years and 11 Months,No,31.37979416,701.6599477,!@9#%8,187.0184248,Good,,,,,,,,,,,,
May,75,Oreskovicv,35,72330.98,6300.581667,0,3,11,1,Auto Loan,1,6,4.62,1,Good,596.78,39.60218493,33 Years and 0 Months,No,31.37979416,339.2289211,HighspentSmallvaluepayments,519.4494514,Good,,,,,,,,,,,,
June,75,Oreskovicv,35,72330.98,6300.581667,0,3,11,1,Auto Loan,5,,4.62,1,,596.78,33.41197558,33 Years and 1 Months,No,35022,48.32875329,HighspentLargevaluepayments,790.3496192,Good,,,,,,,,,,,,
July,75,Oreskovicv,35,72330.98,6300.581667,0,3,11,1,Auto Loan,1,6,4.62,1,Good,596.78,41.98152541,33 Years and 2 Months,No,44834,147.0251177,High_spent_Large_value_payments,691.6532548,Standard,,,,,,,,,,,,
August,75,Oreskovicv,35,72330.98,6300.581667,0,3,11,1,Auto Loan,1,6,4.62,1,Good,596.78,24.83928335,33 Years and 3 Months,No,31.37979416,301.2225183,Low_spent_Large_value_payments,567.4558542,Good,,,,,,,,,,,,
January,76,Svea Herbst-Baylisss,15,43241.49,3580.4575,10,7,30,6,"Credit-Builder Loan, Mortgage Loan, Auto Loan, Auto Loan, Not Specified, and Home Equity Loan",36,17,8.47,10,Bad,2174.16,39.78232874,12 Years and 2 Months,Yes,162.2389631,410.1902491,LowspentSmallvaluepayments,75.61653778,Standard,,,,,,,,,,,,
February,76,Svea Herbst-Baylisss,15,43241.49,3580.4575,10,7,30,6,"Credit-Builder Loan, Mortgage Loan, Auto Loan, Auto Loan, Not Specified, and Home Equity Loan",36,19,8.47,10,,2174.16,32.62468106,12 Years and 3 Months,Yes,162.2389631,72.47252535,HighspentSmallvaluepayments,383.3342616,Poor,,,,,,,,,,,,
March,76,,15,22335783,3580.4575,10,7,30,6,"Credit-Builder Loan, Mortgage Loan, Auto Loan, Auto Loan, Not Specified, and Home Equity Loan",36,17,8.47,10,Bad,2174.16,37.35140673,NA,Yes,162.2389631,230.3893891,LowspentSmallvaluepayments,255.4173978,Standard,,,,,,ID,,,,,,
April,76,Svea Herbst-Baylisss,16,43241.49,3580.4575,10,7,30,6,"Credit-Builder Loan, Mortgage Loan, Auto Loan, Auto Loan, Not Specified, and Home Equity Loan",33,17,7.47,10,Bad,2174.16,24.40758995,12 Years and 5 Months,Yes,162.2389631,179.3559234,!@9#%8,286.4508636,Poor,,,,,,,,,,,,
May,76,Svea Herbst-Baylisss,16,43241.49,3580.4575,10,7,30,6,"Credit-Builder Loan, Mortgage Loan, Auto Loan, Auto Loan, Not Specified, and Home Equity Loan",32,17,8.47,10,Bad,2174.16,31.24773473,12 Years and 6 Months,Yes,162.2389631,63.59658329,!@9#%8,372.2102036,Poor,,,,,,56,,,,,,
June,76,Svea Herbst-Baylisss,16,43241.49,3580.4575,10,7,30,6,"Credit-Builder Loan, Mortgage Loan, Auto Loan, Auto Loan, Not Specified, and Home Equity Loan",32,17,,10,Bad,2174.16,32.18200633,12 Years and 7 Months,Yes,162.2389631,134.1245993,LowspentSmallvaluepayments,351.6821877,Poor,,,,,,,,,,,,
July,76,Svea Herbst-Baylisss,16,43241.49,3282.269196,10,7,30,6,"Credit-Builder Loan, Mortgage Loan, Auto Loan, Auto Loan, Not Specified, and Home Equity Loan",36,14,8.47,10,Bad,2174.16,27.93484479,12 Years and 8 Months,Yes,460.4272666,50.8316252,High_spent_Medium_value_payments,394.9751617,Standard,,,,,,71,,,,,,
August,76,Svea Herbst-Baylisss,16,43241.49,3282.269196,10,7,30,6,"Credit-Builder Loan, Mortgage Loan, Auto Loan, Auto Loan, Not Specified, and Home Equity Loan",36,17,8.47,10,Bad,2174.16,30.59762389,12 Years and 9 Months,Yes,460.4272666,94.6003948,High_spent_Medium_value_payments,351.2063921,Standard,,,,,,,,,,,,
January,77,Slaterf,19,34106.78,2767.231667,8,5,17,0,,8,,10.06,0,Standard,996.54,31.06392082,31 Years and 11 Months,Yes,0,115.1517373,LowspentSmallvaluepayments,451.5714293,Standard,,,,,,72,,,,,,
February,77,Slaterf,19,34106.78,2767.231667,8,5,1224,0,,8,10,10.06,0,Standard,996.54,38.62751709,32 Years and 0 Months,Yes,0,24.07190317,HighspentLargevaluepayments,492.6512635,Standard,,,,,,,,,,,,
March,77,Slaterf,19,34106.78,2767.231667,8,5,17,0,,8,10,10.06,0,,996.54,23.33248162,32 Years and 1 Months,Yes,0,135.8018888,LowspentLargevaluepayments,410.9212778,Standard,,,,,,73,,,,,,
April,77,Slaterf,19,34106.78,2767.231667,8,5,17,0,,8,10,10.06,0,Standard,996.54,40.79135176,32 Years and 2 Months,Yes,0,216.3654359,LowspentLargevaluepayments,330.3577308,Standard,,,,,,,,,,,,
May,77,Slaterf,19,34106.78,2767.231667,8,5,17,0,,8,10,10.06,0,Standard,996.54,25.34390218,32 Years and 3 Months,Yes,0,338.0036515,LowspentSmallvaluepayments,228.7195152,Standard,,,,,,76,,,,,,
June,77,Slaterf,19,34106.78,2767.231667,8,5,17,0,,8,10,7.06,0,Standard,996.54,39.49437697,32 Years and 4 Months,Yes,0,118.6743753,LowspentSmallvaluepayments,448.0487914,Standard,,,,,,,,,,,,
July,77,,19,34106.78,2767.231667,8,5,17,0,,11,10,10.06,0,_,996.54,33.75123504,32 Years and 5 Months,Yes,0,129.3468292,High_spent_Small_value_payments,407.3763374,Good,,,,,,82,,,,,,
August,77,Slaterf,19,34106.78,,8,5,17,0_,,8,10_,10.06,0,Standard,996.54,30.45487937,32 Years and 6 Months,Yes,0,77.87534432,High_spent_Medium_value_payments,448.8478223,Good,,,,,,,,,,,,
January,78,Gellerp,24,129067.59,10795.6325,1,3,1,4,"Student Loan, Auto Loan, Auto Loan, and Payday Loan",9,5,1.54,0,Good,137.15,24.49869173,26 Years and 7 Months,No,389.3056725,215.2174879,HighspentLargevaluepayments,715.0400896,Good,,,,,,82,,,,,,
February,78,Gellerp,24,16367214,10795.6325,1,3,1,4,"Student Loan, Auto Loan, Auto Loan, and Payday Loan",9,7,4.54,,Good,137.15,30.7290606,26 Years and 8 Months,No,389.3056725,511.2114299,LowspentMediumvaluepayments,459.0461476,Standard,,,,,,,,,,,,
March,78,Gellerp,24,129067.59,10795.6325,1,3,1,4,"Student Loan, Auto Loan, Auto Loan, and Payday Loan",9,5,4.54,0,,137.15,33.01978996,26 Years and 9 Months,No,389.3056725,126.2690074,HighspentLargevaluepayments,803.9885701,Good,,,,,,90,,,,,,
April,78,Gellerp,25,129067.59,10795.6325,1,3,1,4,"Student Loan, Auto Loan, Auto Loan, and Payday Loan",9,5,4.54,0,Good,137.15,33.1858694,NA,No,389.3056725,10000,LowspentMediumvaluepayments,404.8901992,Good,,,,,,,,,,,,
May,78,,25,129067.59,10795.6325,1,3,1,4,"Student Loan, Auto Loan, Auto Loan, and Payday Loan",9,6,4.54,0,Good,137.15,32.67772557,26 Years and 11 Months,NM,389.3056725,112.014526,HighspentLargevaluepayments,818.2430515,Good,,,,,,96,,,,,,
June,78,Gellerp,25,129067.59,10795.6325,1,3,1,-100,"Student Loan, Auto Loan, Auto Loan, and Payday Loan",9,5,4.54,0,Good,137.15,28.43760665,27 Years and 0 Months,No,389.3056725,264.7400106,HighspentLargevaluepayments,665.517567,Good,,,,,,,,,,,,
July,78,Gellerp,25,129067.59,10795.6325,1,3,1,4_,"Student Loan, Auto Loan, Auto Loan, and Payday Loan",9,5,4.54,0,Good,137.15,25.15446984,27 Years and 1 Months,No,389.3056725,717.8975299,High_spent_Small_value_payments,232.3600477,Good,,,,,,134,,,,,,
August,78,Gellerp,25,129067.59,10795.6325,1,3,1,4,"Student Loan, Auto Loan, Auto Loan, and Payday Loan",7,5,4.54,0,Good,137.15,39.45112324,NA,No,389.3056725,249.3614828,High_spent_Large_value_payments,680.8960947,Good,,,,,,,,,,,,
January,79,Papadimaso,34,17001.34,1214.778333,6,5,5,1,Home Equity Loan,11,20,5.62,0,Standard,1093.87,31.55554039,NA,No,10.53555561,97.55551351,LowspentMediumvaluepayments,293.3867642,Standard,,,,,,153,,,,,,
February,79,Papadimaso,34,17001.34,1214.778333,6,5,5,1,Home Equity Loan,10,,5.62,0,Standard,1093.87,23.06986827,17 Years and 3 Months,No,10.53555561,10000,LowspentLargevaluepayments,333.598142,Standard,,,,,,,,,,,,
March,79,Papadimaso,34,17001.34,1214.778333,6,5,5,1,Home Equity Loan,11,20,5.62,0,Standard,1093.87,25.89483416,17 Years and 4 Months,No,10.53555561,120.9712196,LowspentMediumvaluepayments,269.9710581,Standard,,,,,,162,,,,,,
April,79,Papadimaso,34,17001.34,1214.778333,6,5,5,1,Home Equity Loan,10,18,12.62,0,Standard,1093.87,28.63344077,17 Years and 5 Months,NM,10.53555561,51.9051847,LowspentSmallvaluepayments,349.037093,Poor,,,,,,,,,,,,
May,79,Papadimaso,34,17001.34,1214.778333,6,5,5,1,Home Equity Loan,10,20,5.62,0,,1093.87,25.68102673,17 Years and 6 Months,No,12371,,LowspentSmallvaluepayments,243.5030775,Poor,,,,,,177,,,,,,
June,79,Papadimaso,34,17001.34,1214.778333,6,5,5,1,Home Equity Loan,7,20,5.62,0,,1093.87,36.06466979,17 Years and 7 Months,No,10.53555561,51.24574815,LowspentSmallvaluepayments,349.6965296,Standard,,,,,,,,,,,,
July,79,Papadimaso,34,17001.34,1214.778333,6,5,5,1,Home Equity Loan,10,21,5.62,2,Standard,1093.87,25.35934049,17 Years and 8 Months,No,10.53555561,50.59241299,High_spent_Medium_value_payments,310.3498647,Standard,,,,,,183,,,,,,
August,79,,34,17001.34,1214.778333,6,5,5,1,Home Equity Loan,5,20,5.62,2,Standard,1093.87,35.03187222,17 Years and 9 Months,No,10.53555561,99.29445779,Low_spent_Small_value_payments,301.6478199,Standard,,,,,,,,,,,,
January,80,Blenkinsopc,21,44719.17,3969.5975,6,6,29,7,"Payday Loan, Auto Loan, Credit-Builder Loan, Debt Consolidation Loan, Credit-Builder Loan, Auto Loan, and Personal Loan",41,19,23.21,11,Bad,3818.57,30.98237348,12 Years and 11 Months,Yes,248.5998859,130.2512251,HighspentMediumvaluepayments,268.1086391,Poor,,,,,,196,,,,,,
February,80,Blenkinsopc,21,44719.17,3969.5975,6,6,29,7,"Payday Loan, Auto Loan, Credit-Builder Loan, Debt Consolidation Loan, Credit-Builder Loan, Auto Loan, and Personal Loan",39,20,29.21,11,Bad,3818.57,30.86937294,13 Years and 0 Months,NM,248.5998859,167.656053,HighspentSmallvaluepayments,240.7038111,Poor,,,,,,,,,,,,
March,80,Blenkinsopc,21,44719.17,3969.5975,6,6,29,7,"Payday Loan, Auto Loan, Credit-Builder Loan, Debt Consolidation Loan, Credit-Builder Loan, Auto Loan, and Personal Loan",47,21,23.21,11,Bad,3818.57,27.97975079,13 Years and 1 Months,NM,248.5998859,,HighspentLargevaluepayments,289.8878581,Poor,,,,,,200,,,,,,
April,80,Blenkinsopc,21,44719.17,3969.5975,6,6,29,7,"Payday Loan, Auto Loan, Credit-Builder Loan, Debt Consolidation Loan, Credit-Builder Loan, Auto Loan, and Personal Loan",47,20,23.21,11,Bad,3818.57,30.73768432,13 Years and 2 Months,Yes,248.5998859,316.1728449,LowspentLargevaluepayments,102.1870192,Poor,,,,,,,,,,,,
May,80,Blenkinsopc,21,44719.17,3969.5975,6,6,29,7,"Payday Loan, Auto Loan, Credit-Builder Loan, Debt Consolidation Loan, Credit-Builder Loan, Auto Loan, and Personal Loan",44,19,23.21,11,,3818.57,27.73718317,NA,Yes,248.5998859,312.0946329,!@9#%8,106.2652312,Poor,,,,,,236,,,,,,
June,80,Blenkinsopc,21,44719.17,3969.5975,6,6,29,7,"Payday Loan, Auto Loan, Credit-Builder Loan, Debt Consolidation Loan, Credit-Builder Loan, Auto Loan, and Personal Loan",46,20,23.21,11,,3818.57,35.53327204,13 Years and 4 Months,Yes,248.5998859,116.463927,HighspentMediumvaluepayments,281.8959372,Poor,,,,,,,,,,,,
July,80,Blenkinsopc,21,44719.17,3969.5975,6,6,29,7,"Payday Loan, Auto Loan, Credit-Builder Loan, Debt Consolidation Loan, Credit-Builder Loan, Auto Loan, and Personal Loan",42,19,28.21,11,_,3818.57,37.25127282,13 Years and 5 Months,Yes,248.5998859,446.4100914,Low_spent_Small_value_payments,0,Poor,,,,,,272,,,,,,
August,80,Blenkinsopc,21,44719.17,3969.5975,6,6,29,7,"Payday Loan, Auto Loan, Credit-Builder Loan, Debt Consolidation Loan, Credit-Builder Loan, Auto Loan, and Personal Loan",46,19,23.21,14,Bad,3818.57,29.38080624,13 Years and 6 Months,Yes,248.5998859,115.7644921,High_spent_Medium_value_payments,282.5953721,Poor,,,,,,,,,,,,
January,81,Tagarish,47,17787.34,1242.278333,8,4,16,2,"Student Loan, and Auto Loan",0,15,5.65,0,Standard,730.9,26.99358623,29 Years and 9 Months,No,20.06363388,42.29858803,HighspentSmallvaluepayments,321.8656114,Standard,,,,,,321,,,,,,
February,81,Tagarish,47,17787.34,1242.278333,8,4,16,2,"Student Loan, and Auto Loan",5,15,5.65,0,Standard,730.9,36.33219149,NA,No,20.06363388,54.89407316,!@9#%8,329.2701263,Standard,,,,,,,,,,,,
March,81,Tagarish,47,17787.34,1242.278333,8,4,16,2,"Student Loan, and Auto Loan",2,15,5.65,0,Standard,730.9,26.31431009,29 Years and 11 Months,No,21524,98.42059162,LowspentSmallvaluepayments,295.7436078,Standard,,,,,,329,,,,,,
April,81,Tagarish,47,17787.34,1242.278333,8,4,16,2,"Student Loan, and Auto Loan",6,183,5.65,0,Standard,730.9,34.9030915,30 Years and 0 Months,NM,20.06363388,28.51604362,HighspentMediumvaluepayments,325.6481558,Standard,,,,,,,,,,,,
May,81,Tagarish,47,17787.34,1242.278333,8,4,16,2,"Student Loan, and Auto Loan",5,16,5.65,0,Standard,730.9,32.53512768,NA,No,20.06363388,157.5524722,LowspentSmallvaluepayments,236.6117273,Standard,,,,,,348,,,,,,
June,81,Tagarish,47,17787.34,1242.278333,8,4,16,2,"Student Loan, and Auto Loan",7,16,5.65,0,Standard,730.9,33.68265491,30 Years and 2 Months,No,20.06363388,119.1483872,LowspentMediumvaluepayments,265.0158122,Standard,,,,,,,,,,,,
July,81,Tagarish,47,17787.34,1242.278333,8,4,16,2,"Student Loan, and Auto Loan",5,17,5.65,,_,730.9,25.16516575,30 Years and 3 Months,No,20.06363388,89.98634737,Low_spent_Medium_value_payments,294.1778521,Standard,,,,,,349,,,,,,
August,81,,48,17787.34,,8,4,16,2,"Student Loan, and Auto Loan",5,15,5.65,0,Standard,730.9,29.99815125,30 Years and 4 Months,No,20.06363388,31.71381628,Low_spent_Large_value_payments,342.4503832,Standard,,,,,,,,,,,,
January,82,Raymondl,41,103353.06,8527.755,3,3,6,1,Student Loan,4,9,3.11,2,Good,1374.56,32.6855216,25 Years and 7 Months,No,64.00168567,,HighspentMediumvaluepayments,857.8262026,Good,,,,,,,,,,,,
February,82,Raymondl,41,103353.06,8527.755,3,3,6,1,Student Loan,4,9,8.11,2,,1374.56,40.54255171,25 Years and 8 Months,No,64.00168567,326.4827489,LowspentMediumvaluepayments,742.2910654,Good,,,,,,,,,,,,
March,82,Raymondl,41,103353.06,8527.755,3,3,6,1,Student Loan,4,7,3.11,2,Good,1374.56,33.9918544,25 Years and 9 Months,No,64.00168567,173.1808384,HighspentLargevaluepayments,855.592976,Standard,,,,,,358,,,,,,72
April,82,Raymondl,42,103353.06,8527.755,3,3,6,1,Student Loan,4,9,3.11,2,Good,1374.56,23.17084458,25 Years and 10 Months,No,64.00168567,1043.873612,LowspentSmallvaluepayments,34.90020276,Good,,,,,,,,,,,,73
May,82,Raymondl,42,103353.06,8527.755,3,3,6,1,Student Loan,4,9,3.11,2,,1374.56,38.76615976,25 Years and 11 Months,No,64.00168567,165.4483707,HighspentLargevaluepayments,863.3254437,Good,,,,,,,,,,,,76
June,82,Raymondl,42,103353.06,8527.755,3,3,6,1,Student Loan,4,6,3.11,2,,1374.56,28.65012699,26 Years and 0 Months,No,64.00168567,124.2894824,HighspentLargevaluepayments,904.4843319,Good,,,,,,,,,,,,82
July,82,Raymondl,5717,103353.06,8527.755,3,3,6,1,Student Loan,2,9_,3.11,2,Good,1374.56,32.9988309,26 Years and 1 Months,No,64.00168567,1038.70094,Low_spent_Small_value_payments,40.07287397,Good,,,,,,,,,,,,82
August,82,Raymondl,42,103353.06,8527.755,3,3,6,1,Student Loan,4,12,3.11,2,Good,1374.56,41.83706533,26 Years and 2 Months,No,64.00168567,67.10576785,High_spent_Large_value_payments,961.6680465,Good,,,,,,,,,,,,90
January,83,Andreasc,38,31021.24,2756.103333,7,7,11,4,"Auto Loan, Auto Loan, Auto Loan, and Personal Loan",16,21,18.21,4,Standard,852.81,31.19439865,32 Years and 10 Months,No,90.75917846,68.51358027,HighspentMediumvaluepayments,366.3375746,Standard,,,,,,,,,,,,96
February,83,Andreasc,38,31021.24,2756.103333,7,809,11,4,"Auto Loan, Auto Loan, Auto Loan, and Personal Loan",13,17,11.21,4,Standard,852.81,33.89457499,32 Years and 11 Months,No,90.75917846,58.53848336,HighspentMediumvaluepayments,376.3126715,Standard,,,,,,,,,,,,134
March,83,Andreasc,38,31021.24,2756.103333,7,7,11,4,"Auto Loan, Auto Loan, Auto Loan, and Personal Loan",21,20,11.21,7,Standard,852.81,32.86658163,33 Years and 0 Months,No,90.75917846,136.9906689,LowspentLargevaluepayments,317.860486,Standard,,,,,,,,,,,,153
April,83,,38,31021.24,2756.103333,7,7,11,4,"Auto Loan, Auto Loan, Auto Loan, and Personal Loan",17,,9.21,7,Standard,852.81,29.50861953,33 Years and 1 Months,No,90.75917846,10000,HighspentMediumvaluepayments,364.7327151,Standard,,,,,,,,,,,,162
May,83,Andreasc,38,31021.24,2756.103333,7,7,11,4,"Auto Loan, Auto Loan, Auto Loan, and Personal Loan",16,20,5.21,7,Standard,852.81,34.13944939,33 Years and 2 Months,NM,90.75917846,153.4035982,HighspentSmallvaluepayments,291.4475567,Standard,,,,,,,,,,,,177
June,83,Andreasc,38,31021.24,2756.103333,7,7,11,4,"Auto Loan, Auto Loan, Auto Loan, and Personal Loan",20,20,11.21,7,Standard,852.81,37.17152644,33 Years and 3 Months,No,90.75917846,56.97757259,HighspentLargevaluepayments,367.8735823,Standard,,,,,,,,,,,,183
July,83,Andreasc,38,31021.24,2756.103333,7,7,11,4,"Auto Loan, Auto Loan, Auto Loan, and Personal Loan",16,20,11.21,7,Standard,852.81,38.0802416,33 Years and 4 Months,No,90.75917846,81.08806113,Low_spent_Large_value_payments,373.7630937,Standard,,,,,,,,,,,,196
August,83,Andreasc,38,31021.24,2756.103333,7,7,11,4,"Auto Loan, Auto Loan, Auto Loan, and Personal Loan",16,21,15.21,7,_,852.81,38.93241252,NA,No,90.75917846,343.8465066,Low_spent_Small_value_payments,131.0046483,Standard,,,,,,,,,,,,200
January,84,Elinor Comlaye,36,134978.24,11059.18667,8,5,15,2,"Mortgage Loan, and Mortgage Loan",9,16,9.89,3,,668.14,36.59328467,26 Years and 2 Months,NM,145.1118234,834.1444379,LowspentMediumvaluepayments,406.6624054,Standard,,,,,,,,,,,,236
February,84,Elinor Comlaye,36,134978.24,11059.18667,8,5,15,2,"Mortgage Loan, and Mortgage Loan",12,16,9.89,3,Standard,668.14,46.19423785,26 Years and 3 Months,Yes,145.1118234,129.5214491,HighspentMediumvaluepayments,1081.285394,Standard,,,,,,,,,,,,272
March,84,Elinor Comlaye,36,134978.24,10541.52075,8,5,15,2,"Mortgage Loan, and Mortgage Loan",9,14,9.89,3,Standard,668.14,24.85673514,26 Years and 4 Months,Yes,662.7777405,,LowspentSmallvaluepayments,550.8319048,Standard,,,,,,,,,,,,321
April,84,Elinor Comlaye,36,134978.24,10541.52075,8,5,15,2,"Mortgage Loan, and Mortgage Loan",9,17,9.89,3,Standard,668.14,31.93375623,26 Years and 5 Months,Yes,662.7777405,,HighspentLargevaluepayments,1103.544143,Good,,,,,,,,,,,,329
May,84,,36,134978.24,10541.52075,8,5,15,2,"Mortgage Loan, and Mortgage Loan",9,16,9.89,3,Standard,668.14,41.61797405,26 Years and 6 Months,Yes,662.7777405,148.8875069,HighspentMediumvaluepayments,1061.919336,Good,,,,,,,,,,,,348
June,84,Elinor Comlaye,36,134978.24,10541.52075,8,5,15,2,"Mortgage Loan, and Mortgage Loan",9,16,9.89,5,Standard,668.14,36.16238357,26 Years and 7 Months,Yes,662.7777405,663.6269365,LowspentMediumvaluepayments,577.1799068,Good,,,,,,,,,,,,349
July,84,,37,134978.24,10541.52075,8,5,15,2,"Mortgage Loan, and Mortgage Loan",9,16,6.89,5,Standard,668.14,38.75069359,26 Years and 8 Months,Yes,662.7777405,780.4179941,Low_spent_Small_value_payments,470.3888491,Good,,,,,,,,,,,,356
August,84,Elinor Comlaye,37,134978.24,10541.52075,8,5,15,2,"Mortgage Loan, and Mortgage Loan",9,15,16.89,5,Standard,668.14,39.14219982,26 Years and 9 Months,Yes,662.7777405,,Low_spent_Medium_value_payments,667.8676,Good,,,,,,,,,,,,358
January,85,,28,39800.12,3047.676667,7,5,12,3,"Personal Loan, Payday Loan, and Auto Loan",17,18,18.53,4,,660.69,24.79435667,17 Years and 9 Months,Yes,58.48765734,404.2182245,LowspentSmallvaluepayments,132.0617849,Standard,,,,,,,,,,,,
February,85,Jeanine Preziosor,28,39800.12,3047.676667,7,5,12,3,"Personal Loan, Payday Loan, and Auto Loan",17,,,4,Standard,660.69,26.01921032,17 Years and 10 Months,Yes,58.48765734,169.8630826,LowspentMediumvaluepayments,356.4169267,Standard,,,,,,,,,,,,
March,85,Jeanine Preziosor,28,39800.12,3047.676667,7,5,12,3,"Personal Loan, Payday Loan, and Auto Loan",17,18,18.53,4,Standard,660.69,29.72470803,17 Years and 11 Months,Yes,58.48765734,410.2436031,LowspentSmallvaluepayments,126.0364062,Standard,,,,,,,,,,,,
April,85,Jeanine Preziosor,28,39800.12,3047.676667,7,5,12,3,"Personal Loan, Payday Loan, and Auto Loan",17,18,18.53,4,Standard,660.69,41.20335336,18 Years and 0 Months,Yes,58.48765734,33.79278212,HighspentMediumvaluepayments,462.4872272,Good,,,,,,,,,,,,
May,85,,28,39800.12,3047.676667,7,5,12,3,"Personal Loan, Payday Loan, and Auto Loan",17,20,18.53,4,Standard,660.69,32.66871615,18 Years and 1 Months,Yes,58.48765734,42.10063083,HighspentLargevaluepayments,444.1793785,Standard,,,,,,,,,,,,
June,85,Jeanine Preziosor,28,39800.12,3047.676667,7,5,12,3,"Personal Loan, Payday Loan, and Auto Loan",17,18,18.53,4,Standard,660.69,26.02052332,18 Years and 2 Months,Yes,58.48765734,121.0441224,HighspentMediumvaluepayments,375.2358869,Standard,,,,,,,,,,,,
July,85,Jeanine Preziosor,28,39800.12,3047.676667,7,5,12,3,"Personal Loan, Payday Loan, and Auto Loan",17,18,16.53,4,_,660.69,38.14533078,18 Years and 3 Months,Yes,58.48765734,42.29423786,High_spent_Medium_value_payments,453.9857715,Standard,,,,,,,,,,,,
August,85,Jeanine Preziosor,28,39800.12,3047.676667,7,5,12,3,"Personal Loan, Payday Loan, and Auto Loan",17,20,11.53,4,Standard,660.69,28.62288043,18 Years and 4 Months,Yes,58.48765734,274.4562487,Low_spent_Medium_value_payments,251.8237606,Standard,,,,,,,,,,,,
January,86,Alexh,17,14841.35,1437.779167,6,5,17,7,"Mortgage Loan, Not Specified, Credit-Builder Loan, Debt Consolidation Loan, Not Specified, Mortgage Loan, and Student Loan",60,16,27.64,6,Bad,3865.15,39.02987341,NA,Yes,71.54474307,110.7777796,LowspentSmallvaluepayments,251.455394,Standard,,,,,,,,,,,,
February,86,Alexh,17,14841.35,1437.779167,6,5,17,7,"Mortgage Loan, Not Specified, Credit-Builder Loan, Debt Consolidation Loan, Not Specified, Mortgage Loan, and Student Loan",60,16,27.64,6,Bad,3865.15,30.47438664,7 Years and 6 Months,Yes,71.54474307,82.88833259,LowspentSmallvaluepayments,279.344841,Standard,,,,,,,,,,,,
March,86,Alexh,17,14841.35,1437.779167,6,5,17,7,"Mortgage Loan, Not Specified, Credit-Builder Loan, Debt Consolidation Loan, Not Specified, Mortgage Loan, and Student Loan",64,14,32.64,6,Bad,3865.15,23.94861058,7 Years and 7 Months,Yes,71.54474307,171.0862578,LowspentSmallvaluepayments,191.1469158,Standard,,,,,,,,,,,,
April,86,Alexh,17,14841.35,1437.779167,6,5,17,7,"Mortgage Loan, Not Specified, Credit-Builder Loan, Debt Consolidation Loan, Not Specified, Mortgage Loan, and Student Loan",60,,27.64,6,Bad,3865.15,32.05285841,7 Years and 8 Months,Yes,71.54474307,91.84978305,LowspentSmallvaluepayments,270.3833905,Standard,,,,,,,,,,,,
May,86,Alexh,17,14841.35,1437.779167,6,5,17,7,"Mortgage Loan, Not Specified, Credit-Builder Loan, Debt Consolidation Loan, Not Specified, Mortgage Loan, and Student Loan",60,16,27.64,6,Bad,3865.15,22.86545917,7 Years and 9 Months,Yes,61490,60.9873781,LowspentMediumvaluepayments,291.2457955,Standard,,,,,,,,,,,,
June,86,Alexh,17,14841.35,1437.779167,6,5,17,7,"Mortgage Loan, Not Specified, Credit-Builder Loan, Debt Consolidation Loan, Not Specified, Mortgage Loan, and Student Loan",60,16,20.64,6,Bad,3865.15,22.81838316,7 Years and 10 Months,Yes,71.54474307,112.7638199,LowspentSmallvaluepayments,249.4693537,Standard,,,,,,,,,,,,
July,86,Alexh,17,14841.35,,6,5,17,-100,"Mortgage Loan, Not Specified, Credit-Builder Loan, Debt Consolidation Loan, Not Specified, Mortgage Loan, and Student Loan",60,16,27.64,6,_,3865.15,24.59711329,NA,Yes,71.54474307,28.82234687,High_spent_Medium_value_payments,293.4108267,Good,,,,,,,,,,,,
August,86,Alexh,17,14841.35,1437.779167,6,5,17,7,"Mortgage Loan, Not Specified, Credit-Builder Loan, Debt Consolidation Loan, Not Specified, Mortgage Loan, and Student Loan",60,14_,28.64,6,Bad,3865.15,37.15219502,8 Years and 0 Months,NM,71.54474307,96.59041285,!@9#%8,245.6427607,Good,,,,,,,,,,,,
January,87,Lisa Baertleink,21,66105.4,5653.783333,6,8,31,5,"Mortgage Loan, Auto Loan, Not Specified, Student Loan, and Payday Loan",26,22,5.52,9,,1549.56,30.11104031,11 Years and 2 Months,Yes,214.0721231,180.1468487,HighspentSmallvaluepayments,431.1593616,Standard,,,,,,,,,,,,
February,87,Lisa Baertleink,21,66105.4,5653.783333,6,8,31,5,"Mortgage Loan, Auto Loan, Not Specified, Student Loan, and Payday Loan",26,22,5.52,9,,1549.56,29.32779915,11 Years and 3 Months,Yes,214.0721231,449.1873822,LowspentSmallvaluepayments,192.1188281,Poor,,,,,,,,,,,,
March,87,Lisa Baertleink,21,66105.4,5653.783333,6,8,31,5,"Mortgage Loan, Auto Loan, Not Specified, Student Loan, and Payday Loan",26,,-1.48,9,Bad,1549.56,33.89863232,11 Years and 4 Months,Yes,214.0721231,291.4013793,!@9#%8,339.904831,Poor,,,,,,,,,,,,
April,87,Lisa Baertleink,21,66105.4,5653.783333,6,8,31,5,"Mortgage Loan, Auto Loan, Not Specified, Student Loan, and Payday Loan",26,23,5.52,9,Bad,1549.56,28.07920302,11 Years and 5 Months,Yes,214.0721231,169.8398152,HighspentSmallvaluepayments,441.4663951,Poor,,,,,,,,,,,,
May,87,Lisa Baertleink,21,66105.4,5653.783333,6,8,31,5,"Mortgage Loan, Auto Loan, Not Specified, Student Loan, and Payday Loan",23,22,5.52,9,Bad,1549.56,31.75671187,11 Years and 6 Months,Yes,214.0721231,732.6818427,LowspentSmallvaluepayments,0,Poor,,,,,,,,,,,,
June,87,,21,66105.4,5653.783333,6,8,31,5,"Mortgage Loan, Auto Loan, Not Specified, Student Loan, and Payday Loan",26,19,0.52,9,Bad,1549.56,37.13217623,11 Years and 7 Months,Yes,214.0721231,116.0659862,HighspentSmallvaluepayments,495.2402241,Standard,,,,,,,,,,,,
July,87,Lisa Baertleink,22,66105.4,5653.783333,6,8,31,5,"Mortgage Loan, Auto Loan, Not Specified, Student Loan, and Payday Loan",26,22,10.52,12,Bad,1549.56,38.64822202,11 Years and 8 Months,NM,214.0721231,274.5726741,Low_spent_Small_value_payments,366.7335361,Poor,,,,,,,,,,,,
August,87,Lisa Baertleink,22,66105.4,5653.783333,6,8,31,5,"Mortgage Loan, Auto Loan, Not Specified, Student Loan, and Payday Loan",26,22,5.52,12,Bad,1549.56,24.71419199,11 Years and 9 Months,Yes,214.0721231,,High_spent_Large_value_payments,474.0764973,Poor,,,,,,,,,,,,
January,88,Aruna Viswanathau,28,15398.95,1548.245833,1,7,5,4,"Student Loan, Mortgage Loan, Not Specified, and Not Specified",1,2,11.41,3,,343.84,36.74315458,28 Years and 3 Months,No,34.81396986,81.67810682,HighspentSmallvaluepayments,298.3325067,Standard,,,,,,,,,,,,
February,88,Aruna Viswanathau,28,15398.95,1548.245833,1,7,5,4,"Student Loan, Mortgage Loan, Not Specified, and Not Specified",1,0,8.41,3,Good,343.84,39.06640765,28 Years and 4 Months,No,34.81396986,74.65272755,LowspentLargevaluepayments,315.3578859,Standard,,,,,,,,,,,,
March,88,Aruna Viswanathau,28,15398.95,1548.245833,1,7,5,4,"Student Loan, Mortgage Loan, Not Specified, and Not Specified",1,-1,8.41,3,Good,343.84,33.49444239,28 Years and 5 Months,NM,34.81396986,47.60747045,HighspentMediumvaluepayments,322.403143,Standard,,,,,,,,,,,,
April,88,Aruna Viswanathau,28,15398.95,1548.245833,1,7,5,4,"Student Loan, Mortgage Loan, Not Specified, and Not Specified",1,0,8.41,8,Good,343.84,37.71613993,28 Years and 6 Months,No,34.81396986,10000,HighspentSmallvaluepayments,299.8695003,Standard,,,,,,,,,,,,
May,88,Aruna Viswanathau,28,15398.95,1548.245833,1,7,5,4,"Student Loan, Mortgage Loan, Not Specified, and Not Specified",-1,0,8.41,8,Good,343.84,30.97302503,28 Years and 7 Months,NM,34.81396986,123.4168433,!@9#%8,286.5937702,Standard,,,,,,,,,,,,
June,88,Aruna Viswanathau,28,15398.95,1548.245833,1,7,5,4,"Student Loan, Mortgage Loan, Not Specified, and Not Specified",1,0,8.41,8,Good,343.84,41.23900243,28 Years and 8 Months,No,34.81396986,107.9849309,LowspentLargevaluepayments,282.0256825,Standard,,,,,,,,,,,,
July,88,Aruna Viswanathau,-500,15398.95,1548.245833,1,932,5,4,"Student Loan, Mortgage Loan, Not Specified, and Not Specified",1,0,8.41,8,Good,343.84,26.45254706,28 Years and 9 Months,NM,34.81396986,197.9426124,!@9#%8,212.0680011,Standard,,,,,,,,,,,,
August,88,Aruna Viswanathau,28,15398.95,1548.245833,1,7,5,4,"Student Loan, Mortgage Loan, Not Specified, and Not Specified",1,1,8.41,8,Good,343.84_,28.13568776,28 Years and 10 Months,No,34.81396986,95.38656229,Low_spent_Large_value_payments,294.6240512,Standard,,,,,,,,,,,,
January,89,Nicolacih,18,27070.07,2518.839167,7,3,11,4,"Home Equity Loan, Credit-Builder Loan, Student Loan, and Personal Loan",12,15,5.68,1,Standard,919.76,28.55585041,29 Years and 2 Months,No,73.23331848,76.31458795,HighspentSmallvaluepayments,362.3360102,Standard,,,,,,,,,,,,
February,89,Nicolacih,18,27070.07,2518.839167,7,3,11,4,"Home Equity Loan, Credit-Builder Loan, Student Loan, and Personal Loan",12,15,5.68,6,Standard,919.76,34.06157477,29 Years and 3 Months,NM,73.23331848,314.0875747,LowspentSmallvaluepayments,154.5630235,Standard,,,,,,,,,,,,
March,89,Nicolacih,18,27070.07,2518.839167,7,3,11,4,"Home Equity Loan, Credit-Builder Loan, Student Loan, and Personal Loan",17,1106,5.68,6,Standard,919.76,29.8306522,29 Years and 4 Months,No,73.23331848,104.1811039,HighspentMediumvaluepayments,324.4694943,Standard,,,,,,,,,,,,
April,89,Nicolacih,18,27070.07,2518.839167,7,3,11,4,"Home Equity Loan, Credit-Builder Loan, Student Loan, and Personal Loan",12,18,5.68,6,Standard,919.76,40.44063791,29 Years and 5 Months,No,73.23331848,231.0897388,!@9#%8,227.5608594,Standard,,,,,,,,,,,,
May,89,Nicolacih,18,27070.07,2518.839167,7,3,11,4,"Home Equity Loan, Credit-Builder Loan, Student Loan, and Personal Loan",12,17,7.68,6,,919.76,24.73337424,29 Years and 6 Months,No,73.23331848,58.00991024,HighspentSmallvaluepayments,380.6406879,Standard,,,,,,,,,,,,
June,89,Nicolacih,18,27070.07,2518.839167,7,3,11,4,"Home Equity Loan, Credit-Builder Loan, Student Loan, and Personal Loan",9,15,5.68,6,Standard,919.76,36.39840658,29 Years and 7 Months,No,73.23331848,17.68883577,HighspentLargevaluepayments,400.9617624,Standard,,,,,,,,,,,,
July,89,Nicolacih,18,27070.07,2518.839167,7,3,11,4,"Home Equity Loan, Credit-Builder Loan, Student Loan, and Personal Loan",7,13,5.68,6,Standard,919.76,37.39521794,29 Years and 8 Months,No,73.23331848,190.2773797,Low_spent_Medium_value_payments,268.3732185,Standard,,,,,,,,,,,,
August,89,Nicolacih,18,27070.07,2518.839167,7,3,11,4,"Home Equity Loan, Credit-Builder Loan, Student Loan, and Personal Loan",11,15,5.68,6,_,919.76,40.01458593,29 Years and 9 Months,No,73.23331848,138.3817694,High_spent_Small_value_payments,300.2688288,Standard,,,,,,,,,,,,
January,90,Fiona Ortizx,53,17992.775,2518.839167,3,5,6,-100,,5,9,8.61,2,Good,565.22,22.38039887,18 Years and 11 Months,No,0,88.44275347,!@9#%8,348.4970382,Poor,,,,,,,,,,,,
February,90,,53,17992.775,2518.839167,3,5,6,0,,11,15,8.61,2,,565.22,37.2194631,19 Years and 0 Months,NM,0,137.398429,LowspentSmallvaluepayments,329.5413627,Poor,,,,,,,,,,,,
March,90,Fiona Ortizx,53,17992.775,1769.397917,3,5,6,0,,4,12,4.61,2,,565.22,23.13682419,19 Years and 1 Months,No,0,95.65646111,HighspentSmallvaluepayments,341.2833306,Poor,,,,,,,,,,,,
April,90,Fiona Ortizx,53,17992.775,1769.397917,3,5,6,0,,8,12,4.61,2,Good,565.22,25.15210984,19 Years and 2 Months,No,0,162.6432543,LowspentSmallvaluepayments,304.2965373,Poor,,,,,,,,,,,,
May,90,Fiona Ortizx,53,17992.775,1769.397917,3,5,6,0,,8,10,8.61,3,,565.22,34.18203111,19 Years and 3 Months,No,0,10000,HighspentMediumvaluepayments,386.8407909,Standard,,,,,,,,,,,,
June,90,Fiona Ortizx,53,17992.775,1769.397917,3,5,6,0,,5,10,8.61,3,Good,565.22,31.05399429,19 Years and 4 Months,No,0,23.00301884,!@9#%8,393.9367728,Poor,,,,,,,,,,,,
July,90,Fiona Ortizx,53,17992.775,1769.397917,3,5,6,0,,6,,8.61,3,_,565.22,33.15971162,19 Years and 5 Months,No,0,14.78725004,High_spent_Large_value_payments,402.1525416,Poor,,,,,,,,,,,,
August,90,Fiona Ortizx,53,17992.775,1769.397917,3,5,570,0,,8,,8.61,3,_,565.22,33.46438826,19 Years and 6 Months,No,0,79.04022403,Low_spent_Small_value_payments,387.8995676,Poor,,,,,,,,,,,,
January,91,Taiga Uranakan,55,139354.48,1769.397917,3,1247,18,0,,17,18,9.94,3,Standard,519.3,32.7110284,19 Years and 11 Months,No,0,382.2110719,HighspentMediumvaluepayments,1031.076261,Standard,,,,,,,,,,,,
February,91,Taiga Uranakan,55,139354.48,10872.26506,3,3,18,0,,10,16,4.94,3,Standard,519.3,35.04958451,20 Years and 0 Months,No,760.6082757,568.2347294,HighspentSmallvaluepayments,855.0526039,Standard,,,,,,,,,,,,
March,91,Taiga Uranakan,55,139354.48,10872.26506,3,3,18,0,,15,16,4.94,3,,519.3,33.5673417,20 Years and 1 Months,NM,760.6082757,277.2957148,HighspentSmallvaluepayments,1145.991619,Standard,,,,,,,,,,,,
April,91,Taiga Uranakan,55,139354.48,10872.26506,3,3,18,0,,15,16,4.94,3,Standard,519.3,37.06219362,20 Years and 2 Months,No,48332,899.2623909,LowspentLargevaluepayments,534.0249425,Good,,,,,,,,,,,,
May,91,Taiga Uranakan,55,139354.48,10872.26506,3,3,18,0,,15,18,,3,Standard,519.3,31.74432925,20 Years and 3 Months,No,760.6082757,607.9420858,HighspentSmallvaluepayments,815.3452475,Good,,,,,,,,,,,,
June,91,Taiga Uranakan,55,139354.48,10872.26506,3,3,18,0,,19,16,-1.06,3,Standard,519.3,40.87876031,20 Years and 4 Months,No,760.6082757,737.8098216,LowspentLargevaluepayments,695.4775117,Good,,,,,,,,,,,,
July,91,Taiga Uranakan,56,139354.48,10872.26506,3,3,18,0,,15,16,4.94,3,_,519.3,29.58072324,20 Years and 5 Months,No,760.6082757,495.2079375,Low_spent_Large_value_payments,938.0793958,Standard,,,,,,,,,,,,
August,91,Taiga Uranakan,56,139354.48,10872.26506,3,3,18,0_,,15,16,4.94,4,Standard,519.3,39.12793594,20 Years and 6 Months,No,760.6082757,408.0045658,High_spent_Medium_value_payments,1005.282768,Standard,,,,,,,,,,,,
January,92,,22,18305.25,10872.26506,2,1,4,0,,14,11,5.27,2,Good,363.51,34.8352811,NA,No,0,73.87955399,LowspentMediumvaluepayments,361.864196,Good,,,,,,,,,,,,
February,92,Suev,22,18305.25,10872.26506,2,1,4,0,,14,,5.27,2,Good,363.51,35.61828916,20 Years and 2 Months,No,0,137.9464988,LowspentMediumvaluepayments,297.7972512,Good,,,,,,,,,,,,
March,92,,22,18305.25,1557.4375,2,1,4,0,,11,12,5.27,2,Good,363.51,25.8539005,20 Years and 3 Months,No,0,112.2594331,LowspentLargevaluepayments,313.4843169,Good,,,,,,,,,,,,
April,92,Suev,22,18305.25,1557.4375,2,1,4,0,,14,,5.27,3,Good,363.51,38.52380158,20 Years and 4 Months,No,0,201.3192804,LowspentSmallvaluepayments,244.4244696,Good,,,,,,,,,,,,
May,92,Suev,22,18305.25,1557.4375,2,1,4,0,,14,8,5.27,3,Good,363.51,39.85047617,20 Years and 5 Months,No,0,49.56528039,LowspentMediumvaluepayments,386.1784696,Good,,,,,,,,,,,,
June,92,Suev,22,18305.25,1557.4375,2,1,4,0,,14,10,6.27,3,Good,363.51,30.19674704,20 Years and 6 Months,No,0,179.3112311,LowspentSmallvaluepayments,266.4325189,Good,,,,,,,,,,,,
July,92,Suev,22,18305.25,1557.4375,2,1,4,0,,14,9,5.27,3,Good,363.51,29.81472348,20 Years and 7 Months,NM,0,142.7518958,Low_spent_Small_value_payments,302.9918542,Good,,,,,,,,,,,,
August,92,Suev,22,18305.25_,1557.4375,2,1,207,0,,14,11,5.27,3,Good,363.51,35.59186051,20 Years and 8 Months,No,0,187.3347604,Low_spent_Small_value_payments,258.4089896,Good,,,,,,,,,,,,
January,93,Allison Martelly,25,27865.26,1557.4375,4,3,6,1,Student Loan,22,18,19.05,5,Standard,635.59,27.14233426,30 Years and 4 Months,Yes,17.69844332,213.439601,LowspentSmallvaluepayments,319.4724557,Standard,,,,,,,,,,,,
February,93,Allison Martelly,25,27865.26,2606.105,4,3,6,1,Student Loan,27,18,19.05,5,Standard,635.59,22.01381947,NA,Yes,17.69844332,339.1487277,LowspentSmallvaluepayments,193.763329,Standard,,,,,,,,,,,,
March,93,Allison Martelly,25,27865.26,2606.105,4,3,6,1,Student Loan,22,18,19.05,5,Standard,635.59,23.95474522,30 Years and 6 Months,Yes,17.69844332,10000,HighspentMediumvaluepayments,423.9864337,Standard,,,,,,,,,,,,
April,93,Allison Martelly,25,27865.26,2606.105,4,3,6,1,Student Loan,22,19,19.05,5,Standard,635.59,30.82107192,30 Years and 7 Months,Yes,17.69844332,73.26685798,!@9#%8,419.6451987,Standard,,,,,,,,,,,,
May,93,Allison Martelly,25,27865.26,2606.105,4,3,6,1,Student Loan,22,18,12.05,5,Standard,635.59,24.0051777,30 Years and 8 Months,Yes,17.69844332,156.3272161,LowspentSmallvaluepayments,376.5848406,Standard,,,,,,,,,,,,
June,93,Allison Martelly,26,27865.26,2606.105,4,3,6,1,Student Loan,27,18,19.05,5,Standard,635.59,26.89524308,30 Years and 9 Months,Yes,17.69844332,46.78581394,!@9#%8,436.1262427,Standard,,,,,,,,,,,,
July,93,Allison Martelly,26,27865.26,2606.105,4,3,6,1,Student Loan,22,16,19.05,5,Standard,635.59,36.10027987,NA,Yes,17.69844332,153.6111664,Low_spent_Small_value_payments,379.3008903,Poor,,,,,,,,,,,,
August,93,Allison Martelly,26,27865.26,2606.105,4,3,6,1,Student Loan,22,18,19.05,5,Standard,635.59,25.68737505,30 Years and 11 Months,Yes,17.69844332,117.0336581,Low_spent_Small_value_payments,415.8783985,Poor,,,,,,,,,,,,
January,94,Stempeln,36,23404.86,1899.405,6,5,7,0,,14,17,15.82,5,Standard,35.54,34.05823767,28 Years and 7 Months,Yes,0,84.46263179,LowspentLargevaluepayments,375.4778682,Standard,,,,,,,,,,,,
February,94,Stempeln,36,23404.86,1899.405,6,5,7,0,,8,20,15.82,5,Standard,35.54,38.23037044,NA,NM,0,55.56396607,HighspentMediumvaluepayments,384.3765339,Standard,,,,,,,,,,,,
March,94,Stempeln,36,23404.86,1899.405,6,5,7,0,,12,17,15.82,5,,35.54,27.58078996,28 Years and 9 Months,Yes,0,80.32476098,LowspentLargevaluepayments,379.615739,Standard,,,,,,,,,,,,
April,94,,36,23404.86,1899.405,6,5,7,0,,12,17,15.82,5,Standard,35.54,31.97512201,28 Years and 10 Months,Yes,0,91.24510932,HighspentSmallvaluepayments,358.6953907,Standard,,,,,,,,,,,,
May,94,Stempeln,36,23404.86,1899.405,6,5,7,0,,12,17,15.82,5,Standard,35.54,35.12706006,28 Years and 11 Months,Yes,0,137.274521,LowspentSmallvaluepayments,342.665979,Standard,,,,,,,,,,,,
June,94,Stempeln,36,23404.86,1899.405,6,5,7,0,,12,16,15.82,5,Standard,35.54,27.52690307,29 Years and 0 Months,Yes,0,34.38842729,HighspentLargevaluepayments,395.5520727,Standard,,,,,,,,,,,,
July,94,Stempeln,36,23404.86,1899.405,6,5,7,0,,12,20,21.82,5,Standard,35.54,34.67990222,NA,Yes,0,45.10209479,High_spent_Large_value_payments,384.8384052,Standard,,,,,,,,,,,,
August,94,Stempeln,36,23404.86,1899.405,6,5,7,0,,12,17,_,5,Standard,35.54,32.49157597,29 Years and 2 Months,Yes,0,86.55597978,Low_spent_Small_value_payments,393.3845202,Standard,,,,,,,,,,,,
January,95,Steve Slatery,33,14205.09,1086.7575,7,10,21,8,"Student Loan, Not Specified, Not Specified, Credit-Builder Loan, Student Loan, Mortgage Loan, Not Specified, and Student Loan",33,18,19.42,12,,4845.24,32.31373815,NA,Yes,49.03239547,47.62770058,LowspentSmallvaluepayments,302.015654,Poor,,,,,,,,,,,,
February,95,Steve Slatery,33,14205.09,1086.7575,7,10,21,8,"Student Loan, Not Specified, Not Specified, Credit-Builder Loan, Student Loan, Mortgage Loan, Not Specified, and Student Loan",33,18,19.42,16,Bad,4845.24,25.86541896,13 Years and 5 Months,NM,49.03239547,86.99729209,LowspentSmallvaluepayments,262.6460624,Poor,,,,,,,,,,,,
March,95,Steve Slatery,33,14205.09,1086.7575,7,10,21,8,"Student Loan, Not Specified, Not Specified, Credit-Builder Loan, Student Loan, Mortgage Loan, Not Specified, and Student Loan",35,19,19.42,16,Bad,4845.24,30.56412447,13 Years and 6 Months,Yes,49.03239547,129.6093474,LowspentSmallvaluepayments,220.0340071,Poor,,,,,,,,,,,,
April,95,Steve Slatery,33,14205.09,1086.7575,7,10,21,8,"Student Loan, Not Specified, Not Specified, Credit-Builder Loan, Student Loan, Mortgage Loan, Not Specified, and Student Loan",33,17,19.42,16,Bad,4845.24,34.8974674,13 Years and 7 Months,Yes,49.03239547,72.76043069,LowspentMediumvaluepayments,266.8829238,Standard,,,,,,,,,,,,
May,95,Steve Slatery,33,14205.09,1086.7575,91,10,21,8,"Student Loan, Not Specified, Not Specified, Credit-Builder Loan, Student Loan, Mortgage Loan, Not Specified, and Student Loan",36,19,19.42,16,Bad,4845.24,30.9895037,NA,Yes,49.03239547,64.58804985,LowspentLargevaluepayments,265.0553047,Standard,,,,,,,,,,,,
June,95,,33,14205.09,1086.7575,7,10,21,8,"Student Loan, Not Specified, Not Specified, Credit-Builder Loan, Student Loan, Mortgage Loan, Not Specified, and Student Loan",33,19,19.42,16,,4845.24,35.13626855,13 Years and 9 Months,Yes,49.03239547,15.3362246,HighspentLargevaluepayments,284.3071299,Standard,,,,,,,,,,,,
July,95,Steve Slatery,34,14205.09_,1086.7575,7,688,21,8,"Student Loan, Not Specified, Not Specified, Credit-Builder Loan, Student Loan, Mortgage Loan, Not Specified, and Student Loan",33,19,19.42,16,Bad,4845.24,32.71755304,13 Years and 10 Months,Yes,49.03239547,90.16718068,Low_spent_Small_value_payments,259.4761738,Standard,,,,,,,,,,,,
August,95,Steve Slatery,34,14205.09,,7,10,21,8,"Student Loan, Not Specified, Not Specified, Credit-Builder Loan, Student Loan, Mortgage Loan, Not Specified, and Student Loan",33,21,19.42,16,_,4845.24,28.62089463,13 Years and 11 Months,Yes,49.03239547,45.08912606,Low_spent_Small_value_payments,304.5542285,Poor,,,,,,,,,,,,
January,96,ita Bosed,28,62320.56,5068.38,9,9,18,5,"Debt Consolidation Loan, Home Equity Loan, Auto Loan, Home Equity Loan, and Debt Consolidation Loan",26,15,21.24,10,Bad,3589.56,32.0205367,1 Years and 4 Months,Yes,171.3455597,179.6503063,HighspentMediumvaluepayments,405.842134,Standard,,,,,,,,,,,,
February,96,ita Bosed,28,62320.56,5068.38,9,9,18,5,"Debt Consolidation Loan, Home Equity Loan, Auto Loan, Home Equity Loan, and Debt Consolidation Loan",23,15,17.24,15,Bad,3589.56,39.00855552,1 Years and 5 Months,Yes,171.3455597,102.4200486,HighspentLargevaluepayments,473.0723916,Standard,,,,,,,,,,,,
March,96,ita Bosed,28,62320.56,5068.38,9,9,18,5,"Debt Consolidation Loan, Home Equity Loan, Auto Loan, Home Equity Loan, and Debt Consolidation Loan",22,17,17.24,15,Bad,3589.56,34.20428782,1 Years and 6 Months,NM,171.3455597,162.8413655,HighspentMediumvaluepayments,422.6510748,Standard,,,,,,,,,,,,
April,96,ita Bosed,28,62320.56,5068.38,9,9,18,5,"Debt Consolidation Loan, Home Equity Loan, Auto Loan, Home Equity Loan, and Debt Consolidation Loan",23,15,17.24,15,Bad,3589.56,34.73441662,1 Years and 7 Months,Yes,171.3455597,672.9965674,LowspentSmallvaluepayments,0,Standard,,,,,,,,,,,,
May,96,ita Bosed,28,62320.56,5068.38,9,9,18,5,"Debt Consolidation Loan, Home Equity Loan, Auto Loan, Home Equity Loan, and Debt Consolidation Loan",23,17,17.24,15,Bad,3589.56,37.05281717,1 Years and 8 Months,Yes,171.3455597,327.6725748,!@9#%8,267.8198654,Standard,,,,,,,,,,,,
June,96,ita Bosed,28,62320.56,5068.38,9,9,18,5,"Debt Consolidation Loan, Home Equity Loan, Auto Loan, Home Equity Loan, and Debt Consolidation Loan",23,,17.24,15,Bad,3589.56,34.75027783,1 Years and 9 Months,Yes,171.3455597,,HighspentMediumvaluepayments,513.5324196,Standard,,,,,,,,,,,,
July,96,ita Bosed,28,62320.56,5068.38,9,9,3366,5,"Debt Consolidation Loan, Home Equity Loan, Auto Loan, Home Equity Loan, and Debt Consolidation Loan",23,15,17.24,15,Bad,3589.56,23.11643716,1 Years and 10 Months,Yes,171.3455597,,High_spent_Small_value_payments,500.6954389,Standard,,,,,,,,,,,,
August,96,ita Bosed,28,62320.56,5068.38,9,9,18,5,"Debt Consolidation Loan, Home Equity Loan, Auto Loan, Home Equity Loan, and Debt Consolidation Loan",23,15,17.24,15,_,3589.56,38.3374493,1 Years and 11 Months,NM,171.3455597,171.5108634,High_spent_Small_value_payments,423.9815769,Standard,,,,,,,,,,,,
January,97,Jenniferu,25,43758.34,3454.528333,5,6,12,2,"Personal Loan, and Payday Loan",9,2,4.18,1,Good,1194.28,29.31789666,33 Years and 1 Months,No,56.31142051,229.2590696,HighspentSmallvaluepayments,319.8823432,Good,,,,,,,,,,,,
February,97,Jenniferu,25,43758.34,3454.528333,5,6,12,2,"Personal Loan, and Payday Loan",13,2,4.18,1,Good,1194.28,27.69852435,33 Years and 2 Months,No,56.31142051,417.5305244,LowspentSmallvaluepayments,161.6108884,Good,,,,,,,,,,,,
March,97,Jenniferu,25,43758.34,3454.528333,5,6,5565,2,"Personal Loan, and Payday Loan",18,2,4.18,2,Good,1194.28,26.01121877,33 Years and 3 Months,No,56.31142051,,HighspentMediumvaluepayments,485.3073541,Good,,,,,,,,,,,,
April,97,Jenniferu,25,43758.34,3454.528333,5,6,12,-100,"Personal Loan, and Payday Loan",13,1,4.18,2,Good,1194.28,32.4590762,33 Years and 4 Months,No,56.31142051,10000,LowspentSmallvaluepayments,384.1566324,Good,,,,,,,,,,,,
May,97,,25,43758.34,3454.528333,5,6,12,2,"Personal Loan, and Payday Loan",13,0,,2,Good,1194.28,30.68567908,33 Years and 5 Months,No,56.31142051,389.0516109,LowspentSmallvaluepayments,190.0898019,Good,,,,,,,,,,,,
June,97,Jenniferu,25,43758.34,3454.528333,5,6,12,2,"Personal Loan, and Payday Loan",13,5,4.18,2,Good,1194.28,27.26513495,33 Years and 6 Months,No,56.31142051,147.5732176,HighspentSmallvaluepayments,401.5681952,Good,,,,,,,,,,,,
July,97,Jenniferu,25_,43758.34_,3454.528333,5,6,12,2,"Personal Loan, and Payday Loan",13,2,4.18,2,_,1194.28,31.25060109,33 Years and 7 Months,No,56.31142051,36.81438811,High_spent_Large_value_payments,492.3270247,Standard,,,,,,,,,,,,
August,97,Jenniferu,25,43758.34,3454.528333,5,6,12,2,"Personal Loan, and Payday Loan",11,2,4.18,2,Good,1194.28,35.74253977,33 Years and 8 Months,No,56.31142051,364.2379929,Low_spent_Small_value_payments,214.9034199,Good,,,,,,,,,,,,
January,98,,20,144881.68,11877.47333,3,4,15,4,"Student Loan, Debt Consolidation Loan, Credit-Builder Loan, and Home Equity Loan",6,13,10.1,2,Standard,404.51,33.90967515,25 Years and 9 Months,Yes,414.6560132,10000,HighspentLargevaluepayments,738.2518345,Standard,,,,,,,,,,,,
February,98,B.u,20,144881.68,11877.47333,3,848,15,4,"Student Loan, Debt Consolidation Loan, Credit-Builder Loan, and Home Equity Loan",10,15,10.1,2,Standard,404.51,30.92453971,NA,Yes,44581,237.605283,HighspentLargevaluepayments,775.4860371,Standard,,,,,,,,,,,,
March,98,B.u,20,144881.68,11877.47333,3,4,15,4,"Student Loan, Debt Consolidation Loan, Credit-Builder Loan, and Home Equity Loan",5,13,10.1,2,,404.51,36.28893236,NA,Yes,414.6560132,1270.327961,LowspentSmallvaluepayments,0,Standard,,,,,,,,,,,,
April,98,B.u,20,144881.68,11877.47333,3,4,15,4,"Student Loan, Debt Consolidation Loan, Credit-Builder Loan, and Home Equity Loan",5,13,13.1,2,,404.51,39.2763797,26 Years and 0 Months,Yes,414.6560132,990.2115188,LowspentSmallvaluepayments,72.87980133,Standard,,,,,,,,,,,,
May,98,B.u,20,144881.68,11877.47333,3,4,15,4,"Student Loan, Debt Consolidation Loan, Credit-Builder Loan, and Home Equity Loan",5,16,10.1,2,,404.51,35.32552064,26 Years and 1 Months,Yes,414.6560132,443.9157278,HighspentMediumvaluepayments,579.1755923,Standard,,,,,,,,,,,,
June,98,,20,144881.68,11877.47333,3,4,15,4,"Student Loan, Debt Consolidation Loan, Credit-Builder Loan, and Home Equity Loan",4,13,10.1,2,,404.51,28.15605347,26 Years and 2 Months,Yes,23703,757.8121973,HighspentSmallvaluepayments,275.2791228,Standard,,,,,,,,,,,,
July,98,B.u,20,144881.68,11877.47333,3,4,15,4,"Student Loan, Debt Consolidation Loan, Credit-Builder Loan, and Home Equity Loan",1,13,8.1,2,Standard,404.51_,34.78184822,26 Years and 3 Months,Yes,414.6560132,1075.415681,!@9#%8,0,Standard,,,,,,,,,,,,
August,98,B.u,20,144881.68,11877.47333,3,4,15,4,"Student Loan, Debt Consolidation Loan, Credit-Builder Loan, and Home Equity Loan",3,12,10.1,2,Standard,404.51,37.53634766,26 Years and 4 Months,Yes,414.6560132,553.2672857,High_spent_Small_value_payments,479.8240344,Standard,,,,,,,,,,,,
January,99,Leongy,38,108147.3,8926.275,3,6,6,4,"Personal Loan, Debt Consolidation Loan, Debt Consolidation Loan, and Student Loan",14,20,7.57,0,Standard,1113.06,36.42376664,28 Years and 9 Months,Yes,211.1795816,328.4800428,HighspentSmallvaluepayments,612.9678757,Standard,,,,,,,,,,,,
February,99,Leongy,38,108147.3,8926.275,3,6,6,4,"Personal Loan, Debt Consolidation Loan, Debt Consolidation Loan, and Student Loan",13,19,7.57,0,Standard,1113.06,39.57269231,28 Years and 10 Months,Yes,211.1795816,799.3782051,LowspentMediumvaluepayments,162.0697133,Standard,,,,,,,,,,,,
March,99,Leongy,38,108147.3,8926.275,3,6,6,4,"Personal Loan, Debt Consolidation Loan, Debt Consolidation Loan, and Student Loan",14,21,7.57,0,Standard,1113.06,27.29590216,NA,Yes,211.1795816,116.5331164,HighspentLargevaluepayments,804.914802,Standard,,,,,,,,,,,,
April,99,Leongy,38,108147.3,8926.275,3,6,6,4,"Personal Loan, Debt Consolidation Loan, Debt Consolidation Loan, and Student Loan",14,,7.57,0,Standard,1113.06,30.40254793,29 Years and 0 Months,Yes,211.1795816,10000,HighspentLargevaluepayments,778.6118203,Standard,,,,,,,,,,,,
May,99,Leongy,38,108147.3,8926.275,3,6,6,4,"Personal Loan, Debt Consolidation Loan, Debt Consolidation Loan, and Student Loan",14,20,,0,Standard,1113.06,29.97751441,29 Years and 1 Months,Yes,211.1795816,184.5925317,HighspentLargevaluepayments,736.8553868,Standard,,,,,,,,,,,,
June,99,Leongy,38,108147.3,8926.275,3,6,6,4,"Personal Loan, Debt Consolidation Loan, Debt Consolidation Loan, and Student Loan",14,20,7.57,2,,1113.06,38.51521527,NA,Yes,211.1795816,122.7035818,HighspentMediumvaluepayments,808.7443366,Standard,,,,,,,,,,,,
July,99,,38,108147.3,8926.275,3,6,6,4,"Personal Loan, Debt Consolidation Loan, Debt Consolidation Loan, and Student Loan",13,20,3.57,2,Standard,1113.06,28.12417326,29 Years and 3 Months,Yes,211.1795816,366.4328884,High_spent_Medium_value_payments,565.0150301,Good,,,,,,,,,,,,
August,99,Leongy,38,108147.3,8926.275,3,6,6,4,"Personal Loan, Debt Consolidation Loan, Debt Consolidation Loan, and Student Loan",14,20,7.57,2,Standard,1113.06,35.89139751,29 Years and 4 Months,Yes,37514,946.1555103,Low_spent_Small_value_payments,25.29240814,Good,,,,,,,,,,,,
January,100,Vaughano,27,17759.1,1533.925,6,8,19,5,"Student Loan, Personal Loan, Home Equity Loan, Home Equity Loan, and Auto Loan",20,20,5.2,10,Bad,3598.39,27.22856802,4 Years and 9 Months,Yes,64.55062049,190.0547612,LowspentSmallvaluepayments,188.7871183,Standard,,,,,,,,,,,,
February,100,Vaughano,27,17759.1,1533.925,6,8,19,5,"Student Loan, Personal Loan, Home Equity Loan, Home Equity Loan, and Auto Loan",24,20,5.2,10,Bad,3598.39,38.05162518,NA,Yes,64.55062049,114.1743166,LowspentSmallvaluepayments,264.6675629,Poor,,,,,,,,,,,,
March,100,Vaughano,27,17759.1,1533.925,6,8,19,5,"Student Loan, Personal Loan, Home Equity Loan, Home Equity Loan, and Auto Loan",24,21,10.2,10,Bad,3598.39,39.37829033,4 Years and 11 Months,Yes,64.55062049,130.3179505,LowspentLargevaluepayments,228.523929,Poor,,,,,,,,,,,,
April,100,Vaughano,27,17759.1,1533.925,6,8,19,5,"Student Loan, Personal Loan, Home Equity Loan, Home Equity Loan, and Auto Loan",24,20,5.2,10,Bad,3598.39,29.44796845,5 Years and 0 Months,Yes,64.55062049,195.1092462,LowspentSmallvaluepayments,183.7326333,Poor,,,,,,,,,,,,
May,100,Vaughano,27,17759.1,1533.925,6,8,19,5,"Student Loan, Personal Loan, Home Equity Loan, Home Equity Loan, and Auto Loan",24,,5.2,10,Bad,3598.39,30.14370368,5 Years and 1 Months,NM,64.55062049,206.4503839,LowspentSmallvaluepayments,172.3914957,Standard,,,,,,,,,,,,
June,100,Vaughano,27,17759.1,1533.925,6,8,19,5,"Student Loan, Personal Loan, Home Equity Loan, Home Equity Loan, and Auto Loan",24,,5.2,10,,3598.39,35.28592081,5 Years and 2 Months,NM,64.55062049,157.3673523,LowspentMediumvaluepayments,211.4745272,Poor,,,,,,,,,,,,
July,100,Vaughano,28,17759.1,1533.925,6,8,19,5,"Student Loan, Personal Loan, Home Equity Loan, Home Equity Loan, and Auto Loan",24,23,10.2,10,Bad,3598.39,26.49577649,5 Years and 3 Months,Yes,64.55062049,170.5238203,Low_spent_Small_value_payments,208.3180592,Poor,,,,,,,,,,,,
August,100,Vaughano,28,17759.1,1533.925,6,8,19,5,"Student Loan, Personal Loan, Home Equity Loan, Home Equity Loan, and Auto Loan",26,20,5.2,10,Bad,3598.39,28.18214114,5 Years and 4 Months,Yes,64.55062049,123.0800366,Low_spent_Medium_value_payments,245.7618429,Poor,,,,,,,,,,,,
January,101,Doris Frankelj,37,85328.73,6858.7275,3,4,11,1,Student Loan,11,17,1.83,1,Good,585.05,28.02456085,31 Years and 7 Months,No,68.45896611,145.0907844,!@9#%8,712.3229995,Good,,,,,,,,,,,,
February,101,Doris Frankelj,37,85328.73,6858.7275,3,4,11,1,Student Loan,12,18,6.83,2,Good,585.05,28.27046488,NA,No,68.45896611,106.5877387,HighspentLargevaluepayments,750.8260452,Good,,,,,,,,,,,,
March,101,,37,85328.73,6858.7275,3,4,11,1,Student Loan,7,17,1.83,,Good,585.05,29.33563866,31 Years and 9 Months,No,68.45896611,318.3073417,LowspentMediumvaluepayments,579.1064422,Good,,,,,,,,,,,,
April,101,Doris Frankelj,37,85328.73,6858.7275,3,4,11,1,Student Loan,12,17,-2.17,2,Good,585.05,30.07533269,31 Years and 10 Months,No,68.45896611,203.0705331,LowspentMediumvaluepayments,694.3432508,Good,,,,,,,,,,,,
May,101,Doris Frankelj,37,85328.73,6858.7275,3,4,11,1,Student Loan,12,14,1.83,2,Good,585.05,38.05151985,31 Years and 11 Months,No,68.45896611,95.81963874,HighspentMediumvaluepayments,771.5941452,Good,,,,,,,,,,,,
June,101,Doris Frankelj,37,85328.73,6858.7275,3,4,11,1,Student Loan,12,14,1.83,2,Good,585.05,37.64923016,32 Years and 0 Months,No,68.45896611,137.1702844,HighspentLargevaluepayments,720.2434995,Good,,,,,,,,,,,,
July,101,Doris Frankelj,37,85328.73,,3,4,11,1,Student Loan,12,17,1.83,2,Good,585.05,25.71911559,32 Years and 1 Months,NM,68.45896611,440.1803239,Low_spent_Small_value_payments,467.23346,Good,,,,,,,,,,,,
August,101,Doris Frankelj,37,85328.73,6858.7275,528,4,11,1,Student Loan,17,834,1.83,2,_,585.05,22.56544762,32 Years and 2 Months,No,68.45896611,610.8695367,Low_spent_Medium_value_payments,286.5442472,Good,,,,,,,,,,,,
January,102,,26,134321.44,11064.45333,3,5,12,4,"Student Loan, Student Loan, Debt Consolidation Loan, and Mortgage Loan",26,19,11.09,3,Standard,1428.68,26.75528646,32 Years and 8 Months,Yes,253.6882437,715.7040605,LowspentMediumvaluepayments,417.0530291,Standard,,,,,,,,,,,,
February,102,,26,134321.44,11064.45333,3,5,12,-100,"Student Loan, Student Loan, Debt Consolidation Loan, and Mortgage Loan",26,19,11.09,3,Standard,1428.68,39.90369227,32 Years and 9 Months,Yes,253.6882437,10000,LowspentMediumvaluepayments,335.9725019,Standard,,,,,,,,,,,,
March,102,Alexei Oreskovicf,26,134321.44,11064.45333,3,5,12,1464,"Student Loan, Student Loan, Debt Consolidation Loan, and Mortgage Loan",26,21,4.09,3,Standard,1428.68,34.22349216,32 Years and 10 Months,Yes,253.6882437,,HighspentLargevaluepayments,949.50237,Standard,,,,,,,,,,,,
April,102,Alexei Oreskovicf,27,134321.44,9997.592514,3,5,12,4,"Student Loan, Student Loan, Debt Consolidation Loan, and Mortgage Loan",26,22,11.09,3,,1428.68,37.94748333,32 Years and 11 Months,Yes,1320.549063,461.5302283,HighspentMediumvaluepayments,641.2268614,Standard,,,,,,,,,,,,
May,102,Alexei Oreskovicf,27,134321.44,9997.592514,3,5,12,4,"Student Loan, Student Loan, Debt Consolidation Loan, and Mortgage Loan",26,21,11.09,3,Standard,1428.68,31.98128604,33 Years and 0 Months,Yes,1320.549063,259.4569536,HighspentLargevaluepayments,833.300136,Good,,,,,,,,,,,,
June,102,,27,134321.44,9997.592514,3,5,12,4,"Student Loan, Student Loan, Debt Consolidation Loan, and Mortgage Loan",26,19,11.09,3,Standard,1428.68,40.96972833,33 Years and 1 Months,Yes,1320.549063,598.8624397,HighspentSmallvaluepayments,513.89465,Good,,,,,,,,,,,,
July,102,Alexei Oreskovicf,27_,134321.44_,9997.592514,3,5,12,4,"Student Loan, Student Loan, Debt Consolidation Loan, and Mortgage Loan",26,19,12.09,3,Standard,1428.68,24.28560556,33 Years and 2 Months,Yes,1320.549063,530.8205695,High_spent_Small_value_payments,581.9365201,Good,,,,,,,,,,,,
August,102,Alexei Oreskovicf,27,134321.44,9997.592514,3,5,12,4,"Student Loan, Student Loan, Debt Consolidation Loan, and Mortgage Loan",29,20,11.09,3,Standard,1428.68,35.52332578,33 Years and 3 Months,NM,1320.549063,209.5174827,High_spent_Medium_value_payments,893.2396069,Standard,,,,,,,,,,,,
January,103,Jamiec,24,61008,5235,10,5,32,4,"Auto Loan, Auto Loan, Student Loan, and Home Equity Loan",16,19,19.44,12,Standard,1755.81,27.37324216,8 Years and 9 Months,Yes,189.4265307,218.2076697,HighspentMediumvaluepayments,365.8657996,Poor,,,,,,,,,,,,
February,103,Jamiec,24,61008,5235,10,5,32,4,"Auto Loan, Auto Loan, Student Loan, and Home Equity Loan",16,19,19.44,12,Standard,1755.81,32.45474799,8 Years and 10 Months,Yes,189.4265307,677.4251029,LowspentSmallvaluepayments,0,Poor,,,,,,,,,,,,
March,103,,24,61008,5235,10,5,32,4,"Auto Loan, Auto Loan, Student Loan, and Home Equity Loan",16,19,19.44,12,Standard,1755.81,32.98956713,8 Years and 11 Months,Yes,189.4265307,165.2171154,LowspentLargevaluepayments,438.8563539,Poor,,,,,,,,,,,,
April,103,Jamiec,24,61008,5235,10,5,32,4,"Auto Loan, Auto Loan, Student Loan, and Home Equity Loan",16,19,19.44,12,Standard,1755.81,32.85587002,9 Years and 0 Months,Yes,20478,73.60092894,HighspentLargevaluepayments,500.4725404,Poor,,,,,,,,,,,,
May,103,Jamiec,24,61008,5235,10,5,32,4,"Auto Loan, Auto Loan, Student Loan, and Home Equity Loan",16,20,19.44,12,Standard,1755.81,29.51708332,9 Years and 1 Months,Yes,189.4265307,255.8771888,LowspentMediumvaluepayments,358.1962805,Standard,,,,,,,,,,,,
June,103,Jamiec,24,61008,5235,10,5,32,4,"Auto Loan, Auto Loan, Student Loan, and Home Equity Loan",16,19,19.44,12,,1755.81,29.07238717,9 Years and 2 Months,Yes,189.4265307,201.6860912,HighspentMediumvaluepayments,382.3873781,Poor,,,,,,,,,,,,
July,103,Jamiec,24,61008,5235,10,5,32,4,"Auto Loan, Auto Loan, Student Loan, and Home Equity Loan",14,19,15.44,17,_,1755.81,25.47367254,9 Years and 3 Months,Yes,29071,123.6062227,High_spent_Medium_value_payments,460.4672466,Poor,,,,,,,,,,,,
August,103,Jamiec,24,61008,5235,10,5,32,4,"Auto Loan, Auto Loan, Student Loan, and Home Equity Loan",16,19,19.44,17,Standard,1755.81,41.88727835,NA,Yes,189.4265307,196.6664451,High_spent_Medium_value_payments,387.4070242,Poor,,,,,,,,,,,,
January,104,Anna Driverq,19,28665.76,2582.813333,7,3,5,1,Debt Consolidation Loan,14,10,11.32,0,Standard,1237.46,36.6396993,24 Years and 3 Months,No,22.68817758,340.9908376,LowspentSmallvaluepayments,184.6023182,Standard,,,,,,,,,,,,
February,104,Anna Driverq,19,28665.76,2582.813333,7,3,5,1,Debt Consolidation Loan,16,10,0.32,0,Standard,1237.46,34.10061402,24 Years and 4 Months,No,22.68817758,182.0336712,LowspentLargevaluepayments,323.5594845,Standard,,,,,,,,,,,,
March,104,Anna Driverq,19,28665.76,2582.813333,7,3,5,1,Debt Consolidation Loan,16,13,4.32,0,Standard,1237.46,31.42349681,24 Years and 5 Months,NM,22.68817758,117.0473528,HighspentSmallvaluepayments,378.5458029,Standard,,,,,,,,,,,,
April,104,Anna Driverq,19,28665.76,2582.813333,7,3,5,1,Debt Consolidation Loan,16,11,4.32,0,Standard,1237.46,33.37386506,24 Years and 6 Months,No,22.68817758,80.25709666,HighspentMediumvaluepayments,405.3360591,Standard,,,,,,,,,,,,
May,104,Anna Driverq,19,28665.76,2582.813333,7,1163,5,1,Debt Consolidation Loan,16,10,4.32,0,Standard,1237.46,36.48458788,24 Years and 7 Months,No,22.68817758,236.8815961,!@9#%8,288.7115597,Standard,,,,,,,,,,,,
June,104,Anna Driverq,19,28665.76,2582.813333,7,3,5,1,Debt Consolidation Loan,16,10,4.32,0,Standard,1237.46,33.84501778,24 Years and 8 Months,No,22.68817758,138.3066033,LowspentMediumvaluepayments,377.2865525,Standard,,,,,,,,,,,,
July,104,Anna Driverq,19,28665.76,2582.813333,7,3,5,1,Debt Consolidation Loan,16,12,4.32,0,Standard,1237.46,31.57468547,24 Years and 9 Months,No,22.68817758,,Low_spent_Medium_value_payments,291.7291401,Standard,,,,,,,,,,,,
August,104,Anna Driverq,19,28665.76,2582.813333,7,3,713,1,Debt Consolidation Loan,16,10,4.32,0,_,1237.46,33.53347693,24 Years and 10 Months,No,22.68817758,175.7926144,Low_spent_Small_value_payments,349.8005414,Standard,,,,,,,,,,,,
January,105,Andrewm,18,56803.71,4620.6425,7,5,25,6,"Mortgage Loan, Student Loan, Student Loan, Payday Loan, Mortgage Loan, and Debt Consolidation Loan",51,26,16.23,11,Bad,2593.44,29.75653236,5 Years and 9 Months,Yes,187.1902189,10000,LowspentSmallvaluepayments,243.0942731,Standard,,,,,,,,,,,,
February,105,Andrewm,18,56803.71,4620.6425,7,5,25,6,"Mortgage Loan, Student Loan, Student Loan, Payday Loan, Mortgage Loan, and Debt Consolidation Loan",46,23,16.23,11,Bad,2593.44,36.3448053,5 Years and 10 Months,NM,187.1902189,272.4220305,HighspentSmallvaluepayments,262.4520007,Standard,,,,,,,,,,,,
March,105,Andrewm,18,56803.71,4620.6425,7,5,25,6,"Mortgage Loan, Student Loan, Student Loan, Payday Loan, Mortgage Loan, and Debt Consolidation Loan",46,20,16.23,11,Bad,2593.44,27.19245683,5 Years and 11 Months,Yes,187.1902189,154.3728581,HighspentMediumvaluepayments,370.5011731,Standard,,,,,,,,,,,,
April,105,Andrewm,18,56803.71,4620.6425,7,5,3951,6,"Mortgage Loan, Student Loan, Student Loan, Payday Loan, Mortgage Loan, and Debt Consolidation Loan",46,23,21.23,11,,2593.44,32.07852764,6 Years and 0 Months,Yes,187.1902189,186.0685566,HighspentSmallvaluepayments,348.8054746,Standard,,,,,,,,,,,,
May,105,Andrewm,19,56803.71,4620.6425,7,5,25,6,"Mortgage Loan, Student Loan, Student Loan, Payday Loan, Mortgage Loan, and Debt Consolidation Loan",46,24,16.23,11,Bad,2593.44,25.31414163,6 Years and 1 Months,NM,187.1902189,160.9121209,HighspentMediumvaluepayments,363.9619102,Standard,,,,,,,,,,,,
June,105,,19,56803.71,4620.6425,7,5,25,6,"Mortgage Loan, Student Loan, Student Loan, Payday Loan, Mortgage Loan, and Debt Consolidation Loan",46,23,16.23,11,,2593.44,38.78579181,6 Years and 2 Months,NM,187.1902189,94.38794945,HighspentLargevaluepayments,420.4860817,Standard,,,,,,,,,,,,
July,105,Andrewm,19_,56803.71,4620.6425,7,5,25,6,"Mortgage Loan, Student Loan, Student Loan, Payday Loan, Mortgage Loan, and Debt Consolidation Loan",44,23,16.23,11,Bad,2593.44,34.3173365,6 Years and 3 Months,Yes,187.1902189,199.8510081,Low_spent_Medium_value_payments,355.023023,Poor,,,,,,,,,,,,
August,105,,19,56803.71_,4620.6425,7,5,25,6,"Mortgage Loan, Student Loan, Student Loan, Payday Loan, Mortgage Loan, and Debt Consolidation Loan",44,23,16.23,11,Bad,2593.44,27.15124298,NA,Yes,187.1902189,359.738694,Low_spent_Small_value_payments,205.1353372,Poor,,,,,,,,,,,,
January,106,Soyoungc,31,38364.82,2904.068333,9,6,32,4,"Not Specified, Debt Consolidation Loan, Home Equity Loan, and Mortgage Loan",34,22,3.44,11,Bad,1973.63,37.66455307,NA,NM,74.85037188,74.79251895,HighspentMediumvaluepayments,390.7639425,Poor,,,,,,,,,,,,
February,106,Soyoungc,31,38364.82,2904.068333,9,6,32,4,"Not Specified, Debt Consolidation Loan, Home Equity Loan, and Mortgage Loan",34,22,3.44,11,Bad,1973.63,25.56656333,19 Years and 4 Months,Yes,74.85037188,280.3850232,LowspentSmallvaluepayments,225.1714383,Poor,,,,,,,,,,,,
March,106,Soyoungc,32,38364.82,2904.068333,9,6,32,4,"Not Specified, Debt Consolidation Loan, Home Equity Loan, and Mortgage Loan",34,22,0.44,11,Bad,1973.63,26.07823491,19 Years and 5 Months,Yes,74.85037188,123.9038606,LowspentLargevaluepayments,361.6526009,Poor,,,,,,,,,,,,
April,106,Soyoungc,32,38364.82,2904.068333,9,6,32,4,"Not Specified, Debt Consolidation Loan, Home Equity Loan, and Mortgage Loan",34,22,3.44,11,Bad,1973.63,26.267351,19 Years and 6 Months,Yes,74.85037188,111.0394321,LowspentLargevaluepayments,374.5170294,Poor,,,,,,,,,,,,
May,106,Soyoungc,32,38364.82,2904.068333,9,6,32,4,"Not Specified, Debt Consolidation Loan, Home Equity Loan, and Mortgage Loan",31,20,3.44,11,Bad,1973.63,32.1711038,19 Years and 7 Months,Yes,74.85037188,42.18845308,HighspentLargevaluepayments,413.3680084,Poor,,,,,,,,,,,,
June,106,Soyoungc,32,38364.82,2904.068333,9,6,32,4,"Not Specified, Debt Consolidation Loan, Home Equity Loan, and Mortgage Loan",34,22,3.44,11,Bad,1973.63,23.79219323,19 Years and 8 Months,NM,74.85037188,10000,HighspentSmallvaluepayments,327.0650688,Poor,,,,,,,,,,,,
July,106,Soyoungc,32,38364.82,2904.068333,9,6,32,4,"Not Specified, Debt Consolidation Loan, Home Equity Loan, and Mortgage Loan",34,23,3.44,11,_,1973.63,41.3820315,19 Years and 9 Months,Yes,74.85037188,41.52856863,High_spent_Medium_value_payments,424.0278928,Poor,,,,,,,,,,,,
August,106,,32,38364.82,2904.068333,9,6,32,4,"Not Specified, Debt Consolidation Loan, Home Equity Loan, and Mortgage Loan",34,22,3.44,,Bad,1973.63,35.43225494,19 Years and 10 Months,Yes,74.85037188,73.01267544,High_spent_Small_value_payments,402.543786,Poor,,,,,,,,,,,,
January,107,Ritsukoh,21,66528.24,2904.068333,5,5,5189,0,,17,9,7.65,2,Standard,1460.8,26.42518128,22 Years and 4 Months,Yes,0,139.5745607,HighspentLargevaluepayments,673.7274393,Standard,,,,,,,,,,,,
February,107,Ritsukoh,21,66528.24,5733.02,5,5,11,0,,19,8,13.65,2,Standard,1460.8,38.25186383,22 Years and 5 Months,Yes,0,38.94642667,HighspentLargevaluepayments,774.3555733,Standard,,,,,,,,,,,,
March,107,Ritsukoh,21,66528.24,5733.02,5,5,11,0,,15,9,13.65,2,Standard,1460.8,32.53387309,22 Years and 6 Months,Yes,0,98.82755375,!@9#%8,724.4744463,Standard,,,,,,,,,,,,
April,107,Ritsukoh,21,66528.24,5733.02,5,5,11,0,,17,11,13.65,2,Standard,1460.8,36.63336352,22 Years and 7 Months,Yes,0,215.6186379,HighspentMediumvaluepayments,607.6833621,Standard,,,,,,,,,,,,
May,107,Ritsukoh,21,66528.24,5733.02,5,5,11,0,,17,12,13.65,2,,1460.8,34.37396536,NA,Yes,0,247.4272856,HighspentSmallvaluepayments,585.8747144,Standard,,,,,,,,,,,,
June,107,Ritsukoh,21,66528.24,5733.02,5,5,872,0,,17,9,13.65,2,Standard,1460.8,27.50257202,22 Years and 9 Months,Yes,0,97.04179086,HighspentLargevaluepayments,716.2602091,Standard,,,,,,,,,,,,
July,107,Ritsukoh,21,66528.24,5733.02,5,5,11,0,,17,10,13.65,2,_,1460.8,35.34067014,22 Years and 10 Months,Yes,0,106.2105466,High_spent_Medium_value_payments,717.0914534,Standard,,,,,,,,,,,,
August,107,Ritsukoh,22,66528.24,5733.02,5,5,11,0,,20,12,13.65,2,_,1460.8,30.58597494,22 Years and 11 Months,NM,0,158.4202048,High_spent_Medium_value_payments,664.8817952,Standard,,,,,,,,,,,,
January,108,ernieh,55,19403.405,1904.950417,1,7,3,3,"Debt Consolidation Loan, Debt Consolidation Loan, and Credit-Builder Loan",13,9,3.9,2,,339.11,31.22930685,16 Years and 4 Months,No,39.21491443,52.12810762,HighspentMediumvaluepayments,349.1520196,Standard,,,,,,,,,,,,
February,108,ernieh,55,19403.405,1904.950417,1,7,3,3,"Debt Consolidation Loan, Debt Consolidation Loan, and Credit-Builder Loan",13,11,3.9,2,Good,339.11,36.5078306,16 Years and 5 Months,No,39.21491443,125.9483687,LowspentSmallvaluepayments,315.3317585,Standard,,,,,,,,,,,,
March,108,ernieh,55,19403.405,1904.950417,1,7,3,3,"Debt Consolidation Loan, Debt Consolidation Loan, and Credit-Builder Loan",11,9,3.9,2,Good,339.11,33.68727673,16 Years and 6 Months,No,39.21491443,192.718754,LowspentSmallvaluepayments,248.5613732,Standard,,,,,,,,,,,,
April,108,ernieh,55,19403.405,1904.950417,1,7,3,-100,"Debt Consolidation Loan, Debt Consolidation Loan, and Credit-Builder Loan",13,,3.9,2,,339.11,38.25840231,16 Years and 7 Months,NM,39.21491443,186.9890358,LowspentMediumvaluepayments,244.2910915,Standard,,,,,,,,,,,,
May,108,ernieh,55,19403.405,1904.950417,1,7,3,3,"Debt Consolidation Loan, Debt Consolidation Loan, and Credit-Builder Loan",12,9,3.9,2,,339.11,36.82660981,16 Years and 8 Months,No,39.21491443,169.8581974,LowspentLargevaluepayments,251.4219299,Standard,,,,,,,,,,,,
June,108,ernieh,55,19403.405,1904.950417,1,7,3,-100,"Debt Consolidation Loan, Debt Consolidation Loan, and Credit-Builder Loan",13,9,,2,Good,339.11,25.84913168,NA,No,3125,71.55927579,HighspentMediumvaluepayments,329.7208514,Standard,,,,,,,,,,,,
July,108,ernieh,55,8908998.0_,1904.950417,1,7,3,3,"Debt Consolidation Loan, Debt Consolidation Loan, and Credit-Builder Loan",13,9,3.9,2,Good,339.11,34.28632546,16 Years and 10 Months,No,39.21491443,93.05878805,Low_spent_Small_value_payments,348.2213392,Poor,,,,,,,,,,,,
August,108,ernieh,55,19403.405,1904.950417,1,7,3,3,"Debt Consolidation Loan, Debt Consolidation Loan, and Credit-Builder Loan",13,10,-1.1,2,Good,339.11,38.3686739,16 Years and 11 Months,No,39.21491443,214.8208575,Low_spent_Small_value_payments,226.4592697,Poor,,,,,,,,,,,,
January,109,Matt Falloono,19,31122.79,2761.565833,7,5,12,0,,28,20,9.75,2,Standard,358.6,30.79484745,22 Years and 9 Months,No,0,220.5130602,LowspentLargevaluepayments,325.6435231,Standard,,,,,,,,,,,,
February,109,,19,31122.79,2761.565833,7,5,12,0,,28,20,9.75,2,Standard,358.6,31.60070425,22 Years and 10 Months,No,0,249.6968801,LowspentMediumvaluepayments,306.4597033,Standard,,,,,,,,,,,,
March,109,Matt Falloono,19,31122.79,2761.565833,7,5,12,0,,28,20,9.75,2,Standard,358.6,32.51956159,22 Years and 11 Months,No,0,57.2407224,HighspentLargevaluepayments,458.9158609,Standard,,,,,,,,,,,,
April,109,Matt Falloono,19,31122.79,2761.565833,7,5,12,0,,28,21,2.75,4,Standard,358.6,26.85277506,NA,No,0,158.2697734,HighspentSmallvaluepayments,377.88681,Standard,,,,,,,,,,,,
May,109,Matt Falloono,19,31122.79,2761.565833,7,5,12,0,,28,20,9.75,4,Standard,358.6,27.1376456,23 Years and 1 Months,No,0,230.722102,LowspentSmallvaluepayments,335.4344814,Standard,,,,,,,,,,,,
June,109,Matt Falloono,19,31122.79,2761.565833,7,5,12,0,,23,18,9.75,4,Standard,358.6,34.55576314,23 Years and 2 Months,No,0,200.0838001,LowspentLargevaluepayments,346.0727832,Standard,,,,,,,,,,,,
July,109,Matt Falloono,19,31122.79,2761.565833,7,5,12,0,,28,19,9.75,4,Standard,358.6,37.36020301,23 Years and 3 Months,No,0,372.6784246,Low_spent_Small_value_payments,193.4781587,Standard,,,,,,,,,,,,
August,109,Matt Falloono,19,31122.79,2761.565833,7,5,12,0,,31,20,9.75,4,_,358.6,41.00475108,NA,No,0,,High_spent_Medium_value_payments,446.7819896,Standard,,,,,,,,,,,,
January,110,John McCrankg,19,15015.4,1213.283333,5,5,9,1,Debt Consolidation Loan,23,9,5.04,1,Good,330.17,33.27002451,21 Years and 7 Months,No,11.68573457,92.11412378,LowspentSmallvaluepayments,307.528475,Poor,,,,,,,,,,,,
February,110,John McCrankg,19,15015.4,1213.283333,5,5,9,-100,Debt Consolidation Loan,25,10,5.04,1,Good,330.17,29.99075632,21 Years and 8 Months,No,11.68573457,75.14400572,LowspentSmallvaluepayments,324.4985931,Poor,,,,,,,,,,,,
March,110,John McCrankg,19,15015.4,1213.283333,5,5,9,1,Debt Consolidation Loan,25,11,5.04,1,Good,330.17,24.24900974,21 Years and 9 Months,No,11.68573457,48.25865276,LowspentSmallvaluepayments,351.383946,Poor,,,,,,,,,,,,
April,110,John McCrankg,19,15015.4,1213.283333,5,5,9,1,Debt Consolidation Loan,25,,1.04,1,Good,330.17,37.84241153,21 Years and 10 Months,NM,11.68573457,69.60003309,LowspentMediumvaluepayments,320.0425657,Poor,,,,,,,,,,,,
May,110,John McCrankg,19,15015.4,1213.283333,5,5,9,1,Debt Consolidation Loan,21,14,5.04,1,,330.17,30.23488554,21 Years and 11 Months,No,11.68573457,136.4954553,LowspentSmallvaluepayments,263.1471434,Poor,,,,,,,,,,,,
June,110,John McCrankg,20,15015.4,1213.283333,5,5,9,1,Debt Consolidation Loan,23,11,5.04,1,Good,330.17,29.92099563,22 Years and 0 Months,No,11.68573457,50.73793309,!@9#%8,348.9046657,Poor,,,,,,,,,,,,
July,110,John McCrankg,20,15015.4,1213.283333,5,5,9,1,Debt Consolidation Loan,25,11,5.04,1,_,330.17,27.12472606,NA,No,11.68573457,143.6535739,Low_spent_Small_value_payments,255.9890249,Poor,,,,,,,,,,,,
August,110,John McCrankg,20,15015.4,,5,5,9,1,Debt Consolidation Loan,27,8,5.04,1,Good,330.17,28.38062138,22 Years and 2 Months,No,11.68573457,162.5753084,Low_spent_Small_value_payments,237.0672904,Standard,,,,,,,,,,,,
January,111,Hornbyg,34,19777.05,1728.0875,5,3,3,3,"Student Loan, Debt Consolidation Loan, and Auto Loan",19,3,5.95,1,Good,186.16,38.41845963,21 Years and 7 Months,No,29.04553332,10000,HighspentSmallvaluepayments,357.4905567,Poor,,,,,,,,,,,,
February,111,Hornbyg,34,19777.05,1728.0875,5,3,3,3,"Student Loan, Debt Consolidation Loan, and Auto Loan",19,,,1,Good,186.16,26.60266394,21 Years and 8 Months,No,29.04553332,39.27209392,HighspentMediumvaluepayments,354.4911228,Poor,,,,,,,,,,,,
March,111,Hornbyg,34,19777.05,1728.0875,5,3,3,3,"Student Loan, Debt Consolidation Loan, and Auto Loan",19,3,11.95,1,Good,186.16,26.27606328,NA,NM,29.04553332,25.1512005,HighspentMediumvaluepayments,368.6120162,Standard,,,,,,,,,,,,
April,111,Hornbyg,34,19777.05,1728.0875,5,3,3,3,"Student Loan, Debt Consolidation Loan, and Auto Loan",24,3,5.95,1,,186.16,30.27714749,21 Years and 10 Months,No,29.04553332,193.1579358,LowspentSmallvaluepayments,240.6052809,Poor,,,,,,,,,,,,
May,111,Hornbyg,34,19777.05,1728.0875,5,3,3,3,"Student Loan, Debt Consolidation Loan, and Auto Loan",22,3,5.95,1,,186.16,28.98331009,21 Years and 11 Months,No,29.04553332,,HighspentSmallvaluepayments,298.4092616,Poor,,,,,,,,,,,,
June,111,Hornbyg,34,19777.05,1728.0875,5,3,3,3,"Student Loan, Debt Consolidation Loan, and Auto Loan",19,,5.95,1,Good,186.16,39.95698734,22 Years and 0 Months,No,29.04553332,10000,LowspentLargevaluepayments,363.640576,Poor,,,,,,,,,,,,
July,111,Hornbyg,34,19777.05,1728.0875,5,3,2199,3,"Student Loan, Debt Consolidation Loan, and Auto Loan",16,,-0.05,1,Good,186.16,24.62688823,22 Years and 1 Months,No,29.04553332,178.2016825,Low_spent_Medium_value_payments,245.5615342,Poor,,,,,,,,,,,,
August,111,Hornbyg,34,19777.05,1728.0875,5,3,3,3,"Student Loan, Debt Consolidation Loan, and Auto Loan",19,3,5.95,1,Good,186.16,38.13596102,22 Years and 2 Months,No,29.04553332,65.37503748,Low_spent_Medium_value_payments,358.3881792,Poor,,,,,,,,,,,,
January,112,Toonkelf,24,20188.02,1851.335,4,3,6,3,"Mortgage Loan, Student Loan, and Mortgage Loan",10,5,1.31,0,,399.92,28.54258478,20 Years and 2 Months,No,25.58028082,147.6362135,LowspentLargevaluepayments,281.9170057,Standard,,,,,,,,,,,,
February,112,Toonkelf,24,20188.02,1851.335,4,3,6,3,"Mortgage Loan, Student Loan, and Mortgage Loan",9,6,8.31,0,Good,399.92,31.3632289,20 Years and 3 Months,NM,25.58028082,35.50111934,HighspentLargevaluepayments,364.0520998,Standard,,,,,,,,,,,,
March,112,,24,20188.02,1851.335,4,3,6,3,"Mortgage Loan, Student Loan, and Mortgage Loan",9,8,3.31,0,Good,399.92,39.07337919,20 Years and 4 Months,No,25.58028082,79.8774261,HighspentSmallvaluepayments,339.6757931,Good,,,,,,,,,,,,
April,112,Toonkelf,24,20188.02,1851.335,4,3,6,3,"Mortgage Loan, Student Loan, and Mortgage Loan",13,3,1.31,0,Good,399.92,26.40738386,NA,No,25.58028082,98.28930196,LowspentMediumvaluepayments,341.2639172,Good,,,,,,,,,,,,
May,112,Toonkelf,24,20188.02,1851.335,4,3,6,3,"Mortgage Loan, Student Loan, and Mortgage Loan",9,6,1.31,0,Good,399.92,33.00461132,20 Years and 6 Months,No,25.58028082,148.2581692,LowspentMediumvaluepayments,291.29505,Standard,,,,,,,,,,,,
June,112,Toonkelf,25,20188.02,1851.335,4,3,2862,3,"Mortgage Loan, Student Loan, and Mortgage Loan",9,6,1.31,0,Good,399.92,37.28999202,20 Years and 7 Months,NM,25.58028082,22.78993516,HighspentMediumvaluepayments,386.763284,Good,,,,,,,,,,,,
July,112,Toonkelf,25,20188.02,1851.335,4,3,6,3,"Mortgage Loan, Student Loan, and Mortgage Loan",9,6,1.31,0,Good,399.92,24.02168185,20 Years and 8 Months,No,25.58028082,50.96786774,High_spent_Medium_value_payments,358.5853514,Good,,,,,,,,,,,,
August,112,,25,9351702,1851.335,4,3,6,3,"Mortgage Loan, Student Loan, and Mortgage Loan",9,6,1.31,0,Good,399.92,36.09663269,20 Years and 9 Months,No,25.58028082,101.3538321,High_spent_Small_value_payments,318.1993871,Good,,,,,,,,,,,,
January,113,,54,41345.58,1851.335,0,5,10,0,,7,3,2.42,4,,646.47,23.04195122,NA,No,0,,LowspentSmallvaluepayments,187.9342805,Standard,,,,,,,,,,,,
February,113,Aless ray,54,41345.58,3260.465,0,5,10,0,,7,,6.42,4,,646.47,34.16352449,28 Years and 2 Months,No,0,110.074478,HighspentMediumvaluepayments,465.972022,Standard,,,,,,,,,,,,
March,113,Aless ray,54,41345.58,3260.465,0,674,10,0,,7,0,3.42,7,,646.47,27.7470489,28 Years and 3 Months,No,0,69.28882473,HighspentMediumvaluepayments,506.7576753,Standard,,,,,,,,,,,,
April,113,Aless ray,54,41345.58,3260.465,0,5,10,0,,12,0,6.42,7,Good,646.47,30.25251837,28 Years and 4 Months,No,0,10000,!@9#%8,323.1918538,Poor,,,,,,,,,,,,
May,113,Aless ray,54,41345.58,3260.465,0,5,10,0,,7,0,6.42,7,Good,646.47,32.69081341,28 Years and 5 Months,No,0,36.94720504,HighspentMediumvaluepayments,539.099295,Poor,,,,,,,,,,,,
June,113,Aless ray,54,41345.58,3260.465,0,5,3863,0,,2,0,6.42,7,Good,646.47,32.62574506,28 Years and 6 Months,No,0,115.5128542,LowspentSmallvaluepayments,500.5336458,Poor,,,,,,,,,,,,
July,113,Aless ray,54,41345.58,3260.465,0,5,10,0,,9,0,6.42,7,Good,646.47,28.45811668,28 Years and 7 Months,No,0,286.3830601,Low_spent_Medium_value_payments,319.6634399,Poor,,,,,,,,,,,,
August,113,,54,41345.58,3260.465,0,5,10,0,,7,0,6.42,7,Good,646.47,23.74405012,28 Years and 8 Months,No,0,101.5909584,!@9#%8,494.4555416,Poor,,,,,,,,,,,,
January,114,Stevee,31,55151.04,3260.465,10,6,23,6,"Auto Loan, Auto Loan, Credit-Builder Loan, Not Specified, Not Specified, and Not Specified",31,17,10.64,,Bad,1743.83,30.30098553,12 Years and 2 Months,Yes,171.8230674,262.8372921,LowspentMediumvaluepayments,315.8316405,Poor,,,,,,,,,,,,
February,114,Stevee,31,55151.04,4704.92,10,6,23,-100,"Auto Loan, Auto Loan, Credit-Builder Loan, Not Specified, Not Specified, and Not Specified",31,17,10.64,9,Bad,1743.83,27.25049996,12 Years and 3 Months,Yes,171.8230674,139.0744818,HighspentMediumvaluepayments,409.5944508,Poor,,,,,,,,,,,,
March,114,Stevee,32,55151.04,4704.92,10,6,23,6,"Auto Loan, Auto Loan, Credit-Builder Loan, Not Specified, Not Specified, and Not Specified",31,17,14.64,9,Bad,1743.83,40.66800182,NA,Yes,171.8230674,467.7339131,LowspentSmallvaluepayments,120.9350195,Poor,,,,,,,,,,,,
April,114,Stevee,32,55151.04,4704.92,10,6,23,6,"Auto Loan, Auto Loan, Credit-Builder Loan, Not Specified, Not Specified, and Not Specified",31,17,10.64,9,Bad,1743.83,32.49312412,NA,Yes,171.8230674,287.5477079,LowspentMediumvaluepayments,291.1212247,Poor,,,,,,,,,,,,
May,114,Stevee,32,55151.04,4704.92,10,6,23,6,"Auto Loan, Auto Loan, Credit-Builder Loan, Not Specified, Not Specified, and Not Specified",36,17,10.64,9,Bad,1743.83,26.56636948,12 Years and 6 Months,Yes,171.8230674,174.9210371,HighspentMediumvaluepayments,373.7478955,Poor,,,,,,,,,,,,
June,114,Stevee,32,55151.04,4704.92,10,6,23,6,"Auto Loan, Auto Loan, Credit-Builder Loan, Not Specified, Not Specified, and Not Specified",31,17,10.64,9,Bad,1743.83,39.26946645,12 Years and 7 Months,Yes,171.8230674,104.8775327,HighspentMediumvaluepayments,443.7913999,Poor,,,,,,,,,,,,
July,114,Stevee,32,55151.04,4704.92,10,6,23,6,"Auto Loan, Auto Loan, Credit-Builder Loan, Not Specified, Not Specified, and Not Specified",29,19,10.64,9,Bad,1743.83,37.18200363,12 Years and 8 Months,Yes,171.8230674,112.5496148,High_spent_Medium_value_payments,436.1193178,Poor,,,,,,,,,,,,
August,114,Stevee,32,55151.04,,10,6,23,6,"Auto Loan, Auto Loan, Credit-Builder Loan, Not Specified, Not Specified, and Not Specified",31,17,10.64,,Bad,1743.83,31.46145399,NA,Yes,171.8230674,,Low_spent_Small_value_payments,114.7645422,Standard,,,,,,,,,,,,
January,115,Mariy,39,30536.62,2430.718333,6,6,7,2,"Auto Loan, and Auto Loan",19,7,9.33,4,Standard,687.87,31.02265867,15 Years and 4 Months,Yes,42.97244102,96.7289942,HighspentMediumvaluepayments,353.3703981,Standard,,,,,,,,,,,,
February,115,Mariy,39,30536.62,2430.718333,6,6,7,2,"Auto Loan, and Auto Loan",19,8,9.33,,Standard,687.87,31.64432344,15 Years and 5 Months,Yes,42.97244102,75.76028912,HighspentMediumvaluepayments,374.3391032,Standard,,,,,,,,,,,,
March,115,Mariy,39,30536.62,2430.718333,6,6,7,2,"Auto Loan, and Auto Loan",19,8,9.33,4,,687.87,38.63550085,15 Years and 6 Months,Yes,42.97244102,36.6414243,HighspentMediumvaluepayments,413.457968,Standard,,,,,,,,,,,,
April,115,Mariy,39,30536.62,2430.718333,6,6,7,2,"Auto Loan, and Auto Loan",19,8,9.33,4,Standard,687.87,35.47567291,15 Years and 7 Months,Yes,42.97244102,140.1876944,!@9#%8,349.9116979,Standard,,,,,,,,,,,,
May,115,Mariy,39,30536.62,2430.718333,6,6,7,2,"Auto Loan, and Auto Loan",19,8,4.33,4,,687.87,35.24894992,15 Years and 8 Months,Yes,42.97244102,115.5844975,LowspentLargevaluepayments,354.5148948,Poor,,,,,,,,,,,,
June,115,,39,30536.62,2430.718333,6,6,7,2,"Auto Loan, and Auto Loan",19,8,9.33,4,,687.87,28.52498558,15 Years and 9 Months,Yes,42.97244102,97.5118362,HighspentMediumvaluepayments,352.5875561,Poor,,,,,,,,,,,,
July,115,Mariy,39,2547968,2430.718333,6,6,7,2,"Auto Loan, and Auto Loan",19,10,5.33,4,Standard,687.87,30.43696563,15 Years and 10 Months,Yes,42.97244102,10000,Low_spent_Large_value_payments,366.6393791,Poor,,,,,,,,,,,,
August,115,Mariy,39,30536.62_,2430.718333,6,6,7,2_,"Auto Loan, and Auto Loan",19,8,9.33,4,Standard,687.87,40.2042282,15 Years and 11 Months,Yes,42.97244102,227.9884331,Low_spent_Small_value_payments,262.1109593,Standard,,,,,,,,,,,,
January,116,Rl,29,147499.6,12353.63333,2,2,12,2,"Payday Loan, and Debt Consolidation Loan",14,3,4.21,1,Good,1250.67,42.25298015,20 Years and 3 Months,No,192.2064833,10000,HighspentSmallvaluepayments,1041.077483,Standard,,,,,,,,,,,,
February,116,Rl,29,147499.6,12353.63333,2,2,12,2,"Payday Loan, and Debt Consolidation Loan",14,3,8.21,1,Good,1250.67,37.95506377,20 Years and 4 Months,No,192.2064833,,LowspentSmallvaluepayments,685.0242473,Good,,,,,,,,,,,,
March,116,Rl,29,147499.6,12353.63333,2,2,12,2,"Payday Loan, and Debt Consolidation Loan",12,6,5.21,1,Good,1250.67,27.98833245,20 Years and 5 Months,No,192.2064833,443.1864811,HighspentSmallvaluepayments,859.970369,Good,,,,,,,,,,,,
April,116,Rl,29,147499.6,12353.63333,2,2,12,2,"Payday Loan, and Debt Consolidation Loan",14,3,4.21,1,,1250.67,30.59014317,20 Years and 6 Months,No,192.2064833,1031.330809,LowspentMediumvaluepayments,291.8260413,Standard,,,,,,,,,,,,
May,116,Rl,29,147499.6,12353.63333,2,2,12,2,"Payday Loan, and Debt Consolidation Loan",9,0,4.21,1,Good,1250.67,26.78468276,20 Years and 7 Months,No,192.2064833,396.4144419,LowspentMediumvaluepayments,926.7424081,Good,,,,,,,,,,,,
June,116,Rl,29,147499.6,12353.63333,2,1315,12,2,"Payday Loan, and Debt Consolidation Loan",15,3,4.21,1,,1250.67,25.76759328,20 Years and 8 Months,No,192.2064833,960.8408779,LowspentMediumvaluepayments,362.3159722,Good,,,,,,,,,,,,
July,116,,29,147499.6,12353.63333,2,2,12,2_,"Payday Loan, and Debt Consolidation Loan",14,0,4.21,2,Good,1250.67,25.36282174,20 Years and 9 Months,No,192.2064833,825.241686,Low_spent_Small_value_payments,507.9151641,Good,,,,,,,,,,,,
August,116,Rl,29,147499.6,12353.63333,2,2,12,2,"Payday Loan, and Debt Consolidation Loan",14,2,0.21,2,Good,1250.67,30.58439367,NA,No,192.2064833,855.2316937,High_spent_Small_value_payments,447.9251564,Good,,,,,,,,,,,,
January,117,Kevinq,42,20005.22,1683.101667,8,3,6,4,"Home Equity Loan, Credit-Builder Loan, Personal Loan, and Not Specified",22,20,18.33,8,,1859.45,38.05357747,12 Years and 5 Months,Yes,59.51321413,219.6562015,LowspentSmallvaluepayments,179.1407511,Standard,,,,,,,,,,,,
February,117,Kevinq,42,20005.22,1683.101667,8,3,6,4,"Home Equity Loan, Credit-Builder Loan, Personal Loan, and Not Specified",22,22,21.33,8,Standard,1859.45,32.77031221,12 Years and 6 Months,Yes,59.51321413,166.333815,LowspentMediumvaluepayments,222.4631375,Standard,,,,,,,,,,,,
March,117,Kevinq,42,20005.22,1683.101667,8,3,6,4,"Home Equity Loan, Credit-Builder Loan, Personal Loan, and Not Specified",25,23,,13,Standard,1859.45,29.83677528,12 Years and 7 Months,Yes,59.51321413,127.6645957,LowspentMediumvaluepayments,261.1323568,Standard,,,,,,,,,,,,
April,117,Kevinq,42,20005.22,1683.101667,8,3,6,4,"Home Equity Loan, Credit-Builder Loan, Personal Loan, and Not Specified",22,20,16.33,13,,1859.45,32.08626927,12 Years and 8 Months,NM,59.51321413,99.05570259,LowspentLargevaluepayments,279.7412499,Standard,,,,,,,,,,,,
May,117,Kevinq,42,20005.22,1683.101667,8,3,6,4,"Home Equity Loan, Credit-Builder Loan, Personal Loan, and Not Specified",17,20,18.33,13,Standard,1859.45,40.33681367,12 Years and 9 Months,Yes,59.51321413,34.82607388,HighspentSmallvaluepayments,333.9708787,Standard,,,,,,,,,,,,
June,117,Kevinq,43,20005.22,1683.101667,8,3,6,4,"Home Equity Loan, Credit-Builder Loan, Personal Loan, and Not Specified",22,20,18.33,13,Standard,1859.45,31.04169773,12 Years and 10 Months,Yes,59.51321413,33.73289502,HighspentMediumvaluepayments,325.0640575,Standard,,,,,,,,,,,,
July,117,,43,20005.22,1683.101667,8,3,6,4,"Home Equity Loan, Credit-Builder Loan, Personal Loan, and Not Specified",23,21,18.33,13,_,1859.45,38.64931582,12 Years and 11 Months,NM,59.51321413,71.5462556,Low_spent_Large_value_payments,307.2506969,Poor,,,,,,,,,,,,
August,117,Kevinq,43,20005.22,1683.101667,8,3,6,4,"Home Equity Loan, Credit-Builder Loan, Personal Loan, and Not Specified",22,20,18.33,13,Standard,1859.45,25.47481436,13 Years and 0 Months,Yes,59.51321413,176.4455731,Low_spent_Small_value_payments,222.3513795,Poor,,,,,,,,,,,,
January,118,Clarkew,32,19795.52,1662.626667,6,9,34,8,"Mortgage Loan, Home Equity Loan, Personal Loan, Payday Loan, Not Specified, Student Loan, Payday Loan, and Payday Loan",15,21,22.79,10,Bad,3135.02,37.82075621,2 Years and 3 Months,Yes,130.4754707,77.06641227,LowspentSmallvaluepayments,248.7207837,Standard,,,,,,,,,,,,
February,118,Clarkew,32,19795.52,1662.626667,7,10,34,8,"Mortgage Loan, Home Equity Loan, Personal Loan, Payday Loan, Not Specified, Student Loan, Payday Loan, and Payday Loan",15,22,22.79,15,Bad,3135.02,26.82623712,2 Years and 4 Months,Yes,130.4754707,174.7103102,LowspentSmallvaluepayments,151.0768857,Poor,,,,,,,,,,,,
March,118,Clarkew,32,19795.52,1662.626667,7,10,34,8,"Mortgage Loan, Home Equity Loan, Personal Loan, Payday Loan, Not Specified, Student Loan, Payday Loan, and Payday Loan",15,21,22.79,15,Bad,3135.02,27.57515856,2 Years and 5 Months,Yes,130.4754707,61.27863699,HighspentMediumvaluepayments,224.508559,Poor,,,,,,,,,,,,
April,118,Clarkew,32,19795.52,1662.626667,7,10,34,8,"Mortgage Loan, Home Equity Loan, Personal Loan, Payday Loan, Not Specified, Student Loan, Payday Loan, and Payday Loan",15,18,28.79,15,,3135.02,36.64689472,2 Years and 6 Months,Yes,130.4754707,76.75799675,LowspentLargevaluepayments,229.0291992,Poor,,,,,,,,,,,,
May,118,Clarkew,32,19795.52,1662.626667,7,10,34,8,"Mortgage Loan, Home Equity Loan, Personal Loan, Payday Loan, Not Specified, Student Loan, Payday Loan, and Payday Loan",15,21,22.79,15,Bad,3135.02,34.36590976,2 Years and 7 Months,Yes,130.4754707,143.6098707,LowspentLargevaluepayments,162.1773252,Poor,,,,,,,,,,,,
June,118,,33,19795.52,1662.626667,7,10,34,8,"Mortgage Loan, Home Equity Loan, Personal Loan, Payday Loan, Not Specified, Student Loan, Payday Loan, and Payday Loan",15,21,22.79,15,Bad,3135.02,28.86964153,2 Years and 8 Months,NM,130.4754707,104.3003302,HighspentSmallvaluepayments,191.4868658,Poor,,,,,,,,,,,,
July,118,Clarkew,33,19795.52,,7,10,34,8,"Mortgage Loan, Home Equity Loan, Personal Loan, Payday Loan, Not Specified, Student Loan, Payday Loan, and Payday Loan",15,21,22.79,15,Bad,3135.02,26.5065768,2 Years and 9 Months,Yes,130.4754707,110.6100301,High_spent_Small_value_payments,185.1771658,Poor,,,,,,,,,,,,
August,118,Clarkew,33_,19795.52,1662.626667,7,10,34,8,"Mortgage Loan, Home Equity Loan, Personal Loan, Payday Loan, Not Specified, Student Loan, Payday Loan, and Payday Loan",14,21,22.79,15,Bad,3135.02,29.88483228,2 Years and 10 Months,Yes,130.4754707,176.0736371,Low_spent_Small_value_payments,149.7135589,Poor,,,,,,,,,,,,
January,119,Taylorq,33,60938.13,5163.1775,10,8,31,8,"Payday Loan, Payday Loan, Not Specified, Student Loan, Mortgage Loan, Payday Loan, Mortgage Loan, and Credit-Builder Loan",24,18,12.49,9,Bad,3947.24,21.7448835,4 Years and 10 Months,Yes,378.3046734,166.4876761,HighspentSmallvaluepayments,231.5254005,Poor,,,,,,,,,,,,
February,119,Taylorq,33,60938.13,5163.1775,10,8,31,8,"Payday Loan, Payday Loan, Not Specified, Student Loan, Mortgage Loan, Payday Loan, Mortgage Loan, and Credit-Builder Loan",23,18,16.49,9,,3947.24,24.10018317,NA,Yes,378.3046734,10000,LowspentSmallvaluepayments,0,Poor,,,,,,,,,,,,
March,119,Taylorq,33,60938.13,5163.1775,10,8,31,8,"Payday Loan, Payday Loan, Not Specified, Student Loan, Mortgage Loan, Payday Loan, Mortgage Loan, and Credit-Builder Loan",26,17,17.49,76,Bad,3947.24,25.8211221,5 Years and 0 Months,Yes,378.3046734,570.8378294,LowspentSmallvaluepayments,0,Standard,,,,,,,,,,,,
April,119,Taylorq,33,60938.13,5163.1775,10,8,3579,8,"Payday Loan, Payday Loan, Not Specified, Student Loan, Mortgage Loan, Payday Loan, Mortgage Loan, and Credit-Builder Loan",26,18,17.49,9,Bad,3947.24,29.55800086,5 Years and 1 Months,Yes,378.3046734,205.355955,HighspentSmallvaluepayments,192.6571217,Poor,,,,,,,,,,,,
May,119,Taylorq,34,60938.13,5163.1775,10,1130,31,8,"Payday Loan, Payday Loan, Not Specified, Student Loan, Mortgage Loan, Payday Loan, Mortgage Loan, and Credit-Builder Loan",26,21,17.49,9,Bad,3947.24,35.40968589,5 Years and 2 Months,Yes,378.3046734,464.5784432,!@9#%8,0,Poor,,,,,,,,,,,,
June,119,Taylorq,34,60938.13,5163.1775,10,8,31,8,"Payday Loan, Payday Loan, Not Specified, Student Loan, Mortgage Loan, Payday Loan, Mortgage Loan, and Credit-Builder Loan",26,18,23.49,9,Bad,3947.24,30.93143532,5 Years and 3 Months,Yes,378.3046734,118.582521,HighspentLargevaluepayments,259.4305556,Poor,,,,,,,,,,,,
July,119,,34,60938.13,5163.1775,10,8,31,-100,"Payday Loan, Payday Loan, Not Specified, Student Loan, Mortgage Loan, Payday Loan, Mortgage Loan, and Credit-Builder Loan",26,18,17.49,9,_,3947.24,28.90992845,5 Years and 4 Months,Yes,378.3046734,509.0452194,Low_spent_Small_value_payments,0,Poor,,,,,,,,,,,,
August,119,Taylorq,34_,60938.13,5163.1775,10,8,31,8,"Payday Loan, Payday Loan, Not Specified, Student Loan, Mortgage Loan, Payday Loan, Mortgage Loan, and Credit-Builder Loan",26,21,17.49,9,Bad,3947.24,36.59127764,5 Years and 5 Months,Yes,378.3046734,,Low_spent_Large_value_payments,269.7162744,Poor,,,,,,,,,,,,
January,120,Marilynj,54,80396.86,6623.738333,5,7,9,0,,8,11,10.47,0,Good,1357.54,34.92686537,26 Years and 5 Months,No,0,266.0130452,HighspentMediumvaluepayments,646.3607881,Good,,,,,,,,,,,,
February,120,Marilynj,54,80396.86,6623.738333,5,7,9,-100,,8,11,10.47,0,Good,1357.54,37.80897424,26 Years and 6 Months,No,0,482.1142572,LowspentLargevaluepayments,450.2595761,Good,,,,,,,,,,,,
March,120,Marilynj,54,80396.86,6623.738333,5,7,9,0,,8,13,10.47,0,,1357.54,38.45991946,26 Years and 7 Months,No,0,159.9030718,HighspentMediumvaluepayments,752.4707615,Standard,,,,,,,,,,,,
April,120,Marilynj,54,80396.86,6623.738333,5,7,9,0,,8,10,10.47,0,Good,1357.54,31.31834536,26 Years and 8 Months,No,0,305.4240013,LowspentSmallvaluepayments,646.949832,Standard,,,,,,,,,,,,
May,120,,54,80396.86,6623.738333,5,451,1649,0,,7,,17.47,0,Good,1357.54,29.0785458,26 Years and 9 Months,No,0,,HighspentMediumvaluepayments,724.5586823,Standard,,,,,,,,,,,,
June,120,Marilynj,54,80396.86,6623.738333,5,7,9,0,,8,11,10.47,0,Good,1357.54,26.53000279,26 Years and 10 Months,No,0,422.5870729,LowspentMediumvaluepayments,519.7867604,Standard,,,,,,,,,,,,
July,120,Marilynj,54,80396.86,6623.738333,5,7,9,0,,8,11,10.47,0,Good,1357.54,32.26751526,26 Years and 11 Months,No,0,230.9764287,High_spent_Small_value_payments,691.3974047,Standard,,,,,,,,,,,,
August,120,Marilynj,54,80396.86,,5,7,9,0,,8,11,10.47,,Good,1357.54,30.88198148,27 Years and 0 Months,No,0,665.0311265,Low_spent_Medium_value_payments,277.3427068,Standard,,,,,,,,,,,,
January,121,Browningo,42,57610.32,0,8,10,25,9,"Personal Loan, Student Loan, Payday Loan, Personal Loan, Not Specified, Not Specified, Mortgage Loan, Not Specified, and Home Equity Loan",41,23,21.31,7,Bad,4428.64,40.4575377,1 Years and 5 Months,NM,256.2341792,10000,LowspentMediumvaluepayments,53.7543837,Poor,,,,,,,,,,,,
February,121,Browningo,42,57610.32,4517.86,8,10,25,9,"Personal Loan, Student Loan, Payday Loan, Personal Loan, Not Specified, Not Specified, Mortgage Loan, Not Specified, and Home Equity Loan",41,23,21.31,7,Bad,4428.64,30.25440338,1 Years and 6 Months,Yes,256.2341792,135.0449567,HighspentMediumvaluepayments,310.506864,Poor,,,,,,,,,,,,
March,121,Browningo,42,57610.32,4517.86,8,10,25,9,"Personal Loan, Student Loan, Payday Loan, Personal Loan, Not Specified, Not Specified, Mortgage Loan, Not Specified, and Home Equity Loan",41,,21.31,7,Bad,4428.64,31.6279151,1 Years and 7 Months,Yes,256.2341792,146.147221,HighspentMediumvaluepayments,299.4045998,Standard,,,,,,,,,,,,
April,121,Browningo,42,57610.32,4517.86,8,10,25,9,"Personal Loan, Student Loan, Payday Loan, Personal Loan, Not Specified, Not Specified, Mortgage Loan, Not Specified, and Home Equity Loan",41,23,21.31,7,Bad,4428.64,37.0851965,1 Years and 8 Months,Yes,256.2341792,36.03012555,HighspentLargevaluepayments,399.5216952,Poor,,,,,,,,,,,,
May,121,Browningo,42,57610.32,4517.86,8,10,25,9,"Personal Loan, Student Loan, Payday Loan, Personal Loan, Not Specified, Not Specified, Mortgage Loan, Not Specified, and Home Equity Loan",41,23,21.31,7,Bad,4428.64,27.24640215,1 Years and 9 Months,Yes,256.2341792,186.604381,LowspentLargevaluepayments,278.9474397,Poor,,,,,,,,,,,,
June,121,Browningo,42,57610.32,4517.86,8,10,25,9,"Personal Loan, Student Loan, Payday Loan, Personal Loan, Not Specified, Not Specified, Mortgage Loan, Not Specified, and Home Equity Loan",41,23,21.31,7,Bad,4428.64,24.53738087,1 Years and 10 Months,Yes,256.2341792,415.0140243,LowspentMediumvaluepayments,60.5377965,Poor,,,,,,,,,,,,
July,121,Browningo,42_,57610.32,4517.86,8,10,25,9,"Personal Loan, Student Loan, Payday Loan, Personal Loan, Not Specified, Not Specified, Mortgage Loan, Not Specified, and Home Equity Loan",44,,21.31,7,Bad,4428.64,32.6574666,1 Years and 11 Months,Yes,256.2341792,68.05560653,High_spent_Medium_value_payments,377.4962142,Poor,,,,,,,,,,,,
August,121,Browningo,43_,57610.32,4517.86,8,10,25,9,"Personal Loan, Student Loan, Payday Loan, Personal Loan, Not Specified, Not Specified, Mortgage Loan, Not Specified, and Home Equity Loan",41,23,21.31,7,Bad,4428.64,37.74050202,2 Years and 0 Months,Yes,256.2341792,110.7525603,High_spent_Large_value_payments,324.7992604,Poor,,,,,,,,,,,,
January,122,Mutikanib,36,18717.02,1294.751667,8,5,15,5,"Debt Consolidation Loan, Credit-Builder Loan, Credit-Builder Loan, Personal Loan, and Not Specified",14,20,10.3,7,Standard,2103.99,32.72190461,15 Years and 4 Months,Yes,60.64699329,172.2831653,LowspentSmallvaluepayments,186.5450081,Poor,,,,,,,,,,,,
February,122,Mutikanib,36,18717.02,1294.751667,8,5,15,5,"Debt Consolidation Loan, Credit-Builder Loan, Credit-Builder Loan, Personal Loan, and Not Specified",9,19,10.3,10,Standard,2103.99,28.88914591,15 Years and 5 Months,NM,60.64699329,51.66822154,!@9#%8,307.1599518,Poor,,,,,,,,,,,,
March,122,,36,18717.02,1294.751667,8,5,15,-100,"Debt Consolidation Loan, Credit-Builder Loan, Credit-Builder Loan, Personal Loan, and Not Specified",9,17,9.3,10,,2103.99,30.04811835,15 Years and 6 Months,Yes,60.64699329,,LowspentSmallvaluepayments,275.1046939,Poor,,,,,,,,,,,,
April,122,Mutikanib,36,18717.02,1294.751667,8,5,15,5,"Debt Consolidation Loan, Credit-Builder Loan, Credit-Builder Loan, Personal Loan, and Not Specified",11,18,10.3,10,Standard,2103.99,25.27099616,15 Years and 7 Months,Yes,60.64699329,71.0085451,!@9#%8,257.8196283,Standard,,,,,,,,,,,,
May,122,Mutikanib,36,18717.02,1294.751667,8,5,15,5,"Debt Consolidation Loan, Credit-Builder Loan, Credit-Builder Loan, Personal Loan, and Not Specified",9,19,10.3,10,,2103.99,27.19345256,15 Years and 8 Months,Yes,60.64699329,39.90549924,HighspentMediumvaluepayments,278.9226741,Standard,,,,,,,,,,,,
June,122,Mutikanib,36,18717.02,1294.751667,8,5,15,5,"Debt Consolidation Loan, Credit-Builder Loan, Credit-Builder Loan, Personal Loan, and Not Specified",9,16,10.3,10,Standard,2103.99,31.58328883,15 Years and 9 Months,Yes,60.64699329,,HighspentMediumvaluepayments,274.9008231,Standard,,,,,,,,,,,,
July,122,,37,18717.02,1294.751667,8,5,15,5,"Debt Consolidation Loan, Credit-Builder Loan, Credit-Builder Loan, Personal Loan, and Not Specified",7,18,10.3,10,Standard,2103.99,33.81312965,15 Years and 10 Months,Yes,60.64699329,82.39371116,Low_spent_Small_value_payments,276.4344622,Poor,,,,,,,,,,,,
August,122,Mutikanib,37,18717.02,,8,5,15,5,"Debt Consolidation Loan, Credit-Builder Loan, Credit-Builder Loan, Personal Loan, and Not Specified",4,18,15.3,10,Standard,2103.99,29.0506668,15 Years and 11 Months,Yes,60.64699329,66.72044916,Low_spent_Small_value_payments,292.1077242,Standard,,,,,,,,,,,,
January,123,,17,19163.22,1346.935,3,7,7,2,"Personal Loan, and Payday Loan",23,18,8.76,5,Standard,2226.37,38.08096369,16 Years and 2 Months,Yes,24.17564765,15.20673351,HighspentMediumvaluepayments,345.3111188,Standard,,,,,,,,,,,,
February,123,Scott Maloneq,17,19163.22,1346.935,3,7,7,2,"Personal Loan, and Payday Loan",23,19,8.76,5,Standard,2226.37,35.68057374,16 Years and 3 Months,Yes,24.17564765,165.7348717,LowspentSmallvaluepayments,234.7829806,Standard,,,,,,,,,,,,
March,123,Scott Maloneq,17,19163.22,1346.935,3,7,7,2,"Personal Loan, and Payday Loan",21,18,5.76,5,Standard,2226.37,31.19125771,16 Years and 4 Months,Yes,24.17564765,167.8781191,!@9#%8,232.6397333,Standard,,,,,,,,,,,,
April,123,Scott Maloneq,17,19163.22,1346.935,3,7,7,2,"Personal Loan, and Payday Loan",18,19,8.76,5,,2226.37,26.14779838,16 Years and 5 Months,Yes,24.17564765,35.39321437,HighspentMediumvaluepayments,325.124638,Good,,,,,,,,,,,,
May,123,Scott Maloneq,17,19163.22,1346.935,3,7,7,2,"Personal Loan, and Payday Loan",25,18,2.76,5,Standard,2226.37,35.98159627,16 Years and 6 Months,NM,24.17564765,13.80248657,HighspentLargevaluepayments,336.7153658,Good,,,,,,,,,,,,
June,123,Scott Maloneq,17,19163.22,1346.935,3,7,7,2,"Personal Loan, and Payday Loan",18,18,8.76,5,Standard,2226.37,36.34917939,16 Years and 7 Months,Yes,24.17564765,81.72630033,HighspentSmallvaluepayments,288.791552,Good,,,,,,,,,,,,
July,123,Scott Maloneq,17,19163.22,1346.935,3,7,7,2,"Personal Loan, and Payday Loan",23,19,15.76,5,Standard,2226.37,36.87039623,16 Years and 8 Months,Yes,24.17564765,,Low_spent_Small_value_payments,302.2441735,Standard,,,,,,,,,,,,
August,123,Scott Maloneq,17,19163.22,1346.935,3,7,7,2,"Personal Loan, and Payday Loan",23,22,8.76,9,Standard,2226.37,22.40065718,NA,Yes,24.17564765,175.6598194,Low_spent_Small_value_payments,224.8580329,Standard,,,,,,,,,,,,
January,124,Strupczewskid,48,94554.87,1346.935,2,6,2,0,,9,0,9.24,3,,1487.9,27.61540225,22 Years and 1 Months,No,0,626.30901,LowspentSmallvaluepayments,455.14824,Good,,,,,,,,,,,,
February,124,Strupczewskid,48,94554.87,7914.5725,2,6,2,0,,9,0,9.24,3,Good,1487.9,30.87069771,NA,No,0,300.3255397,LowspentLargevaluepayments,761.1317103,Good,,,,,,,,,,,,
March,124,Strupczewskid,48,94554.87,7914.5725,2,6,2,-100,,9,1,9.24,3,,1487.9,36.70593008,22 Years and 3 Months,No,0,443.7484006,!@9#%8,607.7088494,Good,,,,,,,,,,,,
April,124,Strupczewskid,48,94554.87,7914.5725,2,6,2,0,,9,0,2.24,3,Good,1487.9,32.9629716,22 Years and 4 Months,No,25056,409.4268586,LowspentMediumvaluepayments,662.0303914,Good,,,,,,,,,,,,
May,124,Strupczewskid,48,94554.87,7914.5725,2,6,2,0,,9,0,9.24,3,Good,1487.9,34.25162577,22 Years and 5 Months,No,0,119.4020845,HighspentMediumvaluepayments,922.0551655,Good,,,,,,,,,,,,
June,124,Strupczewskid,48,94554.87,7914.5725,2,6,2,0,,4,,9.24,3,Good,1487.9,41.30293329,22 Years and 6 Months,No,0,10000,HighspentLargevaluepayments,946.5394343,Good,,,,,,,,,,,,
July,124,Strupczewskid,48,94554.87,7914.5725,2,6,2,0,,9,1,9.24,3,_,1487.9,28.22359532,22 Years and 7 Months,No,0,312.0343642,High_spent_Medium_value_payments,729.4228858,Standard,,,,,,,,,,,,
August,124,Strupczewskid,48,94554.87,,2,6,2,0,,9,0,3.24,3,Good,1487.9,25.96845245,22 Years and 8 Months,No,0,240.1119977,Low_spent_Large_value_payments,821.3452523,Good,,,,,,,,,,,,
January,125,Henry Foyi,27,63536.98,5382.748333,4,5,12,2,"Debt Consolidation Loan, and Auto Loan",29,14,15.78,4,,89.62,34.95044799,30 Years and 9 Months,Yes,69.10085253,517.0200747,LowspentSmallvaluepayments,242.1539061,Standard,,,,,,,,,,,,
February,125,Henry Foyi,27,63536.98,5382.748333,4,5,12,2,"Debt Consolidation Loan, and Auto Loan",33,,14.78,4,Standard,89.62,35.39597764,30 Years and 10 Months,Yes,69.10085253,36.73241195,HighspentLargevaluepayments,672.4415688,Standard,,,,,,,,,,,,
March,125,Henry Foyi,27,63536.98,5382.748333,4,5,12,2,"Debt Consolidation Loan, and Auto Loan",26,16,17.78,4,Standard,89.62,35.72994933,30 Years and 11 Months,Yes,69.10085253,97.69166507,HighspentLargevaluepayments,611.4823157,Standard,,,,,,,,,,,,
April,125,Henry Foyi,27,63536.98,5382.748333,4,5,12,2,"Debt Consolidation Loan, and Auto Loan",29,15,18.78,4,Standard,89.62,37.01537952,31 Years and 0 Months,NM,69.10085253,528.334993,LowspentSmallvaluepayments,230.8389878,Standard,,,,,,,,,,,,
May,125,Henry Foyi,27,63536.98,5382.748333,4,5,12,2,"Debt Consolidation Loan, and Auto Loan",29,13,14.78,4,Standard,89.62,37.3898604,31 Years and 1 Months,Yes,69.10085253,,HighspentSmallvaluepayments,440.9182314,Standard,,,,,,,,,,,,
June,125,Henry Foyi,27,63536.98,5382.748333,4,5,12,2,"Debt Consolidation Loan, and Auto Loan",29,16,14.78,4,Standard,89.62,34.81149096,31 Years and 2 Months,Yes,69.10085253,451.6381889,LowspentLargevaluepayments,287.5357919,Standard,,,,,,,,,,,,
July,125,Henry Foyi,27,63536.98,5382.748333,4,5,12,2,"Debt Consolidation Loan, and Auto Loan",29,16,14.78,4,Standard,89.62,40.06478712,31 Years and 3 Months,Yes,69.10085253,151.0388705,High_spent_Medium_value_payments,568.1351103,Standard,,,,,,,,,,,,
August,125,Henry Foyi,27,63536.98,5382.748333,4,5,12,2_,"Debt Consolidation Loan, and Auto Loan",29,16,14.78,9,Standard,89.62,37.45884228,31 Years and 4 Months,Yes,69.10085253,10000,High_spent_Medium_value_payments,529.4183765,Standard,,,,,,,,,,,,
January,126,,39,9983.345,758.9454167,6,10,15,5,"Not Specified, Student Loan, Auto Loan, Payday Loan, and Auto Loan",22,16,10.26,11,Standard,1823.35,36.98828769,9 Years and 2 Months,NM,29.24151869,,LowspentSmallvaluepayments,261.6554806,Poor,,,,,,,,,,,,
February,126,Jan Schwartze,39,9983.345,758.9454167,6,10,15,5,"Not Specified, Student Loan, Auto Loan, Payday Loan, and Auto Loan",22,16,10.26,11,,1823.35,29.50942274,9 Years and 3 Months,Yes,29.24151869,18.18202077,HighspentMediumvaluepayments,278.4710022,Poor,,,,,,,,,,,,
March,126,Jan Schwartze,39,9983.345,758.9454167,7,11,15,5,"Not Specified, Student Loan, Auto Loan, Payday Loan, and Auto Loan",22,16,12.26,11,Standard,1823.35,39.63775601,9 Years and 4 Months,Yes,29.24151869,47.64921348,LowspentMediumvaluepayments,279.0038095,Standard,,,,,,,,,,,,
April,126,Jan Schwartze,39,9983.345,758.9454167,7,11,15,5,"Not Specified, Student Loan, Auto Loan, Payday Loan, and Auto Loan",22,16,17.26,11,Standard,1823.35,26.61197778,9 Years and 5 Months,NM,29.24151869,42.3798964,HighspentSmallvaluepayments,264.2731266,Standard,,,,,,,,,,,,
May,126,Jan Schwartze,40,9983.345,758.9454167,7,11,15,5,"Not Specified, Student Loan, Auto Loan, Payday Loan, and Auto Loan",22,,14.26,11,,1823.35,30.27487769,NA,Yes,29.24151869,0,HighspentLargevaluepayments,277.7414585,Standard,,,,,,,,,,,,
June,126,Jan Schwartze,40,9983.345,758.9454167,7,11,15,5,"Not Specified, Student Loan, Auto Loan, Payday Loan, and Auto Loan",27,16,10.26,11,,1823.35,33.65902861,9 Years and 7 Months,Yes,29.24151869,10000,LowspentLargevaluepayments,288.3958605,Standard,,,,,,,,,,,,
July,126,Jan Schwartze,40,9983.345,758.9454167,7,11,15,5,"Not Specified, Student Loan, Auto Loan, Payday Loan, and Auto Loan",22,16,4.26,11,Standard,1823.35,25.82783759,9 Years and 8 Months,Yes,29.24151869,30.95956187,Low_spent_Large_value_payments,285.6934611,Standard,,,,,,,,,,,,
August,126,Jan Schwartze,40,9983.345,758.9454167,7,11,15,5,"Not Specified, Student Loan, Auto Loan, Payday Loan, and Auto Loan",22,16,10.26,11,Standard,1823.35,26.29494403,9 Years and 9 Months,Yes,29.24151869,10.61290788,High_spent_Large_value_payments,276.0401151,Standard,,,,,,,,,,,,
January,127,Clara Ferreira-Marquesi,14,27796.42,2300.368333,6,5,16,2,"Home Equity Loan, and Student Loan",18,14,11.85,7,Standard,1073.94,41.02732543,27 Years and 1 Months,Yes,36.06763128,128.2161902,HighspentSmallvaluepayments,325.7530119,Standard,,,,,,,,,,,,
February,127,Clara Ferreira-Marquesi,14,27796.42,2300.368333,6,5,16,-100,"Home Equity Loan, and Student Loan",18,14,11.85,7,Standard,1073.94,30.38965549,27 Years and 2 Months,Yes,36.06763128,130.0996114,LowspentLargevaluepayments,333.8695906,Standard,,,,,,,,,,,,
March,127,Clara Ferreira-Marquesi,14,27796.42,2300.368333,6,5,16,2,"Home Equity Loan, and Student Loan",20,13,11.85,7,,1073.94,37.15621874,27 Years and 3 Months,Yes,36.06763128,75.71790454,HighspentMediumvaluepayments,368.2512975,Standard,,,,,,,,,,,,
April,127,Clara Ferreira-Marquesi,15,27796.42,2300.368333,6,5,16,2,"Home Equity Loan, and Student Loan",18,16,,7,Standard,1073.94,24.05756073,27 Years and 4 Months,Yes,36.06763128,84.99894038,HighspentMediumvaluepayments,358.9702617,Standard,,,,,,,,,,,,
May,127,Clara Ferreira-Marquesi,15,27796.42,2300.368333,6,5,16,2,"Home Equity Loan, and Student Loan",18,11,11.85,10,,1073.94,40.35044711,27 Years and 5 Months,Yes,36.06763128,200.6710898,LowspentLargevaluepayments,263.2981122,Standard,,,,,,,,,,,,
June,127,Clara Ferreira-Marquesi,15,27796.42,2300.368333,6,5,16,2,"Home Equity Loan, and Student Loan",20,14,11.85,10,Standard,1073.94,22.20576058,NA,Yes,36.06763128,302.0617222,LowspentSmallvaluepayments,181.9074799,Standard,,,,,,,,,,,,
July,127,Clara Ferreira-Marquesi,15,27796.42,2300.368333,6,5,16,2,"Home Equity Loan, and Student Loan",18,15,11.85,10,Standard,1073.94,27.45233024,27 Years and 7 Months,Yes,36.06763128,34.56742202,High_spent_Large_value_payments,399.40178,Standard,,,,,,,,,,,,
August,127,Clara Ferreira-Marquesi,15,27796.42,2300.368333,6,5,16,2,"Home Equity Loan, and Student Loan",18,11,10.85,10,Standard,1073.94,33.98844177,27 Years and 8 Months,NM,36.06763128,56.36788663,!@9#%8,387.6013154,Standard,,,,,,,,,,,,
January,128,Aruna Viswanathag,29,132872.72,11203.72667,3,3,10,2,"Home Equity Loan, and Student Loan",11,7,10.28,2,Good,89.68,33.45134938,27 Years and 8 Months,No,27228,353.122864,HighspentSmallvaluepayments,882.4191203,Good,,,,,,,,,,,,
February,128,Aruna Viswanathag,30,132872.72,11203.72667,3,3,10,2,"Home Equity Loan, and Student Loan",14,6,10.28,285,Good,89.68,42.39788392,27 Years and 9 Months,No,144.8306823,475.9167981,LowspentMediumvaluepayments,779.6251862,Good,,,,,,,,,,,,
March,128,Aruna Viswanathag,30,132872.72,11203.72667,3,3,10,2,"Home Equity Loan, and Student Loan",14,5,13.28,2,Good,89.68,41.34188581,27 Years and 10 Months,No,144.8306823,258.8751188,HighspentLargevaluepayments,956.6668655,Good,,,,,,,,,,,,
April,128,Aruna Viswanathag,30,132872.72,11203.72667,3,3,10,2,"Home Equity Loan, and Student Loan",14,7,10.28,2,Good,89.68,29.35715298,NA,No,46698,913.1710383,LowspentSmallvaluepayments,352.370946,Good,,,,,,,,,,,,
May,128,Aruna Viswanathag,30,132872.72,11203.72667,3,3,4353,2,"Home Equity Loan, and Student Loan",11,8,10.28,2,Good,89.68,27.62293379,28 Years and 0 Months,No,144.8306823,514.0429431,LowspentLargevaluepayments,731.4990412,Standard,,,,,,,,,,,,
June,128,,30,132872.72,11203.72667,3,3,10,2,"Home Equity Loan, and Student Loan",14,,10.28,2,Good,89.68,40.08150518,NA,No,144.8306823,223.3183671,HighspentLargevaluepayments,992.2236172,Good,,,,,,,,,,,,
July,128,Aruna Viswanathag,30,132872.72,11203.72667,3,3,10,2,"Home Equity Loan, and Student Loan",14,4,10.28,4,Good,89.68,38.95986307,28 Years and 2 Months,No,144.8306823,918.7235208,Low_spent_Large_value_payments,326.8184636,Good,,,,,,,,,,,,
August,128,Aruna Viswanathag,30,132872.72,11203.72667,3,3,10,2,"Home Equity Loan, and Student Loan",14,5,10.28,4,Good,89.68,29.55005879,28 Years and 3 Months,No,144.8306823,173.5108019,High_spent_Large_value_payments,1042.031182,Good,,,,,,,,,,,,
January,129,Caseyo,41,140014.36,11203.72667,3,7,18,4,"Home Equity Loan, Mortgage Loan, Credit-Builder Loan, and Debt Consolidation Loan",23,8,3.9,3,Standard,1151.7,34.92454851,17 Years and 1 Months,NM,348.6203965,423.6241662,HighspentMediumvaluepayments,644.0417706,Standard,,,,,,,,,,,,
February,129,Caseyo,41,140014.36,11662.86333,3,7,18,4,"Home Equity Loan, Mortgage Loan, Credit-Builder Loan, and Debt Consolidation Loan",27,10,4.9,3,Standard,1151.7,33.12940702,17 Years and 2 Months,NM,348.6203965,377.0611543,HighspentMediumvaluepayments,690.6047825,Standard,,,,,,,,,,,,
March,129,Caseyo,41,140014.36,11662.86333,3,7,18,4,"Home Equity Loan, Mortgage Loan, Credit-Builder Loan, and Debt Consolidation Loan",27,10,3.9,3,Standard,1151.7,25.05169905,17 Years and 3 Months,No,348.6203965,843.1987396,LowspentMediumvaluepayments,254.4671973,Standard,,,,,,,,,,,,
April,129,Caseyo,41,140014.36,11662.86333,3,7,18,4,"Home Equity Loan, Mortgage Loan, Credit-Builder Loan, and Debt Consolidation Loan",27,10,3.9,3,Standard,1151.7,33.49290201,17 Years and 4 Months,No,348.6203965,,HighspentLargevaluepayments,779.5739541,Standard,,,,,,,,,,,,
May,129,Caseyo,41,140014.36,11662.86333,3,7,18,4,"Home Equity Loan, Mortgage Loan, Credit-Builder Loan, and Debt Consolidation Loan",27,12,3.9,3,,1151.7,37.3982318,17 Years and 5 Months,No,348.6203965,364.0138411,HighspentSmallvaluepayments,713.6520957,Standard,,,,,,,,,,,,
June,129,,42,140014.36,11662.86333,3,7,18,4,"Home Equity Loan, Mortgage Loan, Credit-Builder Loan, and Debt Consolidation Loan",27,10,3.9,3,Standard,1151.7,26.57131271,17 Years and 6 Months,No,348.6203965,388.0007706,HighspentMediumvaluepayments,679.6651663,Standard,,,,,,,,,,,,
July,129,,42,140014.36,11662.86333,3,7,18,4,"Home Equity Loan, Mortgage Loan, Credit-Builder Loan, and Debt Consolidation Loan",27,9,3.9,3,Standard,1151.7,31.6712892,17 Years and 7 Months,No,348.6203965,572.3308455,Low_spent_Medium_value_payments,525.3350914,Standard,,,,,,,,,,,,
August,129,Caseyo,42,140014.36,11662.86333,3,7,18,4,"Home Equity Loan, Mortgage Loan, Credit-Builder Loan, and Debt Consolidation Loan",27,9,3.9,3,Standard,1151.7,27.0637196,17 Years and 8 Months,NM,348.6203965,10000,High_spent_Large_value_payments,823.0863932,Standard,,,,,,,,,,,,
January,130,Carolinew,47,37071.2,3006.266667,1,6,6,4,"Home Equity Loan, Debt Consolidation Loan, Personal Loan, and Payday Loan",17,2672,11.56,3,,869.99,34.98833625,18 Years and 4 Months,No,74.69027138,386.8995613,LowspentSmallvaluepayments,129.0368339,Good,,,,,,,,,,,,
February,130,,47,37071.2,3006.266667,1,6,6,4,"Home Equity Loan, Debt Consolidation Loan, Personal Loan, and Payday Loan",14,5,11.56,3,,869.99,34.97119016,18 Years and 5 Months,No,74.69027138,68.25104822,HighspentLargevaluepayments,397.6853471,Good,,,,,,,,,,,,
March,130,Carolinew,47,37071.2,3006.266667,1,6,6,4,"Home Equity Loan, Debt Consolidation Loan, Personal Loan, and Payday Loan",14,5,16.56,3,Good,869.99,28.31939476,NA,No,74.69027138,142.8943811,LowspentLargevaluepayments,353.0420142,Standard,,,,,,,,,,,,
April,130,Carolinew,48,37071.2,3006.266667,1,6,6,4,"Home Equity Loan, Debt Consolidation Loan, Personal Loan, and Payday Loan",14,3,11.56,3,Good,869.99,39.63081461,18 Years and 7 Months,No,74.69027138,276.8189914,LowspentSmallvaluepayments,239.1174038,Good,,,,,,,,,,,,
May,130,Carolinew,48,37071.2,3006.266667,1,6,6,4,"Home Equity Loan, Debt Consolidation Loan, Personal Loan, and Payday Loan",14,5,,3,Good,869.99,30.6853671,18 Years and 8 Months,NM,74.69027138,57.42272997,HighspentLargevaluepayments,408.5136653,Good,,,,,,,,,,,,
June,130,Carolinew,48,37071.2,3006.266667,1,6,6,4,"Home Equity Loan, Debt Consolidation Loan, Personal Loan, and Payday Loan",14,5,11.56,3,Good,869.99,32.25082082,18 Years and 9 Months,No,74.69027138,68.03216109,HighspentLargevaluepayments,397.9042342,Good,,,,,,,,,,,,
July,130,Carolinew,48,37071.2,3006.266667,1,6,6,4,"Home Equity Loan, Debt Consolidation Loan, Personal Loan, and Payday Loan",14,5,11.56,,Good,869.99,22.70987817,NA,No,74.69027138,119.9922492,High_spent_Medium_value_payments,355.9441461,Good,,,,,,,,,,,,
August,130,Carolinew,48_,37071.2,3006.266667,1,6,6,4,"Home Equity Loan, Debt Consolidation Loan, Personal Loan, and Payday Loan",14,8,11.56,3,Good,869.99,30.49430853,18 Years and 11 Months,No,74.69027138,53.60238365,High_spent_Small_value_payments,432.3340116,Standard,,,,,,,,,,,,
January,131,Appsq,20,41735.55,3357.9625,0,3,8,4,"Not Specified, Payday Loan, Payday Loan, and Debt Consolidation Loan",19,6,11.25,2,Good,1480.92,32.50328427,24 Years and 4 Months,No,109.6141467,98.89486393,HighspentSmallvaluepayments,387.2872394,Standard,,,,,,,,,,,,
February,131,Appsq,20,41735.55,3357.9625,0,3,8,4,"Not Specified, Payday Loan, Payday Loan, and Debt Consolidation Loan",15,6,11.25,2,Good,1480.92,25.48749105,24 Years and 5 Months,No,109.6141467,60.16086359,HighspentLargevaluepayments,406.0212397,Standard,,,,,,,,,,,,
March,131,Appsq,20,41735.55,3357.9625,0,3,8,4,"Not Specified, Payday Loan, Payday Loan, and Debt Consolidation Loan",15,,11.25,3,Good,1480.92,22.07844595,24 Years and 6 Months,No,109.6141467,10000,LowspentSmallvaluepayments,77.07838234,Standard,,,,,,,,,,,,
April,131,Appsq,20,41735.55,3357.9625,0,3,8,4,"Not Specified, Payday Loan, Payday Loan, and Debt Consolidation Loan",15,5,11.25,3,Good,1480.92,34.23860845,24 Years and 7 Months,No,109.6141467,387.4665448,LowspentSmallvaluepayments,128.7155585,Standard,,,,,,,,,,,,
May,131,,20,41735.55,3357.9625,0,3,8,4,"Not Specified, Payday Loan, Payday Loan, and Debt Consolidation Loan",15,4,11.25,3,Good,1480.92,35.28428516,24 Years and 8 Months,NM,109.6141467,10000,LowspentSmallvaluepayments,223.4435146,Standard,,,,,,,,,,,,
June,131,Appsq,20,41735.55,3357.9625,0,3,8,4,"Not Specified, Payday Loan, Payday Loan, and Debt Consolidation Loan",15,4,11.25,3,Good,1480.92,34.51094824,24 Years and 9 Months,NM,109.6141467,87.83142994,HighspentMediumvaluepayments,388.3506734,Standard,,,,,,,,,,,,
July,131,Appsq,20,41735.55,3357.9625,0,3,8,4,"Not Specified, Payday Loan, Payday Loan, and Debt Consolidation Loan",15,6,14.25,3,Good,1480.92,28.67935497,24 Years and 10 Months,No,109.6141467,164.2770256,High_spent_Small_value_payments,321.9050777,Standard,,,,,,,,,,,,
August,131,Appsq,20,41735.55,3357.9625,0,3,8,4,"Not Specified, Payday Loan, Payday Loan, and Debt Consolidation Loan",15,7,11.25,3,Good,1480.92,29.2762174,NA,NM,109.6141467,240.5894884,Low_spent_Medium_value_payments,265.5926148,Standard,,,,,,,,,,,,
January,132,Ilainar,38,40391.66,3357.9625,10,7,18,3,"Payday Loan, Not Specified, and Mortgage Loan",35,23,3.51,12,Bad,1950.62,38.3957798,7 Years and 11 Months,Yes,60.3708284,270.6282467,LowspentMediumvaluepayments,284.7980916,Poor,,,,,,,,,,,,
February,132,Ilainar,38,40391.66,3357.971667,10,7,18,3,"Payday Loan, Not Specified, and Mortgage Loan",35,20,3.51,12,Bad,1950.62,30.76603966,8 Years and 0 Months,Yes,60.3708284,89.65122047,HighspentMediumvaluepayments,435.7751178,Poor,,,,,,,,,,,,
March,132,Ilainar,38,40391.66,3357.971667,10,7,18,3,"Payday Loan, Not Specified, and Mortgage Loan",35,20,3.51,12,,1950.62,34.54141617,8 Years and 1 Months,Yes,60.3708284,313.4191447,LowspentMediumvaluepayments,242.0071935,Poor,,,,,,,,,,,,
April,132,Ilainar,38,40391.66,3357.971667,10,7,18,3,"Payday Loan, Not Specified, and Mortgage Loan",30,23,3.51,12,Bad,1950.62,23.34722076,8 Years and 2 Months,Yes,60.3708284,253.0619063,LowspentLargevaluepayments,292.364432,Poor,,,,,,,,,,,,
May,132,,38,40391.66,3357.971667,10,7,18,3,"Payday Loan, Not Specified, and Mortgage Loan",39,21,3.51,12,Bad,1950.62,25.19202672,8 Years and 3 Months,Yes,60.3708284,34.14143378,HighspentLargevaluepayments,481.2849045,Poor,,,,,,,,,,,,
June,132,Ilainar,38,40391.66,3357.971667,10,7,18,3,"Payday Loan, Not Specified, and Mortgage Loan",35,24,3.51,12,Bad,1950.62,31.13055404,8 Years and 4 Months,Yes,60.3708284,189.4868251,LowspentLargevaluepayments,355.9395131,Poor,,,,,,,,,,,,
July,132,Ilainar,38,40391.66,3357.971667,10,7,18,3,"Payday Loan, Not Specified, and Mortgage Loan",35,23,3.51,12,Bad,1950.62,26.20491052,8 Years and 5 Months,Yes,60.3708284,124.1069718,High_spent_Medium_value_payments,401.3193665,Standard,,,,,,,,,,,,
August,132,,38,40391.66,3357.971667,10,7,18,3,"Payday Loan, Not Specified, and Mortgage Loan",33,23,3.51,12,Bad,1950.62,38.82361943,8 Years and 6 Months,Yes,60.3708284,331.8652135,Low_spent_Small_value_payments,233.5611247,Poor,,,,,,,,,,,,
January,133,Taylorb,18,7441.295,873.1079167,5,8,33,6,"Mortgage Loan, Mortgage Loan, Not Specified, Personal Loan, Credit-Builder Loan, and Debt Consolidation Loan",17,16,5.12,10,Standard,2569.3,30.21890538,5 Years and 7 Months,Yes,71268,96.30724364,LowspentSmallvaluepayments,255.5848048,Poor,,,,,,,,,,,,
February,133,Taylorb,18,7441.295,873.1079167,1647,8,33,6,"Mortgage Loan, Mortgage Loan, Not Specified, Personal Loan, Credit-Builder Loan, and Debt Consolidation Loan",17,16,11.12,10,Standard,2569.3,36.05020819,5 Years and 8 Months,Yes,25.41874322,94.21915196,LowspentSmallvaluepayments,257.6728965,Poor,,,,,,,,,,,,
March,133,Taylorb,18,7441.295,873.1079167,5,8,33,6,"Mortgage Loan, Mortgage Loan, Not Specified, Personal Loan, Credit-Builder Loan, and Debt Consolidation Loan",17,16,10.12,,,2569.3,23.21011461,5 Years and 9 Months,NM,25.41874322,42.12400278,!@9#%8,299.7680457,Poor,,,,,,,,,,,,
April,133,Taylorb,19,7441.295,873.1079167,5,8,33,6,"Mortgage Loan, Mortgage Loan, Not Specified, Personal Loan, Credit-Builder Loan, and Debt Consolidation Loan",17,14,11.12,10,,2569.3,35.34160912,5 Years and 10 Months,Yes,25.41874322,38.81360837,LowspentSmallvaluepayments,313.0784401,Standard,,,,,,,,,,,,
May,133,Taylorb,19,7441.295,873.1079167,5,8,33,6,"Mortgage Loan, Mortgage Loan, Not Specified, Personal Loan, Credit-Builder Loan, and Debt Consolidation Loan",17,16,11.12,10,Standard,2569.3,27.06896868,5 Years and 11 Months,Yes,25.41874322,56.93823725,LowspentMediumvaluepayments,284.9538112,Poor,,,,,,,,,,,,
June,133,,19,7441.295,822.5517437,5,8,33,-100,"Mortgage Loan, Mortgage Loan, Not Specified, Personal Loan, Credit-Builder Loan, and Debt Consolidation Loan",18,19,12.12,10,Standard,2569.3,29.12876324,NA,Yes,75.97491615,55.39678502,LowspentSmallvaluepayments,296.4952634,Poor,,,,,,,,,,,,
July,133,Taylorb,19,7441.295_,822.5517437,5,8,33,6,"Mortgage Loan, Mortgage Loan, Not Specified, Personal Loan, Credit-Builder Loan, and Debt Consolidation Loan",17,16,11.12,13,_,2569.3,40.54499021,6 Years and 1 Months,Yes,75.97491615,33.63298896,!@9#%8,318.2590595,Poor,,,,,,,,,,,,
August,133,Taylorb,19,7441.295_,822.5517437,5,8,33,6,"Mortgage Loan, Mortgage Loan, Not Specified, Personal Loan, Credit-Builder Loan, and Debt Consolidation Loan",15,13,17.12,13,Standard,2569.3,40.21311734,6 Years and 2 Months,Yes,75.97491615,91.76773491,Low_spent_Small_value_payments,260.1243135,Poor,,,,,,,,,,,,
January,134,Mikex,40,19065.32,1497.776667,3,6,5,5,"Not Specified, Student Loan, Home Equity Loan, Personal Loan, and Personal Loan",23,14,7.81,4,Standard,2008.06,29.44953194,16 Years and 7 Months,Yes,76.21247401,63.52147977,LowspentMediumvaluepayments,290.0437129,Standard,,,,,,,,,,,,
February,134,Mikex,40,19065.32,1497.776667,3,6,5,5,"Not Specified, Student Loan, Home Equity Loan, Personal Loan, and Personal Loan",23,14,7.81,4,,2008.06,29.75799884,16 Years and 8 Months,Yes,76.21247401,20.9689828,HighspentLargevaluepayments,292.5962099,Standard,,,,,,,,,,,,
March,134,Mikex,40,19065.32,1497.776667,3,6,5,5,"Not Specified, Student Loan, Home Equity Loan, Personal Loan, and Personal Loan",23,14,7.81,4,,2008.06,35.93733555,NA,Yes,76.21247401,32.88341822,HighspentMediumvaluepayments,290.6817744,Standard,,,,,,,,,,,,
April,134,Mikex,40,19065.32,1497.776667,3,6,5,5,"Not Specified, Student Loan, Home Equity Loan, Personal Loan, and Personal Loan",23,14,7.81,5,Standard,2008.06,39.0721852,NA,Yes,76.21247401,107.4232711,LowspentSmallvaluepayments,256.1419215,Standard,,,,,,,,,,,,
May,134,,40,19065.32,1497.776667,3,6,5,5,"Not Specified, Student Loan, Home Equity Loan, Personal Loan, and Personal Loan",23,14,7.81,5,Standard,2008.06,30.09094621,16 Years and 11 Months,Yes,76.21247401,166.2444409,LowspentSmallvaluepayments,197.3207518,Standard,,,,,,,,,,,,
June,134,Mikex,40,19065.32,1497.776667,3,6,5,5,"Not Specified, Student Loan, Home Equity Loan, Personal Loan, and Personal Loan",23,14,7.81,5,Standard,2008.06,29.54374905,17 Years and 0 Months,Yes,76.21247401,54.20504868,HighspentMediumvaluepayments,269.360144,Standard,,,,,,,,,,71,,
July,134,Mikex,40,19065.32,1497.776667,3,6,5,5,"Not Specified, Student Loan, Home Equity Loan, Personal Loan, and Personal Loan",27,14,13.81,5,Standard,2008.06,39.48925223,NA,Yes,76.21247401,75.53248278,Low_spent_Small_value_payments,288.0327099,Standard,,,,,,,,,,72,,
August,134,Mikex,40,19065.32,1497.776667,3,6,5,-100,"Not Specified, Student Loan, Home Equity Loan, Personal Loan, and Personal Loan",23,15,11.81,5,Standard,2008.06,35.58670022,17 Years and 2 Months,NM,76.21247401,83.04096397,Low_spent_Large_value_payments,260.5242287,Standard,,,,,,,,,,73,,
January,135,,46,24585.55,2316.795833,3,4,14,2,"Auto Loan, and Credit-Builder Loan",9,14,11.35,0,Standard,195.38,30.63404463,26 Years and 9 Months,Yes,30.44777694,43.26624308,HighspentLargevaluepayments,397.9655633,Standard,,,,,,,,,,76,,
February,135,,46,24585.55,2316.795833,3,4,14,2,"Auto Loan, and Credit-Builder Loan",9,14,11.35,0,Standard,195.38,35.07876591,26 Years and 10 Months,Yes,30.44777694,139.0459843,LowspentSmallvaluepayments,352.1858221,Standard,,,,,,,,,,82,,
March,135,Josephine Masonz,46,24585.55,2316.795833,3,4,14,2,"Auto Loan, and Credit-Builder Loan",9,,11.35,0,Standard,195.38,37.73274571,NA,Yes,30.44777694,58.81931338,HighspentMediumvaluepayments,392.412493,Standard,,,,,,,,,,82,,
April,135,Josephine Masonz,46,24585.55,2316.795833,3,4,14,2,"Auto Loan, and Credit-Builder Loan",9,13,11.35,0,Standard,195.38,37.75461207,27 Years and 0 Months,Yes,30.44777694,50.46839601,HighspentLargevaluepayments,390.7634104,Standard,,,,,,,,,,90,,
May,135,,46,24585.55,2316.795833,3,4,14,2,"Auto Loan, and Credit-Builder Loan",9,14,16.35,0,Standard,195.38,27.45654797,27 Years and 1 Months,Yes,30.44777694,50.95979278,HighspentSmallvaluepayments,410.2720136,Standard,,,,,,,,,,96,,
June,135,,46,24585.55,2316.795833,3,4,14,2,"Auto Loan, and Credit-Builder Loan",10,14,11.35,0,Standard,195.38,35.7593548,27 Years and 2 Months,Yes,30.44777694,109.38613,LowspentSmallvaluepayments,381.8456764,Standard,,,,,,,,,,134,,
July,135,Josephine Masonz,46,24585.55,,3,4,14,2,"Auto Loan, and Credit-Builder Loan",9,14,11.35,0,Standard,195.38,38.48151784,27 Years and 3 Months,Yes,30.44777694,195.5856119,Low_spent_Small_value_payments,295.6461944,Standard,,,,,,,,,,153,,
August,135,Josephine Masonz,46,24585.55,2316.795833,3,4,14,2_,"Auto Loan, and Credit-Builder Loan",9,,11.35,1,_,195.38,31.15116072,27 Years and 4 Months,Yes,30.44777694,66.07688307,Low_spent_Large_value_payments,405.1549233,Standard,,,,,,,,,,162,,
January,136,Samd,26,15013.73,1127.144167,7,4,14,6,"Credit-Builder Loan, Debt Consolidation Loan, Payday Loan, Personal Loan, Not Specified, and Payday Loan",23,12,8.22,5,Standard,1403.17,31.79668961,11 Years and 9 Months,Yes,51.54792416,75.20945229,!@9#%8,265.9570402,Standard,,,,,,,,,,177,,
February,136,Samd,26,15013.73,1127.144167,7,1486,14,6,"Credit-Builder Loan, Debt Consolidation Loan, Payday Loan, Personal Loan, Not Specified, and Payday Loan",18,7,8.22,5,,1403.17,26.9483472,NA,Yes,51.54792416,138.0087413,LowspentSmallvaluepayments,213.1577512,Standard,,,,,,,,,,183,,
March,136,Samd,26,15013.73,1127.144167,7,4,14,6,"Credit-Builder Loan, Debt Consolidation Loan, Payday Loan, Personal Loan, Not Specified, and Payday Loan",20,9,1.22,5,Standard,1403.17,25.55029323,11 Years and 11 Months,NM,37941,38.98803587,LowspentSmallvaluepayments,312.1784566,Standard,,,,,,,,,,196,,
April,136,Samd,27,15013.73,1127.144167,7,4,3010,6,"Credit-Builder Loan, Debt Consolidation Loan, Payday Loan, Personal Loan, Not Specified, and Payday Loan",23,9,8.22,5,Standard,1403.17,27.42627956,12 Years and 0 Months,Yes,51.54792416,129.5271333,LowspentSmallvaluepayments,221.6393592,Standard,,,,,,,,,,200,,
May,136,Samd,27,15013.73,1127.144167,7,4,14,6,"Credit-Builder Loan, Debt Consolidation Loan, Payday Loan, Personal Loan, Not Specified, and Payday Loan",23,12,8.22,5,Standard,1403.17,32.67643149,12 Years and 1 Months,Yes,51.54792416,151.225327,LowspentSmallvaluepayments,199.9411655,Standard,,,,,,,,,,236,,
June,136,Samd,27,15013.73,1127.144167,7,4,14,6,"Credit-Builder Loan, Debt Consolidation Loan, Payday Loan, Personal Loan, Not Specified, and Payday Loan",23,7,8.22,5,Standard,1403.17,36.28518212,12 Years and 2 Months,Yes,51.54792416,,LowspentSmallvaluepayments,279.4875339,Standard,,,,,,,,,,272,,
July,136,Samd,27,15013.73_,,7,4,14,6,"Credit-Builder Loan, Debt Consolidation Loan, Payday Loan, Personal Loan, Not Specified, and Payday Loan",19,9,8.22,5,Standard,1403.17,31.09271566,NA,Yes,51.54792416,39.56497521,Low_spent_Medium_value_payments,301.6015173,Standard,,,,,,,,,,321,,
August,136,Samd,27,15013.73,1127.144167,7,4,14,6,"Credit-Builder Loan, Debt Consolidation Loan, Payday Loan, Personal Loan, Not Specified, and Payday Loan",23,9,8.22,5,Standard,1403.17,34.97962331,12 Years and 4 Months,Yes,51.54792416,,Low_spent_Large_value_payments,273.6767524,Standard,,,,,,,,,,329,,
January,137,Nicolacir,43,126006.68,1127.144167,4,3,2127,3,"Personal Loan, Home Equity Loan, and Debt Consolidation Loan",13,12,7.28,0,Standard,385.8,22.98972216,25 Years and 11 Months,Yes,239.7673293,1069.38991,LowspentMediumvaluepayments,40.19842748,Standard,,,,,,,,,,348,,
February,137,Nicolacir,44,126006.68,10693.55667,4,3,20,3,"Personal Loan, Home Equity Loan, and Debt Consolidation Loan",11,11,10.28,0,Standard,385.8,29.54094702,26 Years and 0 Months,Yes,239.7673293,718.6753577,!@9#%8,370.9129797,Standard,,,,,,,,,,349,,
March,137,Nicolacir,44,126006.68,10693.55667,4,3,20,3,"Personal Loan, Home Equity Loan, and Debt Consolidation Loan",16,12,7.28,0,Standard,385.8,30.68741311,26 Years and 1 Months,Yes,239.7673293,264.1068678,LowspentLargevaluepayments,835.4814696,Standard,,,,,,,,,,356,,
April,137,Nicolacir,44,126006.68,10693.55667,4,3,20,3,"Personal Loan, Home Equity Loan, and Debt Consolidation Loan",9,12,7.28,0,Standard,385.8,28.67155267,26 Years and 2 Months,Yes,239.7673293,1082.820731,LowspentMediumvaluepayments,26.76760652,Standard,,,,,,,,,,358,,
May,137,Nicolacir,44,126006.68,10693.55667,4,3,20,3,"Personal Loan, Home Equity Loan, and Debt Consolidation Loan",8,12,7.28,0,Standard,385.8,34.86719994,26 Years and 3 Months,Yes,239.7673293,408.2953699,HighspentMediumvaluepayments,671.2929675,Standard,,,,,,,,,,,,
June,137,Nicolacir,44,126006.68,10693.55667,4,3,20,3,"Personal Loan, Home Equity Loan, and Debt Consolidation Loan",13,12,7.28,0,Standard,385.8,27.89543048,26 Years and 4 Months,Yes,239.7673293,248.7005808,HighspentMediumvaluepayments,830.8877566,Standard,,,,,,,,,,,,
July,137,Nicolacir,44,126006.68,10693.55667,4,3,20,3,"Personal Loan, Home Equity Loan, and Debt Consolidation Loan",13,11,7.28,0,Standard,385.8,38.53472434,26 Years and 5 Months,Yes,239.7673293,547.7266913,Low_spent_Large_value_payments,551.8616461,Standard,,,,,,,,,,,,
August,137,Nicolacir,44,126006.68,10693.55667,4,3,20,3,"Personal Loan, Home Equity Loan, and Debt Consolidation Loan",13,13,7.28,0,Standard,385.8,39.90522242,26 Years and 6 Months,Yes,239.7673293,212.2701329,High_spent_Large_value_payments,857.3182045,Standard,,,,,,,,,,,,
January,138,Sabam,49,102885.32,8643.776667,3,5,16,1,Personal Loan,11,13,10.31,4,Standard,605.34,22.39367942,28 Years and 10 Months,Yes,74.15866353,857.7632224,LowspentSmallvaluepayments,222.4557808,Standard,,,,,,,,,,,,
February,138,Sabam,49,102885.32,8643.776667,3,5,16,1,Personal Loan,14,,11.31,4,Standard,605.34,30.83825551,28 Years and 11 Months,Yes,74.15866353,142.0658008,HighspentMediumvaluepayments,898.1532023,Standard,,,,,,,,,,,,
March,138,Sabam,49,102885.32,8643.776667,3,5,16,1,Personal Loan,13,13,10.31,4,Standard,605.34,28.40696052,29 Years and 0 Months,Yes,74.15866353,298.1439608,HighspentMediumvaluepayments,742.0750423,Standard,,,,,,,,,,,,
April,138,,49,102885.32,8643.776667,3,5,16,1,Personal Loan,14,13,10.31,4,,605.34,35.61185297,29 Years and 1 Months,Yes,74.15866353,547.8315332,LowspentSmallvaluepayments,532.38747,Standard,,,,,,,,,,,,
May,138,,49,102885.32,8643.776667,3,5,16,1,Personal Loan,14,13,10.31,119,Standard,605.34,27.65699989,NA,Yes,74.15866353,495.6310264,LowspentSmallvaluepayments,584.5879767,Standard,,,,,,,,,,,,
June,138,Sabam,49,102885.32,8643.776667,3,5,16,1,Personal Loan,14,,10.31,4,Standard,605.34,37.26393252,NA,Yes,74.15866353,215.6344577,!@9#%8,814.5845454,Standard,,,,,,,,,,,,
July,138,Sabam,49,102885.32,8643.776667,3,5,16,1,Personal Loan,14,13,10.31,4,Standard,605.34,42.06913502,29 Years and 4 Months,Yes,74.15866353,152.2626082,High_spent_Large_value_payments,877.9563949,Standard,,,,,,,,,,,,
August,138,Sabam,49,102885.32,,3,5,16,1,Personal Loan,14,14,10.31,4,Standard,605.34,31.41809979,29 Years and 5 Months,Yes,74.15866353,79.74686437,High_spent_Large_value_payments,950.4721388,Standard,,,,,,,,,,,,
January,139,Freifeldo,38,34212.01,2847.000833,6,5,10,3,"Not Specified, Home Equity Loan, and Home Equity Loan",21,9,8.12,1,Standard,512.38,29.74634663,27 Years and 11 Months,No,66.67641331,270.2397718,LowspentSmallvaluepayments,237.7838982,Standard,,,,,,,,,,,,
February,139,Freifeldo,38,34212.01,2847.000833,6,5,10,3,"Not Specified, Home Equity Loan, and Home Equity Loan",18,9,8.12,1,,512.38,28.44296251,NA,No,66.67641331,380.9233337,LowspentSmallvaluepayments,127.1003363,Standard,,,,,,,,,,,,
March,139,Freifeldo,38,34212.01,2847.000833,6,5,10,3,"Not Specified, Home Equity Loan, and Home Equity Loan",18,9,8.12,1,,512.38,37.57055171,28 Years and 1 Months,No,66.67641331,205.3957988,LowspentMediumvaluepayments,292.6278713,Standard,,,,,,,,,,,,
April,139,Freifeldo,38,34212.01,2847.000833,6,5,10,3,"Not Specified, Home Equity Loan, and Home Equity Loan",18,,8.12,1,Standard,512.38,31.85203897,28 Years and 2 Months,No,66.67641331,150.7068026,HighspentSmallvaluepayments,327.3168674,Standard,,,,,,,,,,,,
May,139,Freifeldo,38,34212.01,2847.000833,6,5,10,3,"Not Specified, Home Equity Loan, and Home Equity Loan",16,10,8.12,1,Standard,512.38,32.64457795,28 Years and 3 Months,No,66.67641331,26.2700848,HighspentLargevaluepayments,431.7535852,Standard,,,,,,,,,,,,
June,139,Freifeldo,38,34212.01,2847.000833,6,5,10,3,"Not Specified, Home Equity Loan, and Home Equity Loan",18,9,8.12,1,Standard,512.38,28.43167429,NA,No,66.67641331,236.8755134,!@9#%8,261.1481567,Standard,,,,,,,,,,,,
July,139,Freifeldo,38,34212.01,2847.000833,6,5,10,3,"Not Specified, Home Equity Loan, and Home Equity Loan",18,9,8.12,1,Standard,512.38,32.20080299,NA,No,66.67641331,147.2451239,Low_spent_Large_value_payments,340.7785461,Poor,,,,,,,,,,,,
August,139,Freifeldo,38,34212.01,2847.000833,6,5,10,-100,"Not Specified, Home Equity Loan, and Home Equity Loan",18,9,8.12,1,Standard,512.38,27.02823304,28 Years and 6 Months,No,66.67641331,116.9269341,!@9#%8,391.096736,Poor,,,,,,,,,,,,
January,140,Michael Ermanl,26,118487.16,9810.93,8,4,20,4,"Student Loan, Home Equity Loan, Not Specified, and Credit-Builder Loan",17,20,12.76,1,Standard,140.26,33.66718198,31 Years and 4 Months,No,301.5608682,354.2155581,!@9#%8,595.3165737,Standard,,,,,,,,,,,,
February,140,Michael Ermanl,26,118487.16,9810.93,8,4,20,4,"Student Loan, Home Equity Loan, Not Specified, and Credit-Builder Loan",15,20,9.76,1,Standard,140.26,36.90906559,31 Years and 5 Months,No,301.5608682,361.4271888,LowspentMediumvaluepayments,598.104943,Standard,,,,,,,,,,,,
March,140,Michael Ermanl,26,118487.16,9810.93,8,4,20,4,"Student Loan, Home Equity Loan, Not Specified, and Credit-Builder Loan",15,22,9.76,1,Standard,140.26,42.19925093,31 Years and 6 Months,No,301.5608682,10000,HighspentLargevaluepayments,745.5185944,Standard,,,,,,,,,,,,
April,140,Michael Ermanl,26,118487.16,9810.93,8,4,20,4,"Student Loan, Home Equity Loan, Not Specified, and Credit-Builder Loan",15,20,9.76,1,Standard,140.26,36.72347393,31 Years and 7 Months,No,301.5608682,359.2148112,HighspentSmallvaluepayments,580.3173206,Standard,,,,,,,,,,,,
May,140,Michael Ermanl,26,118487.16,9810.93,8,4,20,4,"Student Loan, Home Equity Loan, Not Specified, and Credit-Builder Loan",15,20,9.76,1,,140.26,30.1391876,31 Years and 8 Months,No,301.5608682,10000,LowspentLargevaluepayments,508.6532572,Standard,,,,,,,,,,,,
June,140,Michael Ermanl,26,118487.16,9810.93,8,4,20,4,"Student Loan, Home Equity Loan, Not Specified, and Credit-Builder Loan",15,20,9.76,,Standard,140.26,35.48599081,31 Years and 9 Months,No,301.5608682,683.3484299,LowspentMediumvaluepayments,276.1837018,Standard,,,,,,,,,,,,
July,140,Michael Ermanl,26,118487.16,9810.93,8,4,20,4,"Student Loan, Home Equity Loan, Not Specified, and Credit-Builder Loan",15,21,9.76,1,Standard,140.26,35.4694485,31 Years and 10 Months,No,301.5608682,170.9842009,High_spent_Medium_value_payments,758.5479309,Standard,,,,,,,,,,,,
August,140,Michael Ermanl,26,118487.16,9810.93,8,4,20,4,"Student Loan, Home Equity Loan, Not Specified, and Credit-Builder Loan",11,17,9.76,1,_,140.26,31.47302517,31 Years and 11 Months,No,301.5608682,386.4132287,High_spent_Medium_value_payments,543.1189031,Standard,,,,,,,,,,,,
January,141,Subhadip Sircarf,26,77418.52,6450.543333,7,9,20,7,"Credit-Builder Loan, Auto Loan, Student Loan, Student Loan, Personal Loan, Personal Loan, and Auto Loan",38,,20.05,6,Bad,3962.08,38.23495907,11 Years and 4 Months,Yes,339.0310323,144.9603486,!@9#%8,411.0629524,Poor,,,,,,,,,,,,
February,141,Subhadip Sircarf,26,77418.52,6450.543333,7,9,20,7,"Credit-Builder Loan, Auto Loan, Student Loan, Student Loan, Personal Loan, Personal Loan, and Auto Loan",38,24,16.05,6,Bad,3962.08,34.76165175,11 Years and 5 Months,Yes,339.0310323,212.3977646,LowspentMediumvaluepayments,373.6255364,Poor,,,,,,,,,,,,
March,141,Subhadip Sircarf,26,77418.52,6450.543333,1696,9,20,7,"Credit-Builder Loan, Auto Loan, Student Loan, Student Loan, Personal Loan, Personal Loan, and Auto Loan",34,18,17.05,6,Bad,3962.08,31.32632678,11 Years and 6 Months,Yes,339.0310323,398.4666506,LowspentLargevaluepayments,177.5566505,Poor,,,,,,,,,,,,
April,141,Subhadip Sircarf,26,77418.52,6450.543333,7,9,20,7,"Credit-Builder Loan, Auto Loan, Student Loan, Student Loan, Personal Loan, Personal Loan, and Auto Loan",38,21,20.05,6,Bad,3962.08,29.66000321,11 Years and 7 Months,Yes,49237,260.7781408,LowspentMediumvaluepayments,325.2451603,Poor,,,,,,,,,,,,
May,141,Subhadip Sircarf,26,77418.52,6450.543333,7,9,20,7,"Credit-Builder Loan, Auto Loan, Student Loan, Student Loan, Personal Loan, Personal Loan, and Auto Loan",38,24,20.05,6,Bad,3962.08,34.9494044,11 Years and 8 Months,NM,339.0310323,135.7398457,HighspentLargevaluepayments,410.2834554,Poor,,,,,,,,,,,,
June,141,Subhadip Sircarf,26,77418.52,6450.543333,7,9,20,7,"Credit-Builder Loan, Auto Loan, Student Loan, Student Loan, Personal Loan, Personal Loan, and Auto Loan",38,21,20.05,6,Bad,3962.08,23.11099851,11 Years and 9 Months,Yes,339.0310323,78.03120583,HighspentLargevaluepayments,467.9920952,Poor,,,,,,,,,,,,
July,141,Subhadip Sircarf,26,77418.52,6450.543333,7,9,20,7,"Credit-Builder Loan, Auto Loan, Student Loan, Student Loan, Personal Loan, Personal Loan, and Auto Loan",38,18,20.05,9,Bad,3962.08,28.24687655,11 Years and 10 Months,Yes,339.0310323,141.0930373,High_spent_Large_value_payments,404.9302637,Poor,,,,,,,,,,,,
August,141,Subhadip Sircarf,26,77418.52,6450.543333,7,9,20,7,"Credit-Builder Loan, Auto Loan, Student Loan, Student Loan, Personal Loan, Personal Loan, and Auto Loan",38,23,20.05,9,Bad,3962.08,23.41214889,11 Years and 11 Months,Yes,339.0310323,180.4220431,!@9#%8,405.6012579,Poor,,,,,,,,,,,,
January,142,Jessica Toonkelx,45,24199.24,6450.543333,3,7,6,1,Credit-Builder Loan,26,14,0.67,2,,784.35,36.68708626,21 Years and 1 Months,No,13.88630543,22.73334864,HighspentLargevaluepayments,398.5406793,Good,,,,,,,,,,,,
February,142,Jessica Toonkelx,46,24199.24,1951.603333,3,7,6,1,Credit-Builder Loan,26,14,0.67,2,Good,784.35,34.00487515,21 Years and 2 Months,No,13.88630543,36.25883985,HighspentSmallvaluepayments,405.015188,Good,,,,,,,,,,,,
March,142,Jessica Toonkelx,46,24199.24,1951.603333,3,7,6,1,Credit-Builder Loan,26,17,0.67,2,Good,784.35,32.68423992,NA,No,13.88630543,57.54456034,HighspentMediumvaluepayments,373.7294676,Good,,,,,,,,,,,,
April,142,Jessica Toonkelx,46,24199.24,1951.603333,3,7,3959,1,Credit-Builder Loan,26,14,0.67,2,Good,784.35,29.9128427,21 Years and 4 Months,No,13.88630543,89.24234197,HighspentSmallvaluepayments,352.0316859,Good,,,,,,,,,,,,
May,142,Jessica Toonkelx,46,24199.24,1951.603333,3,7,6,1,Credit-Builder Loan,28,12,1.67,2,Good,784.35,34.76654025,21 Years and 5 Months,No,13.88630543,10000,HighspentMediumvaluepayments,392.5004253,Good,,,,,,,,,,,,
June,142,Jessica Toonkelx,46,24199.24,1951.603333,3,7,6,1,Credit-Builder Loan,26,14,0.67,2,Good,784.35,29.91285816,21 Years and 6 Months,No,13.88630543,42.2534408,!@9#%8,379.0205871,Good,,,,,,,,,,,,
July,142,Jessica Toonkelx,46,24199.24,1951.603333,3,7,6,1,Credit-Builder Loan,27,14,0.67,4,Good,784.35,34.89134644,NA,No,13.88630543,255.0263243,!@9#%8,216.2477036,Good,,,,,,,,,,,,
August,142,Jessica Toonkelx,46,24199.24,1951.603333,3,7,6,1,Credit-Builder Loan,29,14_,0.67,4,Good,784.35,38.03670709,21 Years and 8 Months,No,13.88630543,48.20542533,High_spent_Small_value_payments,393.0686026,Good,,,,,,,,,,,,
January,143,Lashx,47,28587.29,2621.274167,4,1,7,0,,0,,1.22,0,Good,1496.38,32.11737767,24 Years and 2 Months,No,47759,185.9603642,LowspentSmallvaluepayments,366.1670525,Good,,,,,,,,,,,,
February,143,Lashx,47,28587.29,2621.274167,4,1,7,0,,0,2,1.22,0,Good,1496.38,27.75209038,24 Years and 3 Months,No,0,129.737134,LowspentSmallvaluepayments,422.3902827,Good,,,,,,,,,,,,
March,143,,47,28587.29,2621.274167,4,1,7,0,,0,4,1.22,0,Good,1496.38,30.01478966,24 Years and 4 Months,No,0,135.7092806,LowspentSmallvaluepayments,416.4181361,Good,,,,,,,,,,,,
April,143,Lashx,47,28587.29,2621.274167,4,1,7,0,,0,2,1.22,0,Good,1496.38,34.26125934,24 Years and 5 Months,NM,0,88.74306479,LowspentSmallvaluepayments,463.3843519,Good,,,,,,,,,,,,
May,143,Lashx,47,28587.29,2621.274167,4,1,7,0,,4,2,3.22,1,,1496.38,36.65870652,24 Years and 6 Months,No,0,210.6243801,LowspentLargevaluepayments,321.5030366,Good,,,,,,,,,,,,
June,143,Lashx,47,28587.29,2621.274167,4,1,7,0,,0,2,1.22,1,,1496.38,28.71481315,24 Years and 7 Months,No,0,84.66215367,LowspentLargevaluepayments,447.465263,Good,,,,,,,,,,,,
July,143,Lashx,6955,28587.29_,2621.274167,4,1,7,0,,0,2,1.22,1,Good,1496.38,27.83258805,24 Years and 8 Months,No,0,94.14628843,High_spent_Medium_value_payments,417.9811282,Good,,,,,,,,,,,,
August,143,Lashx,48,28587.29,2621.274167,4,1,7,0,,-3,2,1.22,1,Good,1496.38,28.10611882,24 Years and 9 Months,No,0,123.2025631,Low_spent_Large_value_payments,408.9248535,Good,,,,,,,,,,,,
January,144,Ernest Scheyderr,31,16578.115,1426.509583,3,5,15,2,"Student Loan, and Not Specified",10,16,13.29,2,Standard,1054.86,34.12223746,22 Years and 9 Months,Yes,21.42597208,25.85641455,HighspentMediumvaluepayments,345.3685717,Standard,,,,,,,,,,,,
February,144,Ernest Scheyderr,31,16578.115,1426.509583,3,5,15,2,"Student Loan, and Not Specified",10,13,13.29,2,Standard,1054.86,35.67735785,22 Years and 10 Months,Yes,21.42597208,58.17679932,LowspentSmallvaluepayments,353.0481869,Standard,,,,,,,,,,,,
March,144,Ernest Scheyderr,32,16578.115,1426.509583,3,5,15,2,"Student Loan, and Not Specified",10,13,,2,Standard,1054.86,35.73134519,22 Years and 11 Months,Yes,21.42597208,28.29133226,HighspentMediumvaluepayments,342.933654,Standard,,,,,,,,,,,,
April,144,Ernest Scheyderr,32,16578.115,1426.509583,3,5,15,2,"Student Loan, and Not Specified",9,13,8.29,2,Standard,1054.86,38.49923983,23 Years and 0 Months,Yes,21.42597208,54.14674132,HighspentSmallvaluepayments,327.0782449,Standard,,,,,,,,,,,,
May,144,Ernest Scheyderr,32,16578.115,1426.509583,3,5,15,2,"Student Loan, and Not Specified",10,13,13.29,7,Standard,1054.86,23.6956535,23 Years and 1 Months,NM,21.42597208,120.4907632,LowspentSmallvaluepayments,290.734223,Standard,,,,,,,,,,,,
June,144,Ernest Scheyderr,32,16578.115,1426.509583,3,5,15,2,"Student Loan, and Not Specified",10,12,17.29,7,Standard,1054.86,29.04880468,23 Years and 2 Months,Yes,21.42597208,53.91212946,LowspentMediumvaluepayments,347.3128568,Standard,,,,,,,,,,,,
July,144,Ernest Scheyderr,32,16578.115_,1426.509583,3,5,15,2,"Student Loan, and Not Specified",10,12,13.29,7,Standard,1054.86,37.88508599,23 Years and 3 Months,Yes,21.42597208,160.0540573,Low_spent_Small_value_payments,251.170929,Standard,,,,,,,,,,,,
August,144,Ernest Scheyderr,32,16578.115,1426.509583,3,5,15,2,"Student Loan, and Not Specified",10,13,13.29,7,Standard,1054.86,33.19470506,23 Years and 4 Months,Yes,21.42597208,,!@9#%8,323.8543591,Standard,,,,,,,,,,,,
January,145,en Klaymant,20,74647.4,6327.616667,6,5,20,6,"Not Specified, Not Specified, Not Specified, Mortgage Loan, Student Loan, and Auto Loan",52,17,26.16,8,Bad,4167.43,26.0383526,13 Years and 3 Months,Yes,309.5754021,142.361499,HighspentLargevaluepayments,420.8247656,Standard,,,,,,,,,,,,
February,145,,20,74647.4,6327.616667,6,5,20,6,"Not Specified, Not Specified, Not Specified, Mortgage Loan, Student Loan, and Auto Loan",52,14,26.16,8,,4167.43,32.84289151,13 Years and 4 Months,Yes,24423,59.45679,HighspentLargevaluepayments,503.7294746,Standard,,,,,,,,,,,,
March,145,en Klaymant,20,74647.4,6327.616667,6,5,20,6,"Not Specified, Not Specified, Not Specified, Mortgage Loan, Student Loan, and Auto Loan",52,17,26.16,8,Bad,4167.43,31.65975843,NA,Yes,309.5754021,161.5712331,HighspentLargevaluepayments,401.6150314,Standard,,,,,,,,,,,,
April,145,en Klaymant,20,74647.4,6327.616667,6,5,20,6,"Not Specified, Not Specified, Not Specified, Mortgage Loan, Student Loan, and Auto Loan",52,,26.16,8,Bad,4167.43,35.71557292,NA,NM,309.5754021,141.2712372,HighspentSmallvaluepayments,441.9150274,Standard,,,,,,,,,,,,
May,145,en Klaymant,20,74647.4,6327.616667,6,5,20,6,"Not Specified, Not Specified, Not Specified, Mortgage Loan, Student Loan, and Auto Loan",52,17,26.16,8,Bad,4167.43,31.68085601,13 Years and 7 Months,Yes,309.5754021,553.8526995,LowspentMediumvaluepayments,49.33356508,Standard,,,,,,,,,,,,
June,145,en Klaymant,20,74647.4,6327.616667,6,5,20,6,"Not Specified, Not Specified, Not Specified, Mortgage Loan, Student Loan, and Auto Loan",49,17,26.16,8,Bad,4167.43,38.34225381,13 Years and 8 Months,Yes,309.5754021,158.3173101,HighspentLargevaluepayments,404.8689545,Standard,,,,,,,,,,,,
July,145,,20,74647.4,6327.616667,6,5,20,6,"Not Specified, Not Specified, Not Specified, Mortgage Loan, Student Loan, and Auto Loan",52,20,26.16,13,Bad,4167.43,32.43130358,13 Years and 9 Months,Yes,309.5754021,93.96183186,High_spent_Large_value_payments,469.2244327,Standard,,,,,,,,,,,,
August,145,en Klaymant,20,74647.4,6327.616667,6,5,20,6_,"Not Specified, Not Specified, Not Specified, Mortgage Loan, Student Loan, and Auto Loan",52,17,26.16,13,Bad,4167.43,34.93632468,13 Years and 10 Months,NM,309.5754021,130.4682433,High_spent_Large_value_payments,432.7180213,Standard,,,,,,,,,,,,
January,146,Sharpq,43,34766.06,3133.171667,0,1,11,3,"Home Equity Loan, Auto Loan, and Home Equity Loan",6,4,5.71,,,1374.23,32.0262087,15 Years and 10 Months,No,78.09310674,339.1781648,LowspentSmallvaluepayments,186.0458952,Good,,,,,,,,,,,,
February,146,Sharpq,43,34766.06,3133.171667,0,1,11,3,"Home Equity Loan, Auto Loan, and Home Equity Loan",4,5,12.71,0,Good,1374.23,28.66007022,15 Years and 11 Months,No,78.09310674,10000,HighspentMediumvaluepayments,376.2366464,Good,,,,,,,,,,,,
March,146,Sharpq,43,34766.06,3133.171667,0,1,11,3,"Home Equity Loan, Auto Loan, and Home Equity Loan",4,6,5.71,0,Good,1374.23,35.56142106,16 Years and 0 Months,No,78.09310674,182.6155519,LowspentSmallvaluepayments,342.608508,Good,,,,,,,,,,,,
April,146,Sharpq,43,34766.06,3133.171667,0,1,11,-100,"Home Equity Loan, Auto Loan, and Home Equity Loan",4,4,5.71,0,Good,1374.23,33.29576662,16 Years and 1 Months,No,78.09310674,139.5136038,HighspentSmallvaluepayments,355.7104561,Good,,,,,,,,,,,,
May,146,Sharpq,43,34766.06,3133.171667,0,1,11,3,"Home Equity Loan, Auto Loan, and Home Equity Loan",4,4,5.71,0,Good,1374.23,26.77336524,16 Years and 2 Months,No,78.09310674,59.75858627,HighspentMediumvaluepayments,425.4654737,Good,,,,,,,,,,,,
June,146,,43,34766.06,3133.171667,0,1,11,3,"Home Equity Loan, Auto Loan, and Home Equity Loan",4,4,5.71,0,Good,1374.23,32.74411423,16 Years and 3 Months,NM,78.09310674,72.89949541,HighspentSmallvaluepayments,422.3245645,Good,,,,,,,,,,,,
July,146,Sharpq,43,34766.06,3133.171667,0,1,11,3,"Home Equity Loan, Auto Loan, and Home Equity Loan",4,4,6.71,0,Good,1374.23,36.61047784,16 Years and 4 Months,NM,78.09310674,277.3679353,!@9#%8,227.8561247,Standard,,,,,,,,,,,,
August,146,Sharpq,43,34766.06,3133.171667,0,1,11,-100,"Home Equity Loan, Auto Loan, and Home Equity Loan",4,7,5.71,0,Good,1374.23,22.85036838,NA,No,78.09310674,10000,Low_spent_Small_value_payments,324.1637958,Good,,,,,,,,,,,,
January,147,"""John ODonnell""f",22,16852.635,1691.38625,4,6,9,0,,29,13,19.68,6,Standard,775.22,34.05590813,NA,Yes,0,136.2137084,LowspentLargevaluepayments,302.9249166,Standard,,,,,,,,,,,,
February,147,,22,16852.635,1691.38625,4,6,9,0,,27,13,19.68,6,Standard,775.22,39.50487104,29 Years and 0 Months,Yes,0,69.04340589,LowspentMediumvaluepayments,380.0952191,Standard,,,,,,,,,,,,
March,147,"""John ODonnell""f",22,16852.635,1691.38625,4,6,9,0,,27,13,19.68,6,Standard,775.22,32.78745821,29 Years and 1 Months,NM,0,114.6230507,LowspentSmallvaluepayments,344.5155743,Standard,,,,,,,,,,,,
April,147,"""John ODonnell""f",22,16852.635,1691.38625,4,6,9,0,,31,13,19.68,8,,775.22,28.01965469,29 Years and 2 Months,Yes,66768,26.8701924,HighspentLargevaluepayments,382.2684326,Good,,,,,,,,,,,,
May,147,"""John ODonnell""f",23,16852.635,1691.38625,4,6,9,-100,,29,13,19.68,651,Standard,775.22,26.53290254,NA,Yes,0,39.60976624,HighspentLargevaluepayments,369.5288588,Standard,,,,,,,,,,,,
June,147,"""John ODonnell""f",23,16852.635,1691.38625,4,6,9,0,,27,16,19.68,8,,775.22,27.96080591,29 Years and 4 Months,Yes,23365,61.1265106,LowspentSmallvaluepayments,398.0121144,Good,,,,,,,,,,,,
July,147,"""John ODonnell""f",23,16852.635,1530.800373,4,6,9,0,,27,13,19.68,8,Standard,775.22,22.38944558,29 Years and 5 Months,Yes,160.5858768,186.2006456,Low_spent_Small_value_payments,272.9379794,Standard,,,,,,,,,,,,
August,147,"""John ODonnell""f",23,16852.635_,1530.800373,4,6,9,0,,27,13,16.68,8,Standard,775.22,30.08041534,29 Years and 6 Months,Yes,160.5858768,53.91582238,Low_spent_Large_value_payments,385.2228026,Good,,,,,,,,,,,,
January,148,Morganz,20,33502.1,2890.841667,7,9,27,6,"Mortgage Loan, Payday Loan, Auto Loan, Not Specified, Credit-Builder Loan, and Home Equity Loan",57,20,7.06,9,,2362.68,33.84241128,NA,Yes,158.6079272,186.6985264,LowspentSmallvaluepayments,233.7777131,Poor,,,,,,,,,,,,
February,148,Morganz,20,33502.1,2890.841667,7,9,27,6,"Mortgage Loan, Payday Loan, Auto Loan, Not Specified, Credit-Builder Loan, and Home Equity Loan",57,20,7.06,9,Standard,2362.68,32.80233908,18 Years and 0 Months,Yes,158.6079272,191.2771121,LowspentSmallvaluepayments,229.1991274,Standard,,,,,,,,,,,,
March,148,Morganz,20,33502.1,2890.841667,7,9,27,6,"Mortgage Loan, Payday Loan, Auto Loan, Not Specified, Credit-Builder Loan, and Home Equity Loan",57,19,7.06,9,Standard,2362.68,33.19100843,18 Years and 1 Months,Yes,158.6079272,335.337723,LowspentSmallvaluepayments,85.13851653,Poor,,,,,,,,,,,,
April,148,,20,33502.1,2890.841667,7,9,27,6,"Mortgage Loan, Payday Loan, Auto Loan, Not Specified, Credit-Builder Loan, and Home Equity Loan",57,20,7.06,9,Standard,2362.68,32.98116761,18 Years and 2 Months,Yes,158.6079272,72.56920724,HighspentMediumvaluepayments,307.9070323,Poor,,,,,,,,,,,,
May,148,Morganz,20,33502.1,2890.841667,7,9,27,6,"Mortgage Loan, Payday Loan, Auto Loan, Not Specified, Credit-Builder Loan, and Home Equity Loan",57,20,7.06,9,Standard,2362.68,24.18776124,18 Years and 3 Months,Yes,158.6079272,123.5680549,LowspentSmallvaluepayments,296.9081846,Poor,,,,,,,,,,,,
June,148,Morganz,20,33502.1,2890.841667,7,9,27,6,"Mortgage Loan, Payday Loan, Auto Loan, Not Specified, Credit-Builder Loan, and Home Equity Loan",57,22,7.06,12,Standard,2362.68,32.82688726,18 Years and 4 Months,Yes,158.6079272,45.48514242,HighspentMediumvaluepayments,334.9910971,Poor,,,,,,,,,,,,
July,148,Morganz,20,33502.1,,7,9,27,6,"Mortgage Loan, Payday Loan, Auto Loan, Not Specified, Credit-Builder Loan, and Home Equity Loan",57,18,7.06,12,Standard,2362.68,28.62570001,18 Years and 5 Months,NM,158.6079272,73.51952212,High_spent_Medium_value_payments,306.9567174,Poor,,,,,,,,,,,,
August,148,Morganz,3115,33502.1,2890.841667,7,9,27,6,"Mortgage Loan, Payday Loan, Auto Loan, Not Specified, Credit-Builder Loan, and Home Equity Loan",57,20,12.06,12,Standard,2362.68,22.18357926,18 Years and 6 Months,Yes,158.6079272,184.5481873,Low_spent_Large_value_payments,215.9280522,Poor,,,,,,,,,,,,
January,149,Ben Berkowitze,27,91690.53,2890.841667,2,6,3325,2,"Home Equity Loan, and Not Specified",6,9,4.95,2,Good,1295.18,27.35397853,30 Years and 11 Months,No,130.8508578,254.8699601,HighspentMediumvaluepayments,643.8669321,Standard,,,,,,,,,,,,
February,149,Ben Berkowitze,27,91690.53,7795.8775,2,6,2,2,"Home Equity Loan, and Not Specified",6,8,4.95,2,Good,1295.18,38.01529334,31 Years and 0 Months,No,130.8508578,156.0510657,HighspentLargevaluepayments,732.6858265,Good,,,,,,,,,,,,
March,149,,27,91690.53,7795.8775,2,6,2,2,"Home Equity Loan, and Not Specified",6,,4.95,4,Good,1295.18,35.36268416,31 Years and 1 Months,No,130.8508578,217.3947251,LowspentMediumvaluepayments,711.3421671,Good,,,,,,,,,,,,
April,149,Ben Berkowitze,27,91690.53,7795.8775,2,6,2,2,"Home Equity Loan, and Not Specified",6,8,4.95,4,Good,1295.18,26.19820232,31 Years and 2 Months,NM,130.8508578,545.4780277,!@9#%8,383.2588646,Good,,,,,,,,,,,,
May,149,Ben Berkowitze,27,91690.53,7795.8775,2,6,2,2,"Home Equity Loan, and Not Specified",6,8,4.95,4,Good,1295.18,38.66431766,NA,No,130.8508578,371.4258097,LowspentMediumvaluepayments,557.3110826,Good,,,,,,,,,,,,
June,149,Ben Berkowitze,27,91690.53,7795.8775,2,6,2,2,"Home Equity Loan, and Not Specified",6,8,4.95,4,Good,1295.18,37.6942541,31 Years and 4 Months,No,130.8508578,289.4477866,HighspentMediumvaluepayments,609.2891056,Standard,,,,,,,,,,,,
July,149,Ben Berkowitze,27,91690.53,,2,6,2,2,"Home Equity Loan, and Not Specified",6,8,4.95,4,_,1295.18,41.84090205,31 Years and 5 Months,No,130.8508578,229.86925,Low_spent_Medium_value_payments,698.8676423,Good,,,,,,,,,,,,
August,149,Ben Berkowitze,27,91690.53,7795.8775,2,6,2,2,"Home Equity Loan, and Not Specified",6,8,4.95,4,Good,1295.18,26.44878055,31 Years and 6 Months,No,130.8508578,653.4233342,Low_spent_Medium_value_payments,275.3135581,Good,,,,,,,,,,,,
January,150,Rick Rothackerq,36,30502.54,7795.8775,8,7,24,7,"Credit-Builder Loan, Auto Loan, Credit-Builder Loan, Student Loan, Personal Loan, Not Specified, and Mortgage Loan",26,21,18.23,8,Standard,1672.68,37.25100052,14 Years and 5 Months,Yes,154.3933583,43.83991212,HighspentLargevaluepayments,301.3545629,Poor,,,,,,,,,,,,
February,150,Rick Rothackerq,36,30502.54,7795.8775,8,7,24,7,"Credit-Builder Loan, Auto Loan, Credit-Builder Loan, Student Loan, Personal Loan, Not Specified, and Mortgage Loan",28,20,18.23,8,,1672.68,34.87312303,14 Years and 6 Months,Yes,154.3933583,168.0204875,LowspentLargevaluepayments,207.1739875,Poor,,,,,,,,,,,,
March,150,Rick Rothackerq,37,30502.54,2595.878333,8,7,24,7,"Credit-Builder Loan, Auto Loan, Credit-Builder Loan, Student Loan, Personal Loan, Not Specified, and Mortgage Loan",25,,13.23,8,Standard,1672.68,27.97107605,14 Years and 7 Months,Yes,154.3933583,216.1796301,LowspentSmallvaluepayments,179.014845,Poor,,,,,,,,,,,,
April,150,Rick Rothackerq,37,30502.54,2595.878333,8,7,24,7,"Credit-Builder Loan, Auto Loan, Credit-Builder Loan, Student Loan, Personal Loan, Not Specified, and Mortgage Loan",25,20,18.23,8,Standard,1672.68,32.0878068,14 Years and 8 Months,Yes,154.3933583,,LowspentLargevaluepayments,161.9335635,Standard,,,,,,,,,,,,
May,150,Rick Rothackerq,37,30502.54,2595.878333,8,7,24,7,"Credit-Builder Loan, Auto Loan, Credit-Builder Loan, Student Loan, Personal Loan, Not Specified, and Mortgage Loan",25,20,18.23,8,Standard,1672.68,37.50922877,14 Years and 9 Months,Yes,154.3933583,106.5824454,HighspentMediumvaluepayments,248.6120297,Poor,,,,,,,,,,,,
June,150,Rick Rothackerq,37,30502.54,2595.878333,8,7,24,7,"Credit-Builder Loan, Auto Loan, Credit-Builder Loan, Student Loan, Personal Loan, Not Specified, and Mortgage Loan",25,17,18.23,8,Standard,1672.68,34.62966312,14 Years and 10 Months,Yes,154.3933583,20.99723703,HighspentLargevaluepayments,324.197238,Poor,,,,,,,,,,,,
July,150,Rick Rothackerq,37,30502.54,2595.878333,8,7,24,7,"Credit-Builder Loan, Auto Loan, Credit-Builder Loan, Student Loan, Personal Loan, Not Specified, and Mortgage Loan",25,20,18.23,8,Standard,1672.68,32.29080246,14 Years and 11 Months,Yes,154.3933583,199.5862853,Low_spent_Large_value_payments,175.6081898,Poor,,,,,,,,,,,,
August,150,Rick Rothackerq,37,30502.54,2595.878333,8,7,24,7,"Credit-Builder Loan, Auto Loan, Credit-Builder Loan, Student Loan, Personal Loan, Not Specified, and Mortgage Loan",25,20,13.23,8,Standard,1672.68,37.61101214,15 Years and 0 Months,Yes,154.3933583,215.382797,Low_spent_Small_value_payments,179.811678,Poor,,,,,,,,,,,,
January,151,Frazierm,20,30272.61,2258.7175,3,3,15,1,Payday Loan,30,8,8.83,8,,180.94,35.62726893,15 Years and 10 Months,Yes,17.97585099,128.3534494,LowspentSmallvaluepayments,369.5424496,Standard,,,,,,,,,,,,
February,151,Frazierm,20,30272.61,2258.7175,3,3,15,-100,Payday Loan,30,8,8.83,8,Standard,180.94,36.36723057,15 Years and 11 Months,Yes,17.97585099,156.7351886,HighspentSmallvaluepayments,311.1607104,Standard,,,,,,,,,,,,
March,151,,20,30272.61,2258.7175,3,3,15,1,Payday Loan,30,6,8.83,8,Standard,180.94,24.92422156,16 Years and 0 Months,Yes,17.97585099,145.7232424,LowspentLargevaluepayments,332.1726566,Standard,,,,,,,,,,,,
April,151,Frazierm,20,30272.61,2258.7175,3,3,15,1,Payday Loan,30,8,8.83,9,Standard,180.94,38.13742934,16 Years and 1 Months,NM,17.97585099,128.6410776,LowspentLargevaluepayments,349.2548214,Standard,,,,,,,,,,,,
May,151,Frazierm,20,30272.61,2258.7175,3,3,15,1,Payday Loan,30,8,8.83,9,Standard,180.94,26.15751353,16 Years and 2 Months,Yes,17.97585099,124.7341359,LowspentLargevaluepayments,353.1617631,Standard,,,,,,,,,,,,
June,151,Frazierm,21,30272.61,2258.7175,3,3,15,1,Payday Loan,30,8,8.83,9,Standard,180.94,31.78766414,16 Years and 3 Months,Yes,17.97585099,162.7897104,LowspentSmallvaluepayments,335.1061886,Standard,,,,,,,,,,,,
July,151,Frazierm,21,30272.61,2258.7175,3,3,15,1,Payday Loan,30,8,8.83,9,_,180.94,34.81880458,16 Years and 4 Months,NM,17.97585099,80.76136899,Low_spent_Medium_value_payments,407.13453,Standard,,,,,,,,,,,,
August,151,Frazierm,21,30272.61,2258.7175,3,3,15,1_,Payday Loan,30,8,8.83,9,Standard,180.94,27.04666863,16 Years and 5 Months,Yes,17.97585099,110.2154588,Low_spent_Small_value_payments,387.6804402,Standard,,,,,,,,,,,,
January,152,Steven C.z,31,59971.42,2258.7175,8,5,6,3,"Debt Consolidation Loan, Home Equity Loan, and Student Loan",11,20,0.52,0,,203.03,39.58066955,20 Years and 2 Months,No,107.9372413,217.6930633,LowspentLargevaluepayments,463.4315287,Standard,,,,,,,,,,,,
February,152,Steven C.z,31,59971.42,5190.618333,8,5,6,3,"Debt Consolidation Loan, Home Equity Loan, and Student Loan",11,20,0.52,0,Standard,203.03,32.60829425,20 Years and 3 Months,No,107.9372413,398.1844951,LowspentSmallvaluepayments,302.940097,Standard,,,,,,,,,,,,
March,152,Steven C.z,31,59971.42,5190.618333,8,5,6,3,"Debt Consolidation Loan, Home Equity Loan, and Student Loan",11,20,,0,Standard,203.03,27.43864956,20 Years and 4 Months,NM,107.9372413,108.9602477,HighspentLargevaluepayments,542.1643443,Standard,,,,,,,,,,,,
April,152,Steven C.z,31,59971.42,5190.618333,8,5,6,3,"Debt Consolidation Loan, Home Equity Loan, and Student Loan",11,18,0.52,0,Standard,203.03,36.61509401,20 Years and 5 Months,No,107.9372413,81.93143455,!@9#%8,579.1931575,Standard,,,,,,,,,,,,
May,152,Steven C.z,31,59971.42,5190.618333,8,5,6,3,"Debt Consolidation Loan, Home Equity Loan, and Student Loan",12,2008,0.52,4,Standard,203.03,30.37106369,20 Years and 6 Months,No,107.9372413,171.767829,HighspentSmallvaluepayments,499.356763,Standard,,,,,,,,,,,,
June,152,Steven C.z,31,59971.42,5190.618333,8,5,6,3,"Debt Consolidation Loan, Home Equity Loan, and Student Loan",11,20,0.52,4,Standard,203.03,37.97601468,20 Years and 7 Months,No,107.9372413,63.43139147,!@9#%8,597.6932006,Standard,,,,,,,,,,,,
July,152,Steven C.z,31,59971.42,5190.618333,8,5,6,3,"Debt Consolidation Loan, Home Equity Loan, and Student Loan",11,20,-5.48,,Standard,203.03,36.47943083,20 Years and 8 Months,No,107.9372413,123.0979479,High_spent_Medium_value_payments,538.0266441,Standard,,,,,,,,,,,,
August,152,Steven C.z,31,59971.42,5190.618333,8,5,2398,3,"Debt Consolidation Loan, Home Equity Loan, and Student Loan",11,20,-4.48,4,Standard,203.03,34.4296386,20 Years and 9 Months,No,107.9372413,66.87314027,High_spent_Medium_value_payments,594.2514518,Standard,,,,,,,,,,,,
January,153,Dineshi,32,42220.39,3490.365833,1,4,1,-100,"Credit-Builder Loan, Student Loan, Mortgage Loan, and Mortgage Loan",9,9,7.48,1,Good,257.81,25.56459705,22 Years and 4 Months,NM,135.2703962,93.31106009,HighspentSmallvaluepayments,380.4551271,Standard,,,,,,,,,,,,
February,153,Dineshi,32,42220.39,3490.365833,1,4,1,4,"Credit-Builder Loan, Student Loan, Mortgage Loan, and Mortgage Loan",11,9,7.48,1,Good,257.81,26.87244765,22 Years and 5 Months,No,135.2703962,219.4359664,LowspentLargevaluepayments,264.3302207,Standard,,,,,,,,,,,,
March,153,Dineshi,32,42220.39,3490.365833,1,4,1,4,"Credit-Builder Loan, Student Loan, Mortgage Loan, and Mortgage Loan",6,9,2.48,1,Good,257.81,28.6426246,22 Years and 6 Months,No,135.2703962,331.3087925,LowspentSmallvaluepayments,172.4573946,Standard,,,,,,,,,,,,
April,153,Dineshi,32,42220.39,3490.365833,1,4,1,4,"Credit-Builder Loan, Student Loan, Mortgage Loan, and Mortgage Loan",9,9,7.48,1,Good,257.81,29.92048346,22 Years and 7 Months,No,135.2703962,166.2878549,LowspentMediumvaluepayments,327.4783322,Standard,,,,,,,,,,,,
May,153,Dineshi,32,42220.39,3490.365833,1,4,1,4,"Credit-Builder Loan, Student Loan, Mortgage Loan, and Mortgage Loan",9,9,7.48,1,Good,257.81,33.1033798,22 Years and 8 Months,NM,135.2703962,138.822868,HighspentMediumvaluepayments,324.9433192,Standard,,,,,,,,,,,,
June,153,Dineshi,32,42220.39,3490.365833,1,4,1,4,"Credit-Builder Loan, Student Loan, Mortgage Loan, and Mortgage Loan",5,9,7.48,1,Good,257.81,32.08385288,22 Years and 9 Months,NM,135.2703962,181.2826135,LowspentSmallvaluepayments,322.4835737,Standard,,,,,,,,,,,,
July,153,Dineshi,32,42220.39,3490.365833,1,4,1,4,"Credit-Builder Loan, Student Loan, Mortgage Loan, and Mortgage Loan",9,8,7.48,1,Good,257.81,26.96808788,22 Years and 10 Months,No,135.2703962,244.3060778,Low_spent_Small_value_payments,259.4601093,Standard,,,,,,,,,,,,
August,153,Dineshi,33,42220.39,3433.686488,1,4,1,4,"Credit-Builder Loan, Student Loan, Mortgage Loan, and Mortgage Loan",9,11,_,1,_,257.81,34.16244973,22 Years and 11 Months,No,191.9497411,140.4523116,High_spent_Medium_value_payments,323.3138755,Standard,,,,,,,,,,,,
January,154,Carlos Ruanov,51,43581.13,3566.760833,4,3,4595,3,"Auto Loan, Student Loan, and Student Loan",14,2,8.56,2,Good,900.83,37.27591161,23 Years and 1 Months,No,103.0330777,120.203879,LowspentMediumvaluepayments,413.4391267,Good,,,,,,,,,,,,
February,154,Carlos Ruanov,51,43581.13,3566.760833,4,3,9,3,"Auto Loan, Student Loan, and Student Loan",14,,8.56,2,Good,900.83,25.00899806,23 Years and 2 Months,No,103.0330777,451.5403574,!@9#%8,92.10264827,Good,,,,,,,,,,,,
March,154,Carlos Ruanov,51,43581.13,3566.760833,4,3,9,3,"Auto Loan, Student Loan, and Student Loan",11,3,8.56,2,Good,900.83,40.95969613,23 Years and 3 Months,No,103.0330777,39.53457993,!@9#%8,464.1084257,Good,,,,,,,,,,,,
April,154,Carlos Ruanov,51,43581.13,3566.760833,4,3,9,3,"Auto Loan, Student Loan, and Student Loan",14,3,8.56,2,,900.83,25.61272993,23 Years and 4 Months,No,103.0330777,57.05960796,HighspentMediumvaluepayments,446.5833977,Good,,,,,,,,,,,,
May,154,,51,43581.13,3566.760833,4,3,9,3,"Auto Loan, Student Loan, and Student Loan",14,2,3.56,2,Good,900.83,34.13471492,23 Years and 5 Months,No,103.0330777,79.46497696,HighspentLargevaluepayments,414.1780287,Good,,,,,,,,,,,,
June,154,,51,43581.13,3566.760833,4,3,9,3,"Auto Loan, Student Loan, and Student Loan",18,3,8.56,2,Good,900.83,38.11566497,23 Years and 6 Months,No,103.0330777,182.6181577,LowspentSmallvaluepayments,361.0248479,Good,,,,,,,,,,,,
July,154,Carlos Ruanov,51,43581.13,3566.760833,4,3,9,3,"Auto Loan, Student Loan, and Student Loan",14,3,8.56,2,Good,900.83,26.33896349,NA,No,103.0330777,100.155658,High_spent_Small_value_payments,413.4873477,Good,,,,,,,,,,,,
August,154,Carlos Ruanov,51,43581.13,3566.760833,4,3,9,3,"Auto Loan, Student Loan, and Student Loan",18,3,8.56,2,Good,900.83,38.4990964,NA,No,103.0330777,136.7203607,High_spent_Small_value_payments,376.922645,Standard,,,,,,,,,,,,
January,155,Sinead Carewi,49,28681.38,3566.760833,3,5,2,0,,2,5,2.82,4,Good,467.64,26.21133323,18 Years and 11 Months,No,0,189.688518,LowspentMediumvaluepayments,303.022982,Good,,,,,,,,,,,,
February,155,Sinead Carewi,50,28681.38,3566.760833,3,5,2,0,,2,5,2.82,4,,467.64,38.11375608,19 Years and 0 Months,No,0,57.84732471,!@9#%8,414.8641753,Good,,,,,,,,,,,,
March,155,Sinead Carewi,50,28681.38,3566.760833,3,5,2,0,,-1,,2.82,4,Good,467.64,25.39354008,19 Years and 1 Months,No,0,183.9762249,LowspentMediumvaluepayments,308.7352751,Good,,,,,,,,,,,,
April,155,Sinead Carewi,50,28681.38,3566.760833,3,5,2,0,,4,7,2.82,4,,467.64,23.48687745,19 Years and 2 Months,No,0,,HighspentMediumvaluepayments,379.0302627,Standard,,,,,,,,,,,,
May,155,,50,28681.38,3566.760833,3,5,2,0,,1,5,7.82,4,,467.64,23.91529125,19 Years and 3 Months,No,0,177.0887087,LowspentLargevaluepayments,305.6227913,Good,,,,,,,,,,,,
June,155,Sinead Carewi,50,28681.38,2127.115,3,5,2,0,,2,,2.82,4,Good,467.64,27.80797513,NA,No,0,42.14609888,HighspentMediumvaluepayments,420.5654011,Good,,,,,,,,,,,,
July,155,Sinead Carewi,5112,28681.38,2127.115,1338,5,2,0,,2,5,2.82,4,_,467.64,31.40347043,19 Years and 5 Months,No,0,161.8166084,Low_spent_Medium_value_payments,330.8948916,Good,,,,,,,,,,,,
August,155,Sinead Carewi,50_,28681.38,2127.115,3,5,2,0,,2,5,4.82,4,Good,467.64,32.0041069,19 Years and 6 Months,No,0,,!@9#%8,335.1314153,Good,,,,,,,,,,,,
January,156,Danielb,33,35376.32,2127.115,8,3,19,3,"Personal Loan, Payday Loan, and Personal Loan",12,17,15.14,7,Standard,1166.47,34.78417245,18 Years and 2 Months,Yes,58.21667032,57.83548953,HighspentMediumvaluepayments,405.6505068,Standard,,,,,,,,,,,,
February,156,Danielb,33,35376.32,2717.026667,8,3,19,3,"Personal Loan, Payday Loan, and Personal Loan",12,17,21.14,7,Standard,1166.47,39.99222456,18 Years and 3 Months,Yes,58.21667032,61.4909092,HighspentMediumvaluepayments,401.9950871,Standard,,,,,,,,,,,,
March,156,Danielb,33,35376.32,2717.026667,8,3,19,3,"Personal Loan, Payday Loan, and Personal Loan",12,18,15.14,7,Standard,1166.47,28.44892451,18 Years and 4 Months,Yes,58.21667032,317.5063563,LowspentSmallvaluepayments,185.97964,Standard,,,,,,,,,,,,
April,156,,33,35376.32,2717.026667,8,3,19,3,"Personal Loan, Payday Loan, and Personal Loan",12,15,19.14,7,Standard,1166.47,31.42112705,18 Years and 5 Months,NM,58.21667032,10000,HighspentSmallvaluepayments,317.1611418,Standard,,,,,,,,,,,,
May,156,Danielb,33,35376.32,2717.026667,8,3,19,3,"Personal Loan, Payday Loan, and Personal Loan",12,15,15.14,7,Standard,1166.47,30.24080727,18 Years and 6 Months,Yes,58.21667032,126.1543147,LowspentLargevaluepayments,357.3316816,Standard,,,,,,,,,,,,
June,156,Danielb,34,35376.32,2717.026667,649,3,19,3,"Personal Loan, Payday Loan, and Personal Loan",8,15,15.14,7,Standard,1166.47,35.67602081,18 Years and 7 Months,NM,58.21667032,59.79900184,HighspentSmallvaluepayments,413.6869945,Standard,,,,,,,,,,,,
July,156,Danielb,34,35376.32,2717.026667,8,3,19,3,"Personal Loan, Payday Loan, and Personal Loan",12,18,15.14,1241,Standard,1166.47,26.12615892,18 Years and 8 Months,Yes,58.21667032,87.98217406,High_spent_Medium_value_payments,375.5038223,Standard,,,,,,,,,,,,
August,156,Danielb,34,35376.32,2717.026667,8,3,19,-100,"Personal Loan, Payday Loan, and Personal Loan",12,15,15.14,7,Standard,1166.47,26.75140311,18 Years and 9 Months,NM,58.21667032,,Low_spent_Medium_value_payments,370.568977,Standard,,,,,,,,,,,,
January,157,Mutikanit,48,15488.885,1273.740417,0,4,4,0,,9,3,1.38,4,Good,1287.59,27.65170151,25 Years and 2 Months,No,0,10000,LowspentSmallvaluepayments,251.6506322,Standard,,,,,,,,,,,,
February,157,Mutikanit,48,15488.885,1273.740417,0,4,4,0,,4,1,1.38,4,Good,1287.59,22.63546187,25 Years and 3 Months,NM,0,29.44719579,HighspentLargevaluepayments,337.9268459,Good,,,,,,,,,,,,
March,157,Mutikanit,48,15488.885,1273.740417,0,4,4,0,,6,0,1.38,4,,1287.59,28.2454871,25 Years and 4 Months,No,0,155.2232445,LowspentSmallvaluepayments,262.1507971,Good,,,,,,,,,,,,
April,157,Mutikanit,48,15488.885,1273.740417,0,4,4,0,,3,2,1.38,4,Good,1287.59,27.80802651,25 Years and 5 Months,No,0,73.24941749,LowspentSmallvaluepayments,344.1246242,Standard,,,,,,,,,,,,
May,157,Mutikanit,49,15488.885,1273.740417,0,4,4,0,,6,0,1.38,4,,1287.59,31.10834678,25 Years and 6 Months,No,0,144.922638,LowspentSmallvaluepayments,272.4514036,Standard,,,,,,,,,,,,
June,157,Mutikanit,49,15560525,1273.740417,0,4,4,0,,1,-3,1.38,4,Good,1287.59,30.80107913,25 Years and 7 Months,NM,0,97.70545172,LowspentSmallvaluepayments,319.6685899,Standard,,,,,,,,,,,,
July,157,Mutikanit,49,15488.885,1273.740417,0,4,4,0,,6,0,1.38,4,Good,1287.59,33.98147214,25 Years and 8 Months,No,0,108.3841889,Low_spent_Medium_value_payments,298.9898528,Good,,,,,,,,,,,,
August,157,Mutikanit,-500,15488.885,1273.740417,0,4,4,0,,10,,1.38,9,Good,1287.59,39.43210616,25 Years and 9 Months,No,0,155.9186675,Low_spent_Small_value_payments,261.4553742,Good,,,,,,,,,,,,
January,158,Cheez,26,19853.35,1726.445833,7,4,6,2,"Debt Consolidation Loan, and Home Equity Loan",21,17,11.63,1,Standard,816.46,33.82929719,18 Years and 10 Months,No,28.07196547,10000,LowspentMediumvaluepayments,369.6677237,Standard,,,,,,,,,,,,
February,158,Cheez,26,19853.35,1726.445833,7,4,6,2,"Debt Consolidation Loan, and Home Equity Loan",21,17,11.63,1,Standard,816.46,35.28021683,18 Years and 11 Months,No,28.07196547,22.03026347,HighspentLargevaluepayments,362.5423544,Standard,,,,,,,,,,,,
March,158,Cheez,26,19853.35,1726.445833,7,4,6,2,"Debt Consolidation Loan, and Home Equity Loan",21,18,11.63,1,Standard,816.46,38.35929016,NA,No,28.07196547,62.06471233,!@9#%8,342.5079055,Standard,,,,,,,,,,,,
April,158,Cheez,26,19853.35,1726.445833,7,1201,6,2,"Debt Consolidation Loan, and Home Equity Loan",21,20,11.63,2,Standard,816.46,33.43584261,19 Years and 1 Months,No,28.07196547,123.7961781,LowspentLargevaluepayments,290.7764397,Standard,,,,,,,,,,,,
May,158,Cheez,26,19853.35,1726.445833,7,4,6,2,"Debt Consolidation Loan, and Home Equity Loan",22,17,11.63,2,,816.46,28.15432154,19 Years and 2 Months,NM,28.07196547,84.41866077,HighspentSmallvaluepayments,320.1539571,Standard,,,,,,,,,,,,
June,158,Cheez,26,19853.35,1613.003241,7,4,6,2,"Debt Consolidation Loan, and Home Equity Loan",21,17,11.63,,Standard,816.46,38.77875139,19 Years and 3 Months,No,141.5145576,104.2653578,LowspentMediumvaluepayments,320.30726,Standard,,,,,,,,,,,,
July,158,Cheez,26,19853.35,1613.003241,7,4,6,2,"Debt Consolidation Loan, and Home Equity Loan",21,17,11.63,2,_,816.46,28.9406896,19 Years and 4 Months,No,141.5145576,64.88849631,Low_spent_Small_value_payments,369.6841215,Standard,,,,,,,,,,,,
August,158,Cheez,26,19853.35,1613.003241,7,4,6,2,"Debt Consolidation Loan, and Home Equity Loan",25,17,11.63,2,Standard,816.46,29.85795807,NA,No,141.5145576,68.8519378,High_spent_Medium_value_payments,325.7206801,Standard,,,,,,,,,,,,
January,159,,32,115643.01,9910.9175,3,7,2,3,"Not Specified, Student Loan, and Not Specified",18,1,6.89,1,,951.36,27.56800421,17 Years and 11 Months,No,195.3940091,414.0255925,HighspentSmallvaluepayments,641.6721483,Poor,,,,,,,,,,,,
February,159,Luciaw,32,115643.01,9910.9175,3,7,2,3,"Not Specified, Student Loan, and Not Specified",13,4,6.89,1,Good,951.36,30.64862041,18 Years and 0 Months,No,195.3940091,670.2124917,!@9#%8,395.4852492,Standard,,,,,,,,,,,,
March,159,Luciaw,32,115643.01,9910.9175,3,7,2,3,"Not Specified, Student Loan, and Not Specified",18,1,8.89,1,,951.36,33.02244357,18 Years and 1 Months,No,195.3940091,102.0319785,HighspentLargevaluepayments,933.6657624,Poor,,,,,,,,,,,,
April,159,Luciaw,33,115643.01,9910.9175,3,7,2,3,"Not Specified, Student Loan, and Not Specified",18,0,6.89,1,Good,951.36,23.40766359,18 Years and 2 Months,No,195.3940091,868.4215954,!@9#%8,207.2761454,Poor,,,,,,,,,,,,
May,159,Luciaw,33,115643.01,9910.9175,3,7,2,3,"Not Specified, Student Loan, and Not Specified",18,1,6.89,1,,951.36,41.09080181,18 Years and 3 Months,No,195.3940091,133.5556741,HighspentLargevaluepayments,902.1420668,Standard,,,,,,,,,,,,
June,159,Luciaw,33,115643.01,9910.9175,3,7,2,3,"Not Specified, Student Loan, and Not Specified",18,3,,1,Good,951.36,30.2873135,18 Years and 4 Months,NM,195.3940091,644.4721303,LowspentMediumvaluepayments,431.2256105,Poor,,,,,,,,,,,,
July,159,Luciaw,33,115643.01,9910.9175,3,7,2,3,"Not Specified, Student Loan, and Not Specified",18,1,6.89,1,Good,951.36,34.28101395,18 Years and 5 Months,No,195.3940091,116.4639131,High_spent_Medium_value_payments,929.2338278,Poor,,,,,,,,,,,,
August,159,Luciaw,33,115643.01,9910.9175,3,7,2,3,"Not Specified, Student Loan, and Not Specified",18,1,13.89,1,Good,951.36,39.1727994,18 Years and 6 Months,No,195.3940091,731.1251628,!@9#%8,344.5725781,Poor,,,,,,,,,,,,
January,160,Edward Taylorz,44,7512.225,513.01875,7,7,14,5,"Personal Loan, Payday Loan, Student Loan, Not Specified, and Not Specified",6,19,11.87,7,Standard,540.07,27.51300973,8 Years and 1 Months,Yes,20.68610769,32.37729898,LowspentSmallvaluepayments,288.2384683,Standard,,,,,,,,,,,,
February,160,Edward Taylorz,44,7512.225,513.01875,7,7,14,5,"Personal Loan, Payday Loan, Student Loan, Not Specified, and Not Specified",6,17,10.87,9,Standard,540.07,23.90991208,8 Years and 2 Months,Yes,20.68610769,63.02139644,LowspentSmallvaluepayments,257.5943709,Standard,,,,,,,,,,,,
March,160,Edward Taylorz,44,7512.225,513.01875,7,7,14,5,"Personal Loan, Payday Loan, Student Loan, Not Specified, and Not Specified",6,17,11.87,9,Standard,540.07,33.85302645,8 Years and 3 Months,NM,20.68610769,53.16535684,LowspentSmallvaluepayments,267.4504105,Standard,,,,,,,,,,,,
April,160,Edward Taylorz,44,7512.225,513.01875,7,7,14,5,"Personal Loan, Payday Loan, Student Loan, Not Specified, and Not Specified",6,16,11.87,9,Standard,540.07,29.15999445,8 Years and 4 Months,Yes,56074,42.59795497,LowspentSmallvaluepayments,278.0178123,Standard,,,,,,,,,,,,
May,160,Edward Taylorz,44,7512.225,513.01875,7,7,14,5,"Personal Loan, Payday Loan, Student Loan, Not Specified, and Not Specified",6,20,11.87,9,Standard,540.07,26.06325537,8 Years and 5 Months,Yes,20.68610769,10.13191094,HighspentMediumvaluepayments,270.4838564,Standard,,,,,,,,,,,,
June,160,Edward Taylorz,44,7512.225,513.01875,7,7,2800,5,"Personal Loan, Payday Loan, Student Loan, Not Specified, and Not Specified",6,17,11.87,9,Standard,540.07,30.79841422,NA,Yes,20.68610769,25.80361934,LowspentSmallvaluepayments,294.812148,Standard,,,,,,,,,,,,
July,160,Edward Taylorz,44,7512.225,513.01875,7,7,14,5,"Personal Loan, Payday Loan, Student Loan, Not Specified, and Not Specified",2,15,11.87,9,Standard,540.07,37.38445938,8 Years and 7 Months,Yes,20.68610769,35.66272972,High_spent_Small_value_payments,254.9530376,Standard,,,,,,,,,,,,
August,160,Edward Taylorz,44,7512.225,,7,7,14,5,"Personal Loan, Payday Loan, Student Loan, Not Specified, and Not Specified",6,17,11.87,9,_,540.07,23.82272533,8 Years and 8 Months,Yes,20.68610769,27.98080463,Low_spent_Small_value_payments,292.6349627,Standard,,,,,,,,,,,,
January,161,Costa Alisterq,15,35161.46,2930.121667,10,8,32,6,"Student Loan, Credit-Builder Loan, Home Equity Loan, Personal Loan, Home Equity Loan, and Mortgage Loan",61,24,2.49,12,Bad,4445.32,31.0425119,7 Years and 11 Months,Yes,113.3910842,123.585426,LowspentSmallvaluepayments,346.0356564,Poor,,,,,,,,,,,,
February,161,Costa Alisterq,15,35161.46,2930.121667,10,8,32,6,"Student Loan, Credit-Builder Loan, Home Equity Loan, Personal Loan, Home Equity Loan, and Mortgage Loan",58,20,2.49,12,Bad,4445.32,29.46906222,8 Years and 0 Months,Yes,113.3910842,82.98997859,HighspentMediumvaluepayments,346.6311039,Standard,,,,,,,,,,,,
March,161,Costa Alisterq,16,35161.46,2930.121667,10,8,32,6,"Student Loan, Credit-Builder Loan, Home Equity Loan, Personal Loan, Home Equity Loan, and Mortgage Loan",61,23,2.49,12,Bad,4445.32,29.68532244,8 Years and 1 Months,Yes,113.3910842,204.8329297,LowspentSmallvaluepayments,264.7881528,Standard,,,,,,,,,,,,
April,161,Costa Alisterq,16,35161.46,2930.121667,10,8,32,6,"Student Loan, Credit-Builder Loan, Home Equity Loan, Personal Loan, Home Equity Loan, and Mortgage Loan",61,21,2.49,15,Bad,4445.32,33.15011988,8 Years and 2 Months,Yes,113.3910842,78.34093426,LowspentMediumvaluepayments,381.2801482,Poor,,,,,,,,,,,,
May,161,,16,35161.46,2930.121667,10,8,32,6,"Student Loan, Credit-Builder Loan, Home Equity Loan, Personal Loan, Home Equity Loan, and Mortgage Loan",56,19,2.49,15,,4445.32,28.41173359,8 Years and 3 Months,Yes,113.3910842,37.42498443,HighspentMediumvaluepayments,392.196098,Poor,,,,,,,,,,,,
June,161,Costa Alisterq,16,35161.46,2930.121667,10,8,32,6,"Student Loan, Credit-Builder Loan, Home Equity Loan, Personal Loan, Home Equity Loan, and Mortgage Loan",65,24,,15,Bad,4445.32,27.11896522,8 Years and 4 Months,Yes,113.3910842,19.01948976,HighspentLargevaluepayments,400.6015927,Poor,,,,,,,,,,,,
July,161,Costa Alisterq,16,35161.46,2930.121667,10,8,32,6,"Student Loan, Credit-Builder Loan, Home Equity Loan, Personal Loan, Home Equity Loan, and Mortgage Loan",65,21,2.49,15,Bad,4445.32,32.53315907,NA,Yes,113.3910842,362.0947217,Low_spent_Small_value_payments,107.5263608,Poor,,,,,,,,,,,,
August,161,Costa Alisterq,16_,35161.46,2930.121667,10,8,32,6,"Student Loan, Credit-Builder Loan, Home Equity Loan, Personal Loan, Home Equity Loan, and Mortgage Loan",61,21,2.49,15,Bad,4445.32,33.80137556,8 Years and 6 Months,Yes,113.3910842,367.5519373,Low_spent_Small_value_payments,102.0691452,Poor,,,,,,,,,,,,
January,162,Aileen Wangy,33,9133.045,2930.121667,6,7,34,6,"Home Equity Loan, Mortgage Loan, Credit-Builder Loan, Mortgage Loan, Student Loan, and Student Loan",56,16,10.26,11,Bad,3035.88,41.34692749,8 Years and 11 Months,Yes,30.20103248,26.30815984,LowspentSmallvaluepayments,311.199516,Standard,,,,,,,,,,,,
February,162,Aileen Wangy,34,9133.045,777.0870833,6,7,34,6,"Home Equity Loan, Mortgage Loan, Credit-Builder Loan, Mortgage Loan, Student Loan, and Student Loan",60,16,11.26,11,Bad,3035.88,37.47715843,9 Years and 0 Months,Yes,30.20103248,60.06650759,LowspentSmallvaluepayments,277.4411683,Standard,,,,,,,,,,,,
March,162,Aileen Wangy,34,9133.045,777.0870833,6,7,34,6,"Home Equity Loan, Mortgage Loan, Credit-Builder Loan, Mortgage Loan, Student Loan, and Student Loan",63,16,15.26,11,Bad,3035.88,37.62121972,9 Years and 1 Months,Yes,30.20103248,42.1771251,LowspentMediumvaluepayments,285.3305508,Standard,,,,,,,,,,,,
April,162,Aileen Wangy,34,9133.045,777.0870833,6,7,34,6,"Home Equity Loan, Mortgage Loan, Credit-Builder Loan, Mortgage Loan, Student Loan, and Student Loan",61,16,15.26,11,Bad,3035.88,32.01028671,9 Years and 2 Months,Yes,30.20103248,46.48832383,LowspentMediumvaluepayments,281.019352,Good,,,,,,,,,,,,
May,162,Aileen Wangy,34,9133.045,777.0870833,6,7,34,6,"Home Equity Loan, Mortgage Loan, Credit-Builder Loan, Mortgage Loan, Student Loan, and Student Loan",61,19,15.26,11,Bad,3035.88,31.19875966,9 Years and 3 Months,Yes,30.20103248,35.77146298,HighspentSmallvaluepayments,271.7362129,Good,,,,,,,,,,,,
June,162,Aileen Wangy,34,9133.045,777.0870833,6,7,34,6,"Home Equity Loan, Mortgage Loan, Credit-Builder Loan, Mortgage Loan, Student Loan, and Student Loan",61,14,13.26,11,Bad,3035.88,36.66944085,9 Years and 4 Months,Yes,77767,48.45451194,!@9#%8,269.0531639,Good,,,,,,,,,,,,
July,162,Aileen Wangy,34,9133.045,777.0870833,6,7,34,6,"Home Equity Loan, Mortgage Loan, Credit-Builder Loan, Mortgage Loan, Student Loan, and Student Loan",61,16,16.26,11,Bad,3035.88,37.02781102,9 Years and 5 Months,NM,30.20103248,75.62614013,Low_spent_Small_value_payments,261.8815357,Good,,,,,,,,,,,,
August,162,,34,9133.045,777.0870833,6,7,34,6,"Home Equity Loan, Mortgage Loan, Credit-Builder Loan, Mortgage Loan, Student Loan, and Student Loan",61,16,15.26,11,Bad,3035.88,28.2964114,9 Years and 6 Months,Yes,30.20103248,31.01263605,High_spent_Small_value_payments,276.4950398,Good,,,,,,,,,,,,
January,163,Hollx,22,19283.47,1886.955833,10,8,34,9,"Home Equity Loan, Debt Consolidation Loan, Auto Loan, Debt Consolidation Loan, Payday Loan, Student Loan, Personal Loan, Payday Loan, and Credit-Builder Loan",38,15,26.43,12,Bad,4404.48,26.51448318,5 Years and 8 Months,Yes,84.61643173,87.58752722,LowspentSmallvaluepayments,306.4916244,Standard,,,,,,,,,,,,
February,163,Hollx,22,19283.47,1886.955833,10,8,34,9,"Home Equity Loan, Debt Consolidation Loan, Auto Loan, Debt Consolidation Loan, Payday Loan, Student Loan, Personal Loan, Payday Loan, and Credit-Builder Loan",38,16,26.43,12,Bad,4404.48,40.44311542,5 Years and 9 Months,Yes,84.61643173,43.34465042,HighspentLargevaluepayments,300.7345012,Standard,,,,,,,,,,,,
March,163,Hollx,22,19283.47,1886.955833,10,8,34,9,"Home Equity Loan, Debt Consolidation Loan, Auto Loan, Debt Consolidation Loan, Payday Loan, Student Loan, Personal Loan, Payday Loan, and Credit-Builder Loan",38,15,26.43,12,Bad,4404.48,24.73345048,5 Years and 10 Months,Yes,58038,10000,LowspentSmallvaluepayments,149.6890621,Standard,,,,,,,,,,,,
April,163,Hollx,22,19283.47,1886.955833,889,8,34,9,"Home Equity Loan, Debt Consolidation Loan, Auto Loan, Debt Consolidation Loan, Payday Loan, Student Loan, Personal Loan, Payday Loan, and Credit-Builder Loan",38,15,26.43,1839,Bad,4404.48,36.81321436,5 Years and 11 Months,Yes,84.61643173,118.9762629,LowspentMediumvaluepayments,265.1028887,Standard,,,,,,,,,,,,
May,163,Hollx,22,19283.47,1886.955833,10,8,34,9,"Home Equity Loan, Debt Consolidation Loan, Auto Loan, Debt Consolidation Loan, Payday Loan, Student Loan, Personal Loan, Payday Loan, and Credit-Builder Loan",38,,33.43,12,Bad,4404.48,24.26782583,6 Years and 0 Months,Yes,84.61643173,45.36876137,!@9#%8,308.7103902,Standard,,,,,,,,,,,,
June,163,Hollx,22,19283.47,1886.955833,10,8,34,9,"Home Equity Loan, Debt Consolidation Loan, Auto Loan, Debt Consolidation Loan, Payday Loan, Student Loan, Personal Loan, Payday Loan, and Credit-Builder Loan",38,15,26.43,12,,4404.48,38.01777594,6 Years and 1 Months,Yes,84.61643173,25.49382195,HighspentLargevaluepayments,318.5853297,Standard,,,,,,,,,,,,
July,163,Hollx,22_,19283.47,1886.955833,10,8,34,9,"Home Equity Loan, Debt Consolidation Loan, Auto Loan, Debt Consolidation Loan, Payday Loan, Student Loan, Personal Loan, Payday Loan, and Credit-Builder Loan",42,17,26.43,12,_,4404.48,31.62499369,6 Years and 2 Months,Yes,84.61643173,173.7049863,Low_spent_Small_value_payments,220.3741653,Standard,,,,,,,,,,,,
August,163,Hollx,23,19283.47,1886.955833,10,8,34,9,"Home Equity Loan, Debt Consolidation Loan, Auto Loan, Debt Consolidation Loan, Payday Loan, Student Loan, Personal Loan, Payday Loan, and Credit-Builder Loan",38,538,27.43,12,Bad,4404.48,22.99097766,6 Years and 3 Months,Yes,84.61643173,103.5079457,Low_spent_Large_value_payments,270.5712059,Standard,,,,,,,,,,,,
January,164,Alastair Sharpe,23,66502.76,1886.955833,0,6,1,2,"Mortgage Loan, and Personal Loan",29,7,7.06,2,Good,276.91,40.27395345,18 Years and 8 Months,No,80.10017431,82.10389005,HighspentMediumvaluepayments,625.7856023,Poor,,,,,,,,,,,,
February,164,Alastair Sharpe,23,66502.76,1886.955833,0,6,1,2,"Mortgage Loan, and Personal Loan",31,10,7.06,2,Good,276.91,25.85623159,18 Years and 9 Months,No,80.10017431,131.0999091,HighspentLargevaluepayments,566.7895833,Poor,,,,,,,,,,,,
March,164,Alastair Sharpe,23,66502.76,5379.896667,0,6,1,2,"Mortgage Loan, and Personal Loan",29,10,7.06,2,Good,276.91,33.4594584,18 Years and 10 Months,No,80.10017431,70.98632216,HighspentMediumvaluepayments,636.9031702,Poor,,,,,,,,,,,,
April,164,Alastair Sharpe,23,66502.76,5379.896667,0,6,1,2,"Mortgage Loan, and Personal Loan",29,8,13.06,2,Good,276.91,31.26324999,18 Years and 11 Months,No,80.10017431,97.47015739,HighspentLargevaluepayments,600.419335,Poor,,,,,,,,,,,,
May,164,Alastair Sharpe,23,66502.76,5379.896667,0,6,1,2,"Mortgage Loan, and Personal Loan",29,10,7.06,2,,276.91,23.33091259,19 Years and 0 Months,No,80.10017431,374.667545,LowspentLargevaluepayments,353.2219474,Standard,,,,,,,,,,,,
June,164,Alastair Sharpe,24,66502.76,5379.896667,0,6,1,-100,"Mortgage Loan, and Personal Loan",29,10,7.06,1953,Good,276.91,35.76220154,19 Years and 1 Months,NM,80.10017431,211.1375988,HighspentSmallvaluepayments,506.7518935,Poor,,,,,,,,,,,,
July,164,Alastair Sharpe,24,66502.76,5379.896667,0,6,1,2,"Mortgage Loan, and Personal Loan",29,11,7.06,2,Good,276.91,39.80826972,19 Years and 2 Months,No,80.10017431,136.5930026,High_spent_Small_value_payments,581.2964897,Poor,,,,,,,,,,,,
August,164,Alastair Sharpe,24,66502.76,5379.896667,0,6,1,2,"Mortgage Loan, and Personal Loan",29,10,7.06,2,Good,276.91,35.51355429,19 Years and 3 Months,No,80.10017431,149.1292831,High_spent_Medium_value_payments,558.7602093,Poor,,,,,,,,,,,,
January,165,,33,9444.795,850.06625,7,8,28,6,"Mortgage Loan, Credit-Builder Loan, Student Loan, Debt Consolidation Loan, Mortgage Loan, and Auto Loan",21,11,17.57,7,Standard,1701.58,38.48831078,5 Years and 4 Months,Yes,27.5949503,92.59222789,!@9#%8,254.8194468,Standard,,,,,,,,,,,,
February,165,ill Rigbys,33,9444.795,850.06625,7,8,28,6,"Mortgage Loan, Credit-Builder Loan, Student Loan, Debt Consolidation Loan, Mortgage Loan, and Auto Loan",26,9,17.57,7,Standard,1701.58,35.18216454,5 Years and 5 Months,Yes,27.5949503,28.49645707,!@9#%8,278.9152176,Standard,,,,,,,,,,,,
March,165,ill Rigbys,33,9444.795,850.06625,7,8,28,6,"Mortgage Loan, Credit-Builder Loan, Student Loan, Debt Consolidation Loan, Mortgage Loan, and Auto Loan",26,11,12.57,7,,1701.58,35.76303907,5 Years and 6 Months,Yes,27.5949503,10000,LowspentLargevaluepayments,255.860069,Poor,,,,,,,,,,,,
April,165,ill Rigbys,33,9444.795,850.06625,7,8,28,6,"Mortgage Loan, Credit-Builder Loan, Student Loan, Debt Consolidation Loan, Mortgage Loan, and Auto Loan",31,11,17.57,7,Standard,1701.58,30.66682464,5 Years and 7 Months,Yes,27.5949503,71.40615723,LowspentSmallvaluepayments,276.0055175,Poor,,,,,,,,,,,,
May,165,,34,9444.795,850.06625,7,8,28,6,"Mortgage Loan, Credit-Builder Loan, Student Loan, Debt Consolidation Loan, Mortgage Loan, and Auto Loan",26,11,,7,Standard,1701.58,33.20798895,5 Years and 8 Months,Yes,27.5949503,83.43984726,LowspentSmallvaluepayments,263.9718274,Poor,,,,,,,,,,,,
June,165,ill Rigbys,34,9444.795,850.06625,7,8,28,6,"Mortgage Loan, Credit-Builder Loan, Student Loan, Debt Consolidation Loan, Mortgage Loan, and Auto Loan",25,12,17.57,7,Standard,1701.58,36.85162288,5 Years and 9 Months,Yes,27.5949503,20.14142612,HighspentLargevaluepayments,277.2702486,Poor,,,,,,,,,,,,
July,165,ill Rigbys,34,9444.795,850.06625,7,8,28,6,"Mortgage Loan, Credit-Builder Loan, Student Loan, Debt Consolidation Loan, Mortgage Loan, and Auto Loan",26,11,17.57,7,Standard,1701.58,38.81867456,5 Years and 10 Months,Yes,27.5949503,62.5719184,Low_spent_Small_value_payments,284.8397563,Poor,,,,,,,,,,,,
August,165,ill Rigbys,34,9444.795,,7,8,28,6,"Mortgage Loan, Credit-Builder Loan, Student Loan, Debt Consolidation Loan, Mortgage Loan, and Auto Loan",26,11,17.57,7,Standard,1701.58,25.64161686,5 Years and 11 Months,Yes,27.5949503,60.23201765,Low_spent_Medium_value_payments,277.1796571,Poor,,,,,,,,,,,,
January,166,,46,70112.78,5989.731667,1,7,3,2,"Mortgage Loan, and Student Loan",5,3,1.75,2,Good,877.06,36.97651581,24 Years and 10 Months,No,69.71794787,433.1852678,LowspentMediumvaluepayments,376.069951,Poor,,,,,,,,,,,,
February,166,,46,70112.78,5989.731667,1,7,3,2,"Mortgage Loan, and Student Loan",5,3,1.75,2,Good,877.06,27.43320195,24 Years and 11 Months,No,69.71794787,469.3210996,LowspentMediumvaluepayments,339.9341192,Standard,,,,,,,,,,,,
March,166,Alisteri,46,70112.78,5989.731667,1,7,3,2,"Mortgage Loan, and Student Loan",5,3,4.75,2,Good,877.06,29.76451184,25 Years and 0 Months,NM,69.71794787,545.8562339,LowspentMediumvaluepayments,263.3989849,Poor,,,,,,,,,,,,
April,166,Alisteri,46,70112.78,5989.731667,1668,7,3,2,"Mortgage Loan, and Student Loan",5,3,2.75,2,Good,877.06,35.54211365,NA,No,69.71794787,541.2524164,LowspentMediumvaluepayments,268.0028024,Poor,,,,,,,,,,,,
May,166,Alisteri,46,70112.78,5989.731667,1,7,3,2,"Mortgage Loan, and Student Loan",3,4,,5,Good,877.06,35.44189502,25 Years and 2 Months,No,69.71794787,94.87331908,HighspentLargevaluepayments,674.3818997,Poor,,,,,,,,,,,,
June,166,Alisteri,46,70112.78,5989.731667,1,7,3,2,"Mortgage Loan, and Student Loan",7,3,1.75,5,Good,877.06,33.51310192,25 Years and 3 Months,NM,69.71794787,,HighspentLargevaluepayments,666.7678119,Poor,,,,,,,,,,,,
July,166,Alisteri,46,70112.78,5989.731667,1,7,3,2,"Mortgage Loan, and Student Loan",5,1,1.75,5,Good,877.06,39.90739755,25 Years and 4 Months,No,69.71794787,122.5441589,High_spent_Medium_value_payments,656.7110599,Poor,,,,,,,,,,,,
August,166,Alisteri,47,70112.78,5989.731667,1,7,3,2,"Mortgage Loan, and Student Loan",5,3,1.75,5,Good,877.06,34.2977985,25 Years and 5 Months,No,69.71794787,185.1508386,High_spent_Medium_value_payments,594.1043802,Poor,,,,,,,,,,,,
January,167,Alexei Anishchukz,17,15604.56,1389.38,9,5,25,3,"Debt Consolidation Loan, Home Equity Loan, and Not Specified",27,23,9.08,10,,2686.18,37.27594078,NA,Yes,37.91235014,93.21312485,LowspentLargevaluepayments,277.812525,Poor,,,,,,,,,,,,
February,167,Alexei Anishchukz,17,15604.56,1389.38,9,5,25,3,"Debt Consolidation Loan, Home Equity Loan, and Not Specified",27,23,8.08,10,Bad,2686.18,31.09297235,19 Years and 5 Months,Yes,37.91235014,65.8787918,!@9#%8,325.1468581,Poor,,,,,,,,,,,,
March,167,Alexei Anishchukz,17,15604.56,1389.38,9,5,25,-100,"Debt Consolidation Loan, Home Equity Loan, and Not Specified",27,23,8.08,10,Bad,2686.18,27.39811578,19 Years and 6 Months,Yes,37.91235014,56.0390886,LowspentLargevaluepayments,314.9865613,Poor,,,,,,,,,,,,
April,167,Alexei Anishchukz,17,15604.56,1389.38,9,5,25,3,"Debt Consolidation Loan, Home Equity Loan, and Not Specified",27,23,8.08,2321,,2686.18,37.98187464,19 Years and 7 Months,Yes,37.91235014,169.0607979,LowspentSmallvaluepayments,221.964852,Poor,,,,,,,,,,,,
May,167,Alexei Anishchukz,17,15604.56,1389.38,9,169,25,3,"Debt Consolidation Loan, Home Equity Loan, and Not Specified",31,24,8.08,13,Bad,2686.18,37.20855788,19 Years and 8 Months,Yes,37.91235014,62.34275238,HighspentSmallvaluepayments,298.6828975,Poor,,,,,,,,,,,,
June,167,,17,15604.56,1389.38,9,5,25,3,"Debt Consolidation Loan, Home Equity Loan, and Not Specified",31,23,,13,Bad,2686.18,38.61447028,19 Years and 9 Months,Yes,37.91235014,25.9869617,HighspentSmallvaluepayments,335.0386882,Poor,,,,,,,,,,,,
July,167,Alexei Anishchukz,17,15604.56,1389.38,9,5,964,-100,"Debt Consolidation Loan, Home Equity Loan, and Not Specified",29,23,8.08,,Bad,2686.18,26.80881792,19 Years and 10 Months,Yes,37.91235014,124.8943026,Low_spent_Medium_value_payments,256.1313472,Standard,,,,,,,,,,,,
August,167,Alexei Anishchukz,17_,15604.56,,9,5,25,3,"Debt Consolidation Loan, Home Equity Loan, and Not Specified",27,23,8.08,13,Bad,2686.18,35.18408185,NA,Yes,37.91235014,92.11398853,Low_spent_Small_value_payments,298.9116613,Standard,,,,,,,,,,,,
January,168,Papachristouy,36,68935.26,5518.605,1,5,8,3,"Credit-Builder Loan, Personal Loan, and Auto Loan",18,6,3.25,4,Good,457.81,23.06996228,25 Years and 4 Months,No,68265,208.5060891,HighspentMediumvaluepayments,490.5581022,Good,,,,,,,,,,,,
February,168,Papachristouy,36,68935.26,5518.605,1,5,8,3,"Credit-Builder Loan, Personal Loan, and Auto Loan",14,8,3.25,4,Good,457.81,34.69013759,25 Years and 5 Months,NM,102.7963086,10000,HighspentMediumvaluepayments,584.1471399,Good,,,,,,,,,,,,
March,168,Papachristouy,36,68935.26,5518.605,1,5,8,3,"Credit-Builder Loan, Personal Loan, and Auto Loan",14,9,3.25,4,Good,457.81,37.45209398,25 Years and 6 Months,No,102.7963086,739.7896616,!@9#%8,0,Good,,,,,,,,,,,,
April,168,Papachristouy,36,68935.26,5518.605,1,5,8,3,"Credit-Builder Loan, Personal Loan, and Auto Loan",14,5,3.25,4,Good,457.81,27.6047595,25 Years and 7 Months,No,102.7963086,215.0382826,HighspentMediumvaluepayments,484.0259088,Good,,,,,,,,,,,,
May,168,Papachristouy,36,68935.26,5518.605,1,5,8,3,"Credit-Builder Loan, Personal Loan, and Auto Loan",17,6,3.25,4,Good,457.81,36.53246992,25 Years and 8 Months,No,102.7963086,371.8341314,HighspentSmallvaluepayments,337.2300599,Good,,,,,,,,,,,,
June,168,Papachristouy,37,68935.26,5518.605,1,5,8,3,"Credit-Builder Loan, Personal Loan, and Auto Loan",14,3,2.25,4,Good,457.81,36.50307552,25 Years and 9 Months,No,102.7963086,162.8164817,HighspentMediumvaluepayments,536.2477096,Good,,,,,,,,,,,,
July,168,,37,68935.26,,1,5,8,3,"Credit-Builder Loan, Personal Loan, and Auto Loan",14,6,3.25,5,Good,457.81,26.17545189,25 Years and 10 Months,No,102.7963086,10000,High_spent_Large_value_payments,612.9310047,Good,,,,,,,,,,,,
August,168,Papachristouy,37,68935.26,5518.605,1,5,8,3,"Credit-Builder Loan, Personal Loan, and Auto Loan",12,9,3.25,5,_,457.81,26.82103884,25 Years and 11 Months,No,102.7963086,37.17466132,High_spent_Large_value_payments,651.88953,Good,,,,,,,,,,,,
January,169,,42,31807,5518.605,8,3,14,2,"Student Loan, and Mortgage Loan",21,8,14.68,1,Standard,611.04,24.10101884,20 Years and 1 Months,Yes,35.55369086,195.2840071,LowspentSmallvaluepayments,332.5206354,Standard,,,,,,,,,,,,
February,169,Aileen Wanga,42,31807,2733.583333,8,3,14,2,"Student Loan, and Mortgage Loan",17,8,14.68,1,,611.04,29.95563613,NA,Yes,35.55369086,59.79390725,HighspentLargevaluepayments,418.0107352,Standard,,,,,,,,,,,,
March,169,Aileen Wanga,42,31807,2733.583333,8,3,14,2,"Student Loan, and Mortgage Loan",17,8,14.68,,Standard,611.04,23.41143447,20 Years and 3 Months,Yes,35.55369086,10000,LowspentSmallvaluepayments,349.8835461,Standard,,,,,,,,,,,,
April,169,Aileen Wanga,42,31807,2733.583333,8,3,14,2,"Student Loan, and Mortgage Loan",21,,20.68,1,Standard,611.04,27.06705363,20 Years and 4 Months,Yes,35.55369086,32.15559293,HighspentMediumvaluepayments,455.6490495,Good,,,,,,,,,,,,
May,169,Aileen Wanga,42,31807,2733.583333,8,3,14,2,"Student Loan, and Mortgage Loan",12,8,14.68,1,Standard,611.04,33.56369078,20 Years and 5 Months,NM,35.55369086,159.3500743,HighspentSmallvaluepayments,338.4545682,Good,,,,,,,,,,,,
June,169,Aileen Wanga,42,31807,2733.583333,8,3,14,2,"Student Loan, and Mortgage Loan",17,11,14.68,1,,611.04,25.15308482,20 Years and 6 Months,NM,35.55369086,104.8348455,!@9#%8,382.969797,Good,,,,,,,,,,,,
July,169,Aileen Wanga,42,31807,2733.583333,8,3,14,2,"Student Loan, and Mortgage Loan",18,8,14.68,1,Standard,611.04,32.96827475,20 Years and 7 Months,Yes,35.55369086,202.9485382,Low_spent_Large_value_payments,304.8561042,Good,,,,,,,,,,,,
August,169,Aileen Wanga,42,31807,2733.583333,8,3,14,2,"Student Loan, and Mortgage Loan",20,8,14.68,1,_,611.04,40.66511242,20 Years and 8 Months,Yes,35.55369086,35.27687637,High_spent_Large_value_payments,442.5277661,Good,,,,,,,,,,,,
January,170,Aileen Wangy,36,10025.2,1089.433333,10,10,21,7,"Credit-Builder Loan, Home Equity Loan, Personal Loan, Auto Loan, Personal Loan, Auto Loan, and Credit-Builder Loan",23,14,16.88,12,Standard,1409.58,36.61446866,15 Years and 3 Months,Yes,41.43157634,141.3578697,LowspentSmallvaluepayments,216.1538873,Poor,,,,,,,,,,,,
February,170,Aileen Wangy,36,10025.2,1089.433333,10,10,21,7,"Credit-Builder Loan, Home Equity Loan, Personal Loan, Auto Loan, Personal Loan, Auto Loan, and Credit-Builder Loan",23,14,16.88,12,Standard,1409.58,37.44166625,15 Years and 4 Months,Yes,41.43157634,10000,!@9#%8,290.7693068,Poor,,,,,,,,,,,,
March,170,Aileen Wangy,36,10025.2,1089.433333,10,10,21,7,"Credit-Builder Loan, Home Equity Loan, Personal Loan, Auto Loan, Personal Loan, Auto Loan, and Credit-Builder Loan",23,14,16.88,12,Standard,1409.58,28.82956825,15 Years and 5 Months,Yes,41.43157634,83.79413236,LowspentLargevaluepayments,253.7176246,Poor,,,,,,,,,,,,
April,170,Aileen Wangy,36,10025.2,1089.433333,10,1423,21,7,"Credit-Builder Loan, Home Equity Loan, Personal Loan, Auto Loan, Personal Loan, Auto Loan, and Credit-Builder Loan",27,11,16.88,12,,1409.58,36.18180914,15 Years and 6 Months,NM,41.43157634,65.98234303,LowspentSmallvaluepayments,291.529414,Poor,,,,,,,,,,,,
May,170,Aileen Wangy,36,10025.2,1089.433333,10,10,21,7,"Credit-Builder Loan, Home Equity Loan, Personal Loan, Auto Loan, Personal Loan, Auto Loan, and Credit-Builder Loan",23,,16.88,12,Standard,1409.58,30.80777958,15 Years and 7 Months,Yes,41.43157634,,LowspentSmallvaluepayments,311.9552779,Poor,,,,,,,,,,,,
June,170,Aileen Wangy,36,10025.2,1089.433333,10,10,21,7,"Credit-Builder Loan, Home Equity Loan, Personal Loan, Auto Loan, Personal Loan, Auto Loan, and Credit-Builder Loan",23,14,16.88,12,Standard,1409.58,37.5870229,15 Years and 8 Months,Yes,41.43157634,10000,LowspentSmallvaluepayments,313.6858346,Poor,,,,,,,,,,,,
July,170,Aileen Wangy,37,10025.2_,1089.433333,10,10,21,7,"Credit-Builder Loan, Home Equity Loan, Personal Loan, Auto Loan, Personal Loan, Auto Loan, and Credit-Builder Loan",23,14,16.88,12,Standard,1409.58,27.18100926,15 Years and 9 Months,Yes,41.43157634,42.32952582,!@9#%8,315.1822312,Poor,,,,,,,,,,,,
August,170,Aileen Wangy,37,10025.2,,10,10,21,7,"Credit-Builder Loan, Home Equity Loan, Personal Loan, Auto Loan, Personal Loan, Auto Loan, and Credit-Builder Loan",23,14,16.88,12,Standard,1409.58,33.96409432,15 Years and 10 Months,Yes,41.43157634,145.6839945,Low_spent_Small_value_payments,211.8277625,Poor,,,,,,,,,,,,
January,171,Robinsonc,39,64036.88,0,8,4,15,4,"Home Equity Loan, Personal Loan, Credit-Builder Loan, and Credit-Builder Loan",29,,14.7,4,,1635.19,37.2691958,7 Years and 8 Months,Yes,127.8260613,475.3623658,LowspentSmallvaluepayments,245.9522395,Standard,,,,,,,,,,,,
February,171,Robinsonc,39,64036.88,5591.406667,8,4,15,4,"Home Equity Loan, Personal Loan, Credit-Builder Loan, and Credit-Builder Loan",29,17,14.7,4,Standard,1635.19,30.4775069,7 Years and 9 Months,NM,127.8260613,307.9415911,LowspentMediumvaluepayments,403.3730142,Standard,,,,,,,,,,,,
March,171,Robinsonc,39,64036.88,5591.406667,8,4,15,4,"Home Equity Loan, Personal Loan, Credit-Builder Loan, and Credit-Builder Loan",26,15,14.7,4,Standard,1635.19,39.58268408,7 Years and 10 Months,Yes,127.8260613,93.11963409,HighspentLargevaluepayments,578.1949712,Standard,,,,,,,,,,,,
April,171,Robinsonc,39,64036.88,5591.406667,8,4,15,4,"Home Equity Loan, Personal Loan, Credit-Builder Loan, and Credit-Builder Loan",29,15,14.7,4,Standard,1635.19,32.85935458,7 Years and 11 Months,Yes,127.8260613,297.9761044,LowspentMediumvaluepayments,413.3385009,Standard,,,,,,,,,,,,
May,171,Robinsonc,39,64036.88,5591.406667,8,4,15,4,"Home Equity Loan, Personal Loan, Credit-Builder Loan, and Credit-Builder Loan",31,15,14.7,4,Standard,1635.19,34.17436022,8 Years and 0 Months,Yes,127.8260613,408.9846947,LowspentMediumvaluepayments,302.3299106,Standard,,,,,,,,,,,,
June,171,,39,64036.88,5591.406667,8,4,15,4,"Home Equity Loan, Personal Loan, Credit-Builder Loan, and Credit-Builder Loan",29,15,14.7,4,Standard,1635.19,37.68110354,8 Years and 1 Months,Yes,127.8260613,,HighspentLargevaluepayments,608.441419,Standard,,,,,,,,,,,,
July,171,Robinsonc,39,64036.88,5591.406667,8,4,15,4,"Home Equity Loan, Personal Loan, Credit-Builder Loan, and Credit-Builder Loan",29,15,14.7,4,Standard,1635.19,41.59854444,8 Years and 2 Months,Yes,127.8260613,141.9399726,High_spent_Small_value_payments,549.3746327,Standard,,,,,,,,,,,,
August,171,Robinsonc,39,64036.88,5591.406667,8,4,15,4,"Home Equity Loan, Personal Loan, Credit-Builder Loan, and Credit-Builder Loan",31,15,14.7,9,Standard,1635.19,34.81010493,8 Years and 3 Months,Yes,127.8260613,267.165354,Low_spent_Large_value_payments,434.1492514,Standard,,,,,,,,,,,,
January,172,Thomaso,29,9783.245,5591.406667,8,6,29,8,"Not Specified, Credit-Builder Loan, Not Specified, Credit-Builder Loan, Auto Loan, Payday Loan, Mortgage Loan, and Credit-Builder Loan",45,19,7.75,7,Bad,1684.06,32.48217556,18 Years and 5 Months,Yes,52.83913367,94.75302405,LowspentSmallvaluepayments,233.2348839,Poor,,,,,,,,,,,,
February,172,Thomaso,29,9783.245,908.2704167,8,6,29,8,"Not Specified, Credit-Builder Loan, Not Specified, Credit-Builder Loan, Auto Loan, Payday Loan, Mortgage Loan, and Credit-Builder Loan",45,19,7.75,1265,Bad,1684.06,35.81234018,18 Years and 6 Months,NM,52.83913367,87.82352528,LowspentMediumvaluepayments,230.1643827,Standard,,,,,,,,,,,,
March,172,Thomaso,29,9783.245,908.2704167,8,6,29,8,"Not Specified, Credit-Builder Loan, Not Specified, Credit-Builder Loan, Auto Loan, Payday Loan, Mortgage Loan, and Credit-Builder Loan",48,18,3.75,7,Bad,1684.06,36.56831665,18 Years and 7 Months,Yes,52.83913367,34.54547793,!@9#%8,293.4424301,Poor,,,,,,,,,,,,
April,172,Thomaso,29,9783.245,908.2704167,8,6,29,8,"Not Specified, Credit-Builder Loan, Not Specified, Credit-Builder Loan, Auto Loan, Payday Loan, Mortgage Loan, and Credit-Builder Loan",42,17,7.75,7,,1684.06,36.00260723,18 Years and 8 Months,Yes,16913,80.78357717,LowspentMediumvaluepayments,237.2043308,Poor,,,,,,,,,,,,
May,172,Thomaso,29,9783.245,908.2704167,8,6,29,8,"Not Specified, Credit-Builder Loan, Not Specified, Credit-Builder Loan, Auto Loan, Payday Loan, Mortgage Loan, and Credit-Builder Loan",50,16,6.75,7,Bad,1684.06,39.30674058,18 Years and 9 Months,Yes,52.83913367,31.69155149,HighspentSmallvaluepayments,266.2963565,Poor,,,,,,,,,,,,
June,172,Thomaso,30,9783.245,908.2704167,8,6,29,8,"Not Specified, Credit-Builder Loan, Not Specified, Credit-Builder Loan, Auto Loan, Payday Loan, Mortgage Loan, and Credit-Builder Loan",45,17,7.75,7,Bad,1684.06,33.39004369,NA,NM,52.83913367,120.5055564,!@9#%8,207.4823516,Poor,,,,,,,,,,,,
July,172,Thomaso,30,9783.245,908.2704167,8,6,29,8,"Not Specified, Credit-Builder Loan, Not Specified, Credit-Builder Loan, Auto Loan, Payday Loan, Mortgage Loan, and Credit-Builder Loan",45,17,7.75,7,Bad,1684.06,26.63082669,18 Years and 11 Months,Yes,52.83913367,84.64670068,Low_spent_Small_value_payments,243.3412073,Poor,,,,,,,,,,,,
August,172,Thomaso,30,9783.245_,,8,6,29,8,"Not Specified, Credit-Builder Loan, Not Specified, Credit-Builder Loan, Auto Loan, Payday Loan, Mortgage Loan, and Credit-Builder Loan",45,,7.75,7,Bad,1684.06,24.46483121,19 Years and 0 Months,Yes,52.83913367,68.5808563,Low_spent_Small_value_payments,259.4070517,Poor,,,,,,,,,,,,
January,173,Suvashree Deyy,22,86522.72,7098.226667,8,5,13,1,Student Loan,17,10,15.51,8,Standard,455.22,39.76005144,27 Years and 8 Months,Yes,45.26468138,95.86465456,HighspentLargevaluepayments,808.6933307,Standard,,,,,,,,,,,,
February,173,Suvashree Deyy,22,86522.72,7098.226667,8,5,13,1,Student Loan,14,9,15.51,8,Standard,455.22,29.33748968,27 Years and 9 Months,Yes,45.26468138,139.8368013,HighspentMediumvaluepayments,774.721184,Standard,,,,,,,,,,,,
March,173,Suvashree Deyy,22,86522.72,7098.226667,8,5,13,1,Student Loan,14,10,15.51,8,,455.22,35.72838676,27 Years and 10 Months,NM,45.26468138,297.1751329,HighspentSmallvaluepayments,627.3828524,Standard,,,,,,,,,,,,
April,173,Suvashree Deyy,22,86522.72,7098.226667,8,5,13,1,Student Loan,14,,8.51,8,Standard,455.22,31.59459157,27 Years and 11 Months,Yes,45.26468138,322.233403,HighspentSmallvaluepayments,602.3245823,Standard,,,,,,,,,,,,
May,173,Suvashree Deyy,22,86522.72,7098.226667,8,5,13,1,Student Loan,14,10,15.51,8,Standard,455.22,29.96454401,28 Years and 0 Months,NM,45.26468138,182.1269494,LowspentLargevaluepayments,752.4310359,Standard,,,,,,,,,,,,
June,173,Suvashree Deyy,22,86522.72,7098.226667,8,5,13,1,Student Loan,14,8,9.51,8,Standard,455.22,41.34223418,28 Years and 1 Months,Yes,45.26468138,179.7084198,HighspentLargevaluepayments,724.8495655,Standard,,,,,,,,,,,,
July,173,,22,86522.72,7098.226667,8,5,13,1,Student Loan,16,13,15.51,8,Standard,455.22,28.47674012,28 Years and 2 Months,Yes,45.26468138,472.9484216,Low_spent_Medium_value_payments,471.6095637,Standard,,,,,,,,,,,,
August,173,Suvashree Deyy,22,86522.72,7098.226667,8,5,13,1,Student Loan,14,8,15.51,13,Standard,455.22,33.04000294,28 Years and 3 Months,Yes,45.26468138,577.9699495,Low_spent_Small_value_payments,376.5880358,Standard,,,,,,,,,,,,
January,174,Lopezu,21,124419.66,10221.305,3,4,11,4,"Home Equity Loan, Home Equity Loan, Payday Loan, and Mortgage Loan",13,9,7.12,0,Good,923.85,32.05791074,31 Years and 11 Months,No,344.1815356,338.6474398,HighspentMediumvaluepayments,589.3015246,Standard,,,,,,,,,,,,
February,174,Lopezu,21,124419.66,10221.305,3,4,11,4,"Home Equity Loan, Home Equity Loan, Payday Loan, and Mortgage Loan",13,8,12.12,0,Good,923.85,25.89328065,32 Years and 0 Months,No,344.1815356,153.5073452,!@9#%8,764.4416192,Good,,,,,,,,,,,,
March,174,Lopezu,21,124419.66,10221.305,3,4,11,4,"Home Equity Loan, Home Equity Loan, Payday Loan, and Mortgage Loan",13,8,7.12,0,Good,923.85,25.09173299,32 Years and 1 Months,No,344.1815356,489.4492844,LowspentMediumvaluepayments,468.4996801,Standard,,,,,,,,,,,,
April,174,Lopezu,21,124419.66,10221.305,3,4,11,4,"Home Equity Loan, Home Equity Loan, Payday Loan, and Mortgage Loan",13,8,3.12,0,Good,923.85,39.6747794,32 Years and 2 Months,No,344.1815356,460.327041,LowspentMediumvaluepayments,497.6219234,Good,,,,,,,,,,,,
May,174,Lopezu,21,124419.66,10221.305,3,1297,11,4,"Home Equity Loan, Home Equity Loan, Payday Loan, and Mortgage Loan",13,8,7.12,0,,923.85,39.84859775,32 Years and 3 Months,No,344.1815356,685.6839887,HighspentSmallvaluepayments,252.2649757,Standard,,,,,,,,,,,,
June,174,Lopezu,21,124419.66,10221.305,3,1299,11,4,"Home Equity Loan, Home Equity Loan, Payday Loan, and Mortgage Loan",16,8,14.12,0,Good,923.85,32.81519327,32 Years and 4 Months,No,344.1815356,384.9861356,HighspentMediumvaluepayments,542.9628288,Standard,,,,,,,,,,,,
July,174,Lopezu,21,124419.66,10221.305,3,4,11,622,"Home Equity Loan, Home Equity Loan, Payday Loan, and Mortgage Loan",9,10,7.12,1265,Good,923.85,27.44658411,32 Years and 5 Months,No,344.1815356,288.5644232,!@9#%8,659.3845412,Standard,,,,,,,,,,,,
August,174,Lopezu,21,124419.66,10221.305,3,4,11,4,"Home Equity Loan, Home Equity Loan, Payday Loan, and Mortgage Loan",18,8,7.12,0,_,923.85,34.32406369,32 Years and 6 Months,No,344.1815356,133.6038119,High_spent_Large_value_payments,784.3451525,Standard,,,,,,,,,,,,
January,175,Viswanathan,50,15606.515,1234.542917,3,4,6,4,"Personal Loan, Personal Loan, Personal Loan, and Student Loan",8,1,9.37,2,,257.85,30.0612628,32 Years and 11 Months,No,34706,11.91253583,HighspentLargevaluepayments,315.9153833,Poor,,,,,,,,,,,,
February,175,Viswanathan,50,15606.515,1234.542917,3,4,6,4,"Personal Loan, Personal Loan, Personal Loan, and Student Loan",7,1,9.37,2,Good,257.85,33.83458662,NA,No,64046,83.46627906,LowspentLargevaluepayments,274.3616401,Poor,,,,,,,,,,,,
March,175,,50,15606.515,1234.542917,3,4,6,4,"Personal Loan, Personal Loan, Personal Loan, and Student Loan",7,1,9.37,2,,257.85,29.05478377,33 Years and 1 Months,No,35.62637254,110.8730164,LowspentMediumvaluepayments,256.9549028,Poor,,,,,,,,,,,,
April,175,Viswanathan,50,15606.515,1234.542917,3,4,6,4,"Personal Loan, Personal Loan, Personal Loan, and Student Loan",7,1,9.37,2,Good,257.85,31.79140125,33 Years and 2 Months,NM,35.62637254,35.99312572,HighspentSmallvaluepayments,311.8347934,Poor,,,,,,,,,,,,
May,175,Viswanathan,50,15606.515,1234.542917,3,4,6,4,"Personal Loan, Personal Loan, Personal Loan, and Student Loan",7,1,9.37,2,,257.85,26.32681457,33 Years and 3 Months,NM,35.62637254,42.60892273,HighspentSmallvaluepayments,305.2189964,Standard,,,,,,,,,,,,
June,175,Viswanathan,50,15606.515,1234.542917,3,4,6,4,"Personal Loan, Personal Loan, Personal Loan, and Student Loan",12,0,9.37,2,,257.85,34.19296784,NA,No,35.62637254,116.2624209,LowspentSmallvaluepayments,261.5654983,Standard,,,,,,,,,,,,
July,175,Viswanathan,50,15606.515,1234.542917,3,4,6,4,"Personal Loan, Personal Loan, Personal Loan, and Student Loan",7,1,9.37,2,Good,257.85,38.16509158,33 Years and 5 Months,No,35.62637254,33.17426842,High_spent_Medium_value_payments,304.6536507,Poor,,,,,,,,,,,,
August,175,Viswanathan,50,15606.515,,3,4,6,4,"Personal Loan, Personal Loan, Personal Loan, and Student Loan",7,3,9.37,2,Good,257.85,39.19138694,33 Years and 6 Months,NM,35.62637254,49.83277717,Low_spent_Small_value_payments,327.995142,Poor,,,,,,,,,,,,
January,176,Matthew Goldsteinb,24,28230.92,0,8,6,32,7,"Personal Loan, Home Equity Loan, Credit-Builder Loan, Not Specified, Home Equity Loan, Personal Loan, and Personal Loan",49,17,22.17,11,Bad,2989.13,28.35377488,6 Years and 10 Months,Yes,132.4811279,10000,LowspentSmallvaluepayments,162.5484461,Standard,,,,,,,,,,,,
February,176,Matthew Goldsteinb,24,28230.92,2184.576667,8,6,32,7,"Personal Loan, Home Equity Loan, Credit-Builder Loan, Not Specified, Home Equity Loan, Personal Loan, and Personal Loan",49,16,25.17,11,Bad,2989.13,30.32802113,6 Years and 11 Months,Yes,132.4811279,278.5433234,LowspentSmallvaluepayments,97.43321534,Standard,,,,,,,,,,,,
March,176,Matthew Goldsteinb,24,28230.92,2184.576667,8,6,32,7,"Personal Loan, Home Equity Loan, Credit-Builder Loan, Not Specified, Home Equity Loan, Personal Loan, and Personal Loan",49,19,25.17,,Bad,2989.13,31.63443343,NA,NM,132.4811279,47.01439107,HighspentSmallvaluepayments,298.9621477,Standard,,,,,,,,,,,,
April,176,Matthew Goldsteinb,24,28230.92,2184.576667,8,6,32,7,"Personal Loan, Home Equity Loan, Credit-Builder Loan, Not Specified, Home Equity Loan, Personal Loan, and Personal Loan",49,16,25.17,11,Bad,2989.13,34.11060485,7 Years and 1 Months,Yes,132.4811279,186.0192201,LowspentLargevaluepayments,169.9573187,Standard,,,,,,,,,,,,
May,176,Matthew Goldsteinb,24,28230.92,2184.576667,8,6,32,7,"Personal Loan, Home Equity Loan, Credit-Builder Loan, Not Specified, Home Equity Loan, Personal Loan, and Personal Loan",49,16,26.17,11,Bad,2989.13,36.07550414,7 Years and 2 Months,Yes,132.4811279,194.7423576,LowspentLargevaluepayments,161.2341812,Standard,,,,,,,,,,,,
June,176,Matthew Goldsteinb,24,28230.92,2184.576667,8,6,32,7,"Personal Loan, Home Equity Loan, Credit-Builder Loan, Not Specified, Home Equity Loan, Personal Loan, and Personal Loan",45,,18.17,14,Bad,2989.13,26.00590564,7 Years and 3 Months,NM,132.4811279,278.191081,LowspentSmallvaluepayments,97.78545783,Standard,,,,,,,,,,,,
July,176,Matthew Goldsteinb,24,28230.92_,2184.576667,8,6,32,7,"Personal Loan, Home Equity Loan, Credit-Builder Loan, Not Specified, Home Equity Loan, Personal Loan, and Personal Loan",51,19,25.17,14,_,2989.13,33.96678141,7 Years and 4 Months,Yes,132.4811279,71.01671964,Low_spent_Medium_value_payments,294.9598191,Standard,,,,,,,,,,,,
August,176,Matthew Goldsteinb,25,28230.92,2184.576667,8,6,32,7,"Personal Loan, Home Equity Loan, Credit-Builder Loan, Not Specified, Home Equity Loan, Personal Loan, and Personal Loan",49,16,25.17,14,Bad,2989.13,38.63607114,7 Years and 5 Months,NM,132.4811279,90.90504613,High_spent_Medium_value_payments,245.0714927,Standard,,,,,,,,,,,,
January,177,Jennifer Ablanc,28,10623.765,895.31375,6,3,18,3,"Home Equity Loan, Personal Loan, and Home Equity Loan",7,12,16.39,7,,181.68,25.24975772,NA,Yes,26.51527996,33.32194172,LowspentSmallvaluepayments,319.6941533,Standard,,,,,,,,,,,,
February,177,Jennifer Ablanc,28,10623.765,895.31375,6,3,18,3,"Home Equity Loan, Personal Loan, and Home Equity Loan",7,12,16.39,7,Standard,181.68,32.99101556,15 Years and 8 Months,Yes,26.51527996,21.04730907,HighspentLargevaluepayments,281.968786,Standard,,,,,,,,,,,,
March,177,Jennifer Ablanc,29,10623.765,895.31375,6,3,18,3,"Home Equity Loan, Personal Loan, and Home Equity Loan",7,12,16.39,7,Standard,181.68,30.25241705,NA,Yes,26.51527996,35.27977495,LowspentSmallvaluepayments,317.7363201,Standard,,,,,,,,,,,,
April,177,Jennifer Ablanc,29,10623.765,895.31375,6,3,18,3,"Home Equity Loan, Personal Loan, and Home Equity Loan",7,9,16.39,7,Standard,181.68,36.73851076,NA,Yes,26.51527996,32.34011518,LowspentMediumvaluepayments,310.6759799,Standard,,,,,,,,,,,,
May,177,Jennifer Ablanc,29,10623.765,895.31375,6,3,18,3,"Home Equity Loan, Personal Loan, and Home Equity Loan",3,12,21.39,7,Standard,181.68,32.39269322,15 Years and 11 Months,Yes,26.51527996,106.1434122,LowspentSmallvaluepayments,246.8726828,Standard,,,,,,,,,,,,
June,177,Jennifer Ablanc,29,10623.765,895.31375,6,3,18,3,"Home Equity Loan, Personal Loan, and Home Equity Loan",7,13,14.39,7,Standard,181.68,29.41001565,16 Years and 0 Months,Yes,26.51527996,45.37842493,LowspentSmallvaluepayments,307.6376701,Standard,,,,,,,,,,,,
July,177,,29,10623.765,895.31375,6,3,18,3,"Home Equity Loan, Personal Loan, and Home Equity Loan",2,10,16.39,7,_,181.68,38.34554387,16 Years and 1 Months,Yes,26.51527996,62.24967272,High_spent_Small_value_payments,260.7664223,Standard,,,,,,,,,,,,
August,177,,29,10623.765,,6,3,18,-100,"Home Equity Loan, Personal Loan, and Home Equity Loan",9,12,16.39,7,Standard,181.68,33.47170532,16 Years and 2 Months,Yes,26.51527996,111.8456942,Low_spent_Small_value_payments,241.1704008,Standard,,,,,,,,,,,,
January,178,,19,11970.955,1169.579583,8,4,7,2,"Payday Loan, and Credit-Builder Loan",26,8,4.72,1,,889.62,33.26282623,25 Years and 11 Months,No,14.8851947,44.42759779,HighspentSmallvaluepayments,317.6451658,Standard,,,,,,,,,,,,
February,178,Danv,19,11970.955,1169.579583,8,4,7,2,"Payday Loan, and Credit-Builder Loan",31,8,11.72,1,Standard,889.62,33.8466937,26 Years and 0 Months,No,14.8851947,109.9436352,LowspentSmallvaluepayments,282.1291284,Standard,,,,,,,,,,,,
March,178,Danv,19,11970.955,1169.579583,8,4,7,2,"Payday Loan, and Credit-Builder Loan",26,8,4.72,1,Standard,889.62,28.07761032,26 Years and 1 Months,No,14.8851947,49.99400702,LowspentMediumvaluepayments,332.0787566,Standard,,,,,,,,,,,,
April,178,Danv,19,11970.955,1169.579583,8,4,7,2,"Payday Loan, and Credit-Builder Loan",31,8,-1.28,1,Standard,889.62,39.22939643,26 Years and 2 Months,No,14.8851947,65.05655859,LowspentSmallvaluepayments,327.016205,Standard,,,,,,,,,,,,
May,178,,19,11970.955,1169.579583,8,4,7,2,"Payday Loan, and Credit-Builder Loan",26,5,4.72,1,,889.62,25.76219107,NA,No,14.8851947,106.8432032,LowspentMediumvaluepayments,275.2295604,Standard,,,,,,,,,,,,
June,178,,19,11970.955,1169.579583,8,4,7,2,"Payday Loan, and Credit-Builder Loan",26,7,4.72,1,Standard,889.62,30.59268898,26 Years and 4 Months,No,14.8851947,63.83498355,LowspentMediumvaluepayments,318.2377801,Standard,,,,,,,,,,,,
July,178,Danv,19,11970.955,1169.579583,8,4,7,2,"Payday Loan, and Credit-Builder Loan",22,8,_,1,Standard,889.62,39.9383328,26 Years and 5 Months,No,14.8851947,95.29863481,Low_spent_Small_value_payments,296.7741288,Standard,,,,,,,,,,,,
August,178,Danv,19,11970.955,1169.579583,8,183,7,2,"Payday Loan, and Credit-Builder Loan",26,,4.72,1,Standard,889.62,30.7441006,26 Years and 6 Months,No,14.8851947,39.1129892,High_spent_Small_value_payments,322.9597744,Standard,,,,,,,,,,,,
January,179,Sabar,40,112362.76,1169.579583,4,4,5,4,"Payday Loan, Personal Loan, Payday Loan, and Mortgage Loan",25,20,5.86,2,,1358.65,42.06028306,23 Years and 2 Months,No,236.2776578,163.7235424,HighspentLargevaluepayments,767.9551331,Standard,,,,,,,,,,,,
February,179,Sabar,40,112362.76,9279.563333,4,4,5,4,"Payday Loan, Personal Loan, Payday Loan, and Mortgage Loan",26,,5.86,2,Standard,1358.65,36.57227198,23 Years and 3 Months,No,236.2776578,191.5464789,HighspentLargevaluepayments,740.1321966,Standard,,,,,,,,,,,,
March,179,Sabar,40,112362.76,9279.563333,4,4,5,4,"Payday Loan, Personal Loan, Payday Loan, and Mortgage Loan",25,20,12.86,2,Standard,1358.65,32.73703846,23 Years and 4 Months,No,236.2776578,255.5696959,HighspentMediumvaluepayments,686.1089796,Standard,,,,,,,,,,,,
April,179,Sabar,40,112362.76,9279.563333,4,4,5,4,"Payday Loan, Personal Loan, Payday Loan, and Mortgage Loan",25,20,5.86,2,,1358.65,33.71460371,23 Years and 5 Months,No,236.2776578,146.6506006,HighspentMediumvaluepayments,795.028075,Standard,,,,,,,,,,,,
May,179,,40,112362.76,9279.563333,4,4,5,4,"Payday Loan, Personal Loan, Payday Loan, and Mortgage Loan",30,19,5.86,2,Standard,1358.65,26.14313661,23 Years and 6 Months,No,236.2776578,256.6155198,LowspentMediumvaluepayments,715.0631558,Poor,,,,,,,,,,,,
June,179,Sabar,40,112362.76,9279.563333,4,4,5,4,"Payday Loan, Personal Loan, Payday Loan, and Mortgage Loan",27,20,5.86,2,Standard,1358.65,31.40208793,23 Years and 7 Months,No,236.2776578,204.2274394,HighspentLargevaluepayments,727.4512362,Poor,,,,,,,,,,,,
July,179,Sabar,40,112362.76,,4,4,5,4,"Payday Loan, Personal Loan, Payday Loan, and Mortgage Loan",25,17,5.86,2,Standard,1358.65,29.91452426,23 Years and 8 Months,No,236.2776578,424.6995693,Low_spent_Medium_value_payments,546.9791062,Standard,,,,,,,,,,,,
August,179,Sabar,41,112362.76,9279.563333,4,4,5,4,"Payday Loan, Personal Loan, Payday Loan, and Mortgage Loan",25,20,5.86,2,Standard,1358.65,41.12672063,23 Years and 9 Months,No,236.2776578,119.9617854,High_spent_Large_value_payments,811.7168902,Standard,,,,,,,,,,,,
January,180,Gillesb,20,33335.24,3059.936667,1,6,8,1,Student Loan,-2,7,4.07,4,Good,1226.23,30.98273421,21 Years and 2 Months,No,21.53854806,88.11987223,LowspentMediumvaluepayments,476.3352464,Standard,,,,,,,,,,,,
February,180,Gillesb,20,33335.24,3059.936667,1,6,8,1,Student Loan,6,7,4.07,4,Good,1226.23,38.09268613,NA,No,21.53854806,148.9713256,LowspentLargevaluepayments,405.483793,Standard,,,,,,,,,,,,
March,180,,20,33335.24,3059.936667,1,6,8,1,Student Loan,1,7,4.07,4,Good,1226.23,38.57620843,21 Years and 4 Months,No,21.53854806,22.44818432,HighspentLargevaluepayments,502.0069343,Standard,,,,,,,,,,,,
April,180,Gillesb,20,33335.24,3059.936667,1,6,8,1,Student Loan,1,7,-1.93,4,Good,1226.23,27.46252398,21 Years and 5 Months,No,21.53854806,53.05852244,HighspentLargevaluepayments,471.3965962,Standard,,,,,,,,,,,,
May,180,Gillesb,20,33335.24,3059.936667,1,6,8,1,Student Loan,1,7,8.07,4,Good,1226.23,38.51753498,21 Years and 6 Months,No,21.53854806,59.6921288,HighspentLargevaluepayments,464.7629898,Standard,,,,,,,,,,,,
June,180,,20,33335.24,3059.936667,1,6,8,1,Student Loan,6,7,4.07,4,Good,1226.23,37.97942858,21 Years and 7 Months,No,21.53854806,201.2702606,LowspentSmallvaluepayments,373.184858,Standard,,,,,,,,,,,,
July,180,Gillesb,20,33335.24_,,685,6,8,1,Student Loan,1,7,4.07,4,_,1226.23,39.40723398,21 Years and 8 Months,No,21.53854806,211.4655182,High_spent_Small_value_payments,332.9896004,Standard,,,,,,,,,,,,
August,180,Gillesb,20_,33335.24,3059.936667,1,6,8,1,Student Loan,1,7,4.07,4,Good,1226.23,36.32290698,21 Years and 9 Months,No,21.53854806,247.4752938,Low_spent_Large_value_payments,306.9798248,Standard,,,,,,,,,,,,
January,181,Sara Rossii,32,131577.84,3059.936667,2,3,3,2,"Credit-Builder Loan, and Personal Loan",19,2,1.53,2,,816.21,35.46722492,21 Years and 3 Months,No,185.4121959,239.2669445,HighspentLargevaluepayments,935.9028596,Good,,,,,,,,,,,,
February,181,Sara Rossii,32,131577.84,3059.936667,2,3,3,2,"Credit-Builder Loan, and Personal Loan",14,2,4.53,2,,816.21,38.90990945,NA,NM,185.4121959,468.3495251,LowspentMediumvaluepayments,746.820279,Good,,,,,,,,,,,,
March,181,,32,131577.84,11205.82,2,3,3,2,"Credit-Builder Loan, and Personal Loan",14,2,1.53,,Good,816.21,40.70004607,21 Years and 5 Months,No,185.4121959,281.2547725,HighspentMediumvaluepayments,903.9150316,Good,,,,,,,,,,,,
April,181,Sara Rossii,32,131577.84,11205.82,2,3,3,2,"Credit-Builder Loan, and Personal Loan",14,2,1.53,2,Good,816.21,29.59197703,21 Years and 6 Months,No,185.4121959,585.2536115,LowspentLargevaluepayments,619.9161926,Good,,,,,,,,,,,,
May,181,Sara Rossii,32,131577.84,11205.82,2,3,3,2,"Credit-Builder Loan, and Personal Loan",11,2,1.53,2,Good,816.21,30.59204017,NA,No,185.4121959,988.994679,LowspentMediumvaluepayments,226.1751251,Good,,,,,,,,,,,,
June,181,Sara Rossii,32,131577.84,11205.82,2,3,3,2,"Credit-Builder Loan, and Personal Loan",14,2,1.53,2,Good,816.21,29.99205292,21 Years and 8 Months,No,185.4121959,167.3210815,HighspentLargevaluepayments,1007.848723,Good,,,,,,,,,,,,
July,181,,32,131577.84,11205.82,2,3,3,2,"Credit-Builder Loan, and Personal Loan",14,2,3.53,2,Good,816.21,27.90074317,21 Years and 9 Months,No,185.4121959,517.7554934,Low_spent_Medium_value_payments,697.4143107,Good,,,,,,,,,,,,
August,181,Sara Rossii,32,131577.84,11205.82,2,3,3,2_,"Credit-Builder Loan, and Personal Loan",18,2,1.53,2,_,816.21,34.45628378,21 Years and 10 Months,No,185.4121959,236.1538372,High_spent_Large_value_payments,939.0159669,Standard,,,,,,,,,,,,
January,182,Dhanya Skariachand,48,32314.44,2805.87,2,5,5,3,"Student Loan, Credit-Builder Loan, and Not Specified",9,11,9.54,0,Good,1339.6,26.92427772,21 Years and 8 Months,No,80.21419154,270.2810239,LowspentMediumvaluepayments,210.0917846,Good,,,,,,,,,,,,
February,182,Dhanya Skariachand,48,32314.44,2805.87,2,5,5,3,"Student Loan, Credit-Builder Loan, and Not Specified",9,10,11.54,0,Good,1339.6,36.63151119,21 Years and 9 Months,No,80.21419154,151.9409799,LowspentLargevaluepayments,318.4318286,Good,,,,,,,,,,,,
March,182,Dhanya Skariachand,49,32314.44,2805.87,2,5,5,3,"Student Loan, Credit-Builder Loan, and Not Specified",9,9,9.54,0,Good,1339.6,32.94627527,NA,No,80.21419154,73.39764612,HighspentSmallvaluepayments,386.9751623,Good,,,,,,,,,,,,
April,182,Dhanya Skariachand,49,32314.44,2805.87,2,5,5,3,"Student Loan, Credit-Builder Loan, and Not Specified",9,12,9.54,0,Good,1339.6,23.66573212,21 Years and 11 Months,No,80.21419154,176.8415853,LowspentSmallvaluepayments,313.5312232,Good,,,,,,,,,,,,
May,182,Dhanya Skariachand,49,32314.44,2805.87,2,5,5,3,"Student Loan, Credit-Builder Loan, and Not Specified",9,11,9.54,0,Good,1339.6,30.11502584,22 Years and 0 Months,No,80.21419154,95.19105821,LowspentLargevaluepayments,375.1817503,Good,,,,,,,,,,,,
June,182,Dhanya Skariachand,49,32314.44,2805.87,2,5,2867,3,"Student Loan, Credit-Builder Loan, and Not Specified",9,10,5.54,0,Good,1339.6,30.44585275,22 Years and 1 Months,No,204.9179108,189.4042624,HighspentSmallvaluepayments,270.968546,Good,,,,,,,,,,,,
July,182,Dhanya Skariachand,49,32314.44,2681.166281,2,5,5,3,"Student Loan, Credit-Builder Loan, and Not Specified",9,9,9.54,0,Good,1339.6,37.10292075,22 Years and 2 Months,No,204.9179108,112.657468,High_spent_Medium_value_payments,337.7153405,Good,,,,,,,,,,,,
August,182,Dhanya Skariachand,49,32314.44,2681.166281,2,5,5,3,"Student Loan, Credit-Builder Loan, and Not Specified",6,11,16.54,2,Good,1339.6,40.38105141,22 Years and 3 Months,No,204.9179108,,Low_spent_Large_value_payments,377.8942417,Good,,,,,,,,,,,,
January,183,Chuck Mikolajczaky,20,61235.6,4870.966667,0,5,7,1,Payday Loan,13,6,11.42,2,Good,71.52,38.84510679,32 Years and 11 Months,No,27.6545998,214.8214093,LowspentSmallvaluepayments,534.6206576,Good,,,,,,,,,,,,
February,183,Chuck Mikolajczaky,20,61235.6,4870.966667,0,5,7,1,Payday Loan,13,,11.42,2,Good,71.52,34.26205575,33 Years and 0 Months,No,27.6545998,,HighspentSmallvaluepayments,630.8990098,Good,,,,,,,,,,,,
March,183,Chuck Mikolajczaky,20,61235.6,4870.966667,0,5,7,1,Payday Loan,13,3,11.42,2,,71.52,32.20393878,33 Years and 1 Months,NM,27.6545998,120.8691196,HighspentMediumvaluepayments,588.5729472,Good,,,,,,,,,,,,
April,183,Chuck Mikolajczaky,20,61235.6,4870.966667,0,5,7,1,Payday Loan,17,0,11.42,2,Good,71.52,27.37432422,33 Years and 2 Months,NM,27.6545998,173.3238099,HighspentMediumvaluepayments,536.118257,Good,,,,,,,,,,,,
May,183,Chuck Mikolajczaky,20,61235.6,4870.966667,0,5,7,1,Payday Loan,13,3,11.42,2,Good,71.52,37.11285823,33 Years and 3 Months,No,27.6545998,103.4453987,HighspentSmallvaluepayments,615.9966682,Good,,,,,,,,,,,,
June,183,Chuck Mikolajczaky,20,61235.6,4870.966667,0,5,7,1,Payday Loan,13,3,11.42,2,Good,71.52,32.75305113,33 Years and 4 Months,No,27.6545998,563.19791,LowspentSmallvaluepayments,186.2441569,Good,,,,,,,,,,,,
July,183,,20,61235.6,4870.966667,0,5,7,1,Payday Loan,13,3_,11.42,2,Good,71.52,30.41290625,33 Years and 5 Months,No,27.6545998,68.86899417,High_spent_Large_value_payments,630.5730727,Good,,,,,,,,,,,,
August,183,Chuck Mikolajczaky,20,61235.6,4870.966667,0,5,7,-100,Payday Loan,10,3,11.42,2,_,71.52,41.96960973,33 Years and 6 Months,No,27.6545998,235.232905,Low_spent_Small_value_payments,514.2091619,Standard,,,,,,,,,,,,
January,184,Barbashr,39,4282515,1304.910833,5,7,20,0,,17,,19.34,4,,265.86,37.31055443,18 Years and 3 Months,Yes,0,91.65269595,LowspentSmallvaluepayments,328.8383874,Standard,,,,,,,,,,,,
February,184,Barbashr,40,19078.93,1304.910833,5,7,20,0,,19,16,19.34,4,,265.86,23.16393009,18 Years and 4 Months,Yes,0,57.84103191,LowspentSmallvaluepayments,362.6500514,Standard,,,,,,,,,,,,
March,184,Barbashr,40,19078.93,1304.910833,5,7,20,0,,19,15,19.34,4,Standard,265.86,29.63214643,18 Years and 5 Months,Yes,0,68.52655644,LowspentSmallvaluepayments,351.9645269,Standard,,,,,,,,,,,,
April,184,Barbashr,40,19078.93,1304.910833,5,7,20,0,,19,18,19.34,4,,265.86,22.81903237,18 Years and 6 Months,Yes,0,140.5061763,LowspentSmallvaluepayments,279.984907,Standard,,,,,,,,,,,,
May,184,Barbashr,40,19078.93,1304.910833,5,7,20,0,,21,14,19.34,4,Standard,265.86,29.43096295,18 Years and 7 Months,Yes,0,78.81926895,LowspentSmallvaluepayments,341.6718144,Standard,,,,,,,,,,,,
June,184,Barbashr,40,19078.93,1304.910833,857,7,20,0,,19,15,19.34,8,Standard,265.86,30.42834498,18 Years and 8 Months,Yes,0,55.6242093,LowspentMediumvaluepayments,354.866874,Standard,,,,,,,,,,,,
July,184,Barbashr,1772,19078.93,1304.910833,5,7,20,0,,19,15,14.34,8,Standard,265.86,35.43993634,18 Years and 9 Months,Yes,0,,Low_spent_Small_value_payments,298.031911,Standard,,,,,,,,,,,,
August,184,Barbashr,40,19078.93,1304.910833,5,7,2660,0,,19,13,13.34,8,Standard,265.86,32.49506507,18 Years and 10 Months,Yes,0,,!@9#%8,353.8611927,Standard,,,,,,,,,,,,
January,185,Pelofskyv,34,83703.52,1304.910833,6,9,27,8,"Not Specified, Payday Loan, Home Equity Loan, Auto Loan, Home Equity Loan, Student Loan, Credit-Builder Loan, and Personal Loan",26,20,21.02,10,Bad,4525.08,24.74205399,10 Years and 4 Months,Yes,363.2373117,337.6182379,LowspentSmallvaluepayments,284.6737837,Poor,,,,,,,,,,,,
February,185,Pelofskyv,34,83703.52,1304.910833,6,9,27,8,"Not Specified, Payday Loan, Home Equity Loan, Auto Loan, Home Equity Loan, Student Loan, Credit-Builder Loan, and Personal Loan",27,20,28.02,10,,4525.08,31.78425397,NA,Yes,363.2373117,10000,HighspentSmallvaluepayments,226.975682,Poor,,,,,,,,,,,,
March,185,Pelofskyv,34,83703.52,6955.293333,6,9,27,8,"Not Specified, Payday Loan, Home Equity Loan, Auto Loan, Home Equity Loan, Student Loan, Credit-Builder Loan, and Personal Loan",26,22,28.02,2473,Bad,4525.08,40.46506994,NA,Yes,363.2373117,533.9793107,LowspentLargevaluepayments,68.31271094,Poor,,,,,,,,,,,,
April,185,,34,83703.52,6955.293333,6,9,27,8,"Not Specified, Payday Loan, Home Equity Loan, Auto Loan, Home Equity Loan, Student Loan, Credit-Builder Loan, and Personal Loan",25,18,28.02,10,Bad,4525.08,39.61509803,10 Years and 7 Months,Yes,363.2373117,89.17149835,HighspentMediumvaluepayments,493.1205233,Standard,,,,,,,,,,,,
May,185,,34,83703.52,6955.293333,6,9,27,8,"Not Specified, Payday Loan, Home Equity Loan, Auto Loan, Home Equity Loan, Student Loan, Credit-Builder Loan, and Personal Loan",26,20,28.02,10,Bad,4525.08,26.02276244,10 Years and 8 Months,Yes,363.2373117,122.236813,HighspentLargevaluepayments,450.0552087,Poor,,,,,,,,,,,,
June,185,Pelofskyv,34,83703.52,6955.293333,6,9,27,8,"Not Specified, Payday Loan, Home Equity Loan, Auto Loan, Home Equity Loan, Student Loan, Credit-Builder Loan, and Personal Loan",31,20,28.02,10,Bad,4525.08,32.72518549,10 Years and 9 Months,Yes,363.2373117,386.6270807,LowspentLargevaluepayments,215.664941,Poor,,,,,,,,,,,,
July,185,Pelofskyv,34,83703.52_,6955.293333,6,9,27,8,"Not Specified, Payday Loan, Home Equity Loan, Auto Loan, Home Equity Loan, Student Loan, Credit-Builder Loan, and Personal Loan",26,17,34.02,10,Bad,4525.08,38.01860347,10 Years and 10 Months,Yes,363.2373117,258.6665486,Low_spent_Small_value_payments,363.625473,Standard,,,,,,,,,,,,
August,185,Pelofskyv,34,83703.52,6955.293333,6,9,27,8,"Not Specified, Payday Loan, Home Equity Loan, Auto Loan, Home Equity Loan, Student Loan, Credit-Builder Loan, and Personal Loan",26,,28.02,10,Bad,4525.08,25.27080549,10 Years and 11 Months,Yes,363.2373117,443.0806655,Low_spent_Small_value_payments,179.2113562,Poor,,,,,,,,,,,,
January,186,Ransdellx,45,99127.04,8217.586667,8,3,10,4,"Payday Loan, Home Equity Loan, Not Specified, and Credit-Builder Loan",17,16,13.88,2,,1126.35,35.0425359,26 Years and 1 Months,Yes,245.9851478,,HighspentLargevaluepayments,685.5960317,Standard,,,,,,,,,,,,
February,186,Ransdellx,45,99127.04,8217.586667,8,3,10,4,"Payday Loan, Home Equity Loan, Not Specified, and Credit-Builder Loan",17,19,13.88,,,1126.35,38.1773235,26 Years and 2 Months,Yes,41179,194.297459,HighspentMediumvaluepayments,631.4760598,Standard,,,,,,,,,,,,
March,186,Ransdellx,45,99127.04,8217.586667,8,3,10,4,"Payday Loan, Home Equity Loan, Not Specified, and Credit-Builder Loan",15,19,13.88,7,Standard,1126.35,37.25037761,26 Years and 3 Months,Yes,245.9851478,65.07212528,HighspentLargevaluepayments,750.7013935,Standard,,,,,,,,,,,,
April,186,Ransdellx,45,99127.04,8217.586667,8,3,10,4,"Payday Loan, Home Equity Loan, Not Specified, and Credit-Builder Loan",17,19,7.88,7,,1126.35,31.56061978,26 Years and 4 Months,Yes,245.9851478,139.0998511,HighspentMediumvaluepayments,686.6736678,Standard,,,,,,,,,,,,
May,186,Ransdellx,45,99127.04,8217.586667,8,3,10,4,"Payday Loan, Home Equity Loan, Not Specified, and Credit-Builder Loan",17,,13.88,7,Standard,1126.35,35.89359309,26 Years and 5 Months,Yes,245.9851478,148.2089008,HighspentLargevaluepayments,667.564618,Standard,,,,,,,,,,,,
June,186,Ransdellx,45,99127.04,8217.586667,8,3,10,4,"Payday Loan, Home Equity Loan, Not Specified, and Credit-Builder Loan",17,19,13.88,7,Standard,1126.35,32.77576375,26 Years and 6 Months,Yes,245.9851478,353.1232655,LowspentMediumvaluepayments,502.6502533,Standard,,,,,,,,,,,,
July,186,Ransdellx,46,99127.04,8217.586667,8,3,10,4,"Payday Loan, Home Equity Loan, Not Specified, and Credit-Builder Loan",22,19,13.88,7,Standard,1126.35_,37.82668915,26 Years and 7 Months,Yes,245.9851478,246.6601884,High_spent_Small_value_payments,589.1133304,Standard,,,,,,,,,,,,
August,186,Ransdellx,46,99127.04,8217.586667,8,3,10,4,"Payday Loan, Home Equity Loan, Not Specified, and Credit-Builder Loan",17,19,13.88,7,Standard,1126.35,24.39190812,26 Years and 8 Months,Yes,245.9851478,103.5941264,High_spent_Large_value_payments,712.1793924,Standard,,,,,,,,,,,,
January,187,Warren Strobels,15,10405.01,694.0841667,6,7,30,5,"Debt Consolidation Loan, Mortgage Loan, Student Loan, Credit-Builder Loan, and Credit-Builder Loan",54,,12.66,,Standard,2086.22,31.13203623,NA,Yes,33.60279492,47.82292504,!@9#%8,277.9826967,Poor,,,,,,,,,,,,
February,187,Warren Strobels,15,10405.01,694.0841667,6,7,30,5,"Debt Consolidation Loan, Mortgage Loan, Student Loan, Credit-Builder Loan, and Credit-Builder Loan",54,15,12.66,9,Standard,2086.22,31.70034659,14 Years and 9 Months,Yes,33.60279492,45.76944905,HighspentSmallvaluepayments,250.0361727,Poor,,,,,,,,,,,,
March,187,Warren Strobels,15,10405.01,694.0841667,6,7,30,5,"Debt Consolidation Loan, Mortgage Loan, Student Loan, Credit-Builder Loan, and Credit-Builder Loan",51,,12.66,9,Standard,2086.22,24.52577775,14 Years and 10 Months,Yes,33.60279492,59.14913717,LowspentMediumvaluepayments,256.6564846,Poor,,,,,,,,,,,,
April,187,Warren Strobels,15,10405.01,694.0841667,6,7,30,5,"Debt Consolidation Loan, Mortgage Loan, Student Loan, Credit-Builder Loan, and Credit-Builder Loan",54,15,12.66,9,Standard,2086.22,29.6508883,14 Years and 11 Months,Yes,33.60279492,27.70473499,LowspentSmallvaluepayments,298.1008868,Poor,,,,,,,,,,,,
May,187,Warren Strobels,15,10405.01,694.0841667,6,7,30,5,"Debt Consolidation Loan, Mortgage Loan, Student Loan, Credit-Builder Loan, and Credit-Builder Loan",54,15,13.66,9,Standard,2086.22,24.29301418,15 Years and 0 Months,Yes,33.60279492,25.45425232,LowspentMediumvaluepayments,290.3513694,Poor,,,,,,,,,,,,
June,187,Warren Strobels,15,10405.01,694.0841667,6,7,30,5,"Debt Consolidation Loan, Mortgage Loan, Student Loan, Credit-Builder Loan, and Credit-Builder Loan",54,15,12.66,9,Standard,2086.22,36.77139695,15 Years and 1 Months,Yes,33.60279492,78.66253233,LowspentSmallvaluepayments,247.1430894,Poor,,,,,,,,,,,,
July,187,Warren Strobels,15,10405.01,694.0841667,6,7,30,5,"Debt Consolidation Loan, Mortgage Loan, Student Loan, Credit-Builder Loan, and Credit-Builder Loan",56,15,_,9,Standard,2086.22,27.52261987,15 Years and 2 Months,Yes,33.60279492,10.92203908,High_spent_Large_value_payments,264.8835827,Standard,,,,,,,,,,,,
August,187,Warren Strobels,15_,10405.01,694.0841667,6,7,30,5,"Debt Consolidation Loan, Mortgage Loan, Student Loan, Credit-Builder Loan, and Credit-Builder Loan",56,15,12.66,13,Standard,2086.22,28.78999857,15 Years and 3 Months,Yes,33.60279492,80.02928608,Low_spent_Small_value_payments,245.7763357,Standard,,,,,,,,,,,,
January,188,Cablef,42,135895.96,694.0841667,8,4,6,0,,12,17,7.45,1,Good,429.77,35.83808668,18 Years and 4 Months,No,0,239.7467972,HighspentLargevaluepayments,1130.719536,Good,,,,,,,,,,,,
February,188,,42,135895.96,11304.66333,8,4,6,0,,12,17,7.45,1,Good,429.77,34.87647096,18 Years and 5 Months,NM,0,226.8870458,HighspentLargevaluepayments,1143.579288,Good,,,,,,,,,,,,
March,188,Cablef,42,135895.96,11304.66333,8,4,6,0,,12,17,7.45,1,Good,429.77,32.85264131,18 Years and 6 Months,No,0,204.3743466,HighspentLargevaluepayments,1166.091987,Good,,,,,,,,,,,,
April,188,Cablef,43,135895.96,11304.66333,8,4,6,0,,14,17,2.45,1,,429.77,39.48680594,18 Years and 7 Months,No,0,166.1480985,!@9#%8,1214.318235,Standard,,,,,,,,,,,,
May,188,Cablef,43,135895.96,11304.66333,8,4,707,0,,12,17,7.45,1,Good,429.77,29.63807373,18 Years and 8 Months,No,0,771.7409074,LowspentMediumvaluepayments,638.725426,Good,,,,,,,,,,,,
June,188,Cablef,43,135895.96,11304.66333,8,4,6,0,,12,17,,1,Good,429.77,35.80489367,18 Years and 9 Months,NM,0,349.8131963,!@9#%8,1030.653137,Good,,,,,,,,,,,,
July,188,Cablef,43,135895.96,11304.66333,8,4,6,0,,12,19,7.45,3,_,429.77,39.28995622,18 Years and 10 Months,No,0,329.2026193,High_spent_Medium_value_payments,1051.263714,Good,,,,,,,,,,,,
August,188,,43,135895.96,11304.66333,8,4,6,0,,12,17,12.45,3,Good,429.77,33.77132627,18 Years and 11 Months,No,0,150.4595677,High_spent_Large_value_payments,1220.006766,Good,,,,,,,,,,,,
January,189,Scuffhamx,21,29608.46,2625.371667,7,8,31,7,"Personal Loan, Auto Loan, Personal Loan, Home Equity Loan, Home Equity Loan, Debt Consolidation Loan, and Credit-Builder Loan",42,15,9.06,10,Bad,1286.07,37.83423279,14 Years and 10 Months,Yes,141.7642823,43.06699278,HighspentMediumvaluepayments,327.7058916,Standard,,,,,,,,,,,,
February,189,Scuffhamx,21,29608.46,2625.371667,7,8,31,7,"Personal Loan, Auto Loan, Personal Loan, Home Equity Loan, Home Equity Loan, Debt Consolidation Loan, and Credit-Builder Loan",45,16,9.06,10,Bad,1286.07,35.21589074,14 Years and 11 Months,Yes,61297,79.92624482,HighspentSmallvaluepayments,300.8466396,Poor,,,,,,,,,,,,
March,189,Scuffhamx,21,29608.46,2625.371667,7,8,31,7,"Personal Loan, Auto Loan, Personal Loan, Home Equity Loan, Home Equity Loan, Debt Consolidation Loan, and Credit-Builder Loan",42,16,9.06,10,Bad,1286.07,36.69060867,15 Years and 0 Months,Yes,141.7642823,157.8909464,HighspentSmallvaluepayments,222.881938,Poor,,,,,,,,,,,,
April,189,Scuffhamx,22,29608.46,2625.371667,7,8,31,7,"Personal Loan, Auto Loan, Personal Loan, Home Equity Loan, Home Equity Loan, Debt Consolidation Loan, and Credit-Builder Loan",44,16,9.06,10,Bad,1286.07,28.69716511,15 Years and 1 Months,Yes,141.7642823,161.1720578,HighspentSmallvaluepayments,219.6008266,Poor,,,,,,,,,,,,
May,189,Scuffhamx,22,29608.46,2625.371667,7,8,31,7,"Personal Loan, Auto Loan, Personal Loan, Home Equity Loan, Home Equity Loan, Debt Consolidation Loan, and Credit-Builder Loan",41,16,8.06,10,Bad,1286.07,30.22208043,15 Years and 2 Months,Yes,141.7642823,170.0207938,HighspentSmallvaluepayments,210.7520906,Poor,,,,,,,,,,,,
June,189,Scuffhamx,22,29608.46,2625.371667,7,8,31,7,"Personal Loan, Auto Loan, Personal Loan, Home Equity Loan, Home Equity Loan, Debt Consolidation Loan, and Credit-Builder Loan",39,15,9.06,10,Bad,1286.07,30.18915883,15 Years and 3 Months,Yes,141.7642823,123.8872486,LowspentSmallvaluepayments,286.8856358,Poor,,,,,,,,,,,,
July,189,Scuffhamx,22,29608.46_,,7,8,31,7,"Personal Loan, Auto Loan, Personal Loan, Home Equity Loan, Home Equity Loan, Debt Consolidation Loan, and Credit-Builder Loan",42,16,9.06,10,_,1286.07,23.28016475,15 Years and 4 Months,Yes,141.7642823,105.1582925,!@9#%8,265.6145919,Standard,,,,,,,,,,,,
August,189,Scuffhamx,22,29608.46,2625.371667,7,8,31,7_,"Personal Loan, Auto Loan, Personal Loan, Home Equity Loan, Home Equity Loan, Debt Consolidation Loan, and Credit-Builder Loan",42,16,9.06,10,Bad,1286.07,33.71412081,15 Years and 5 Months,Yes,141.7642823,23.71843397,High_spent_Large_value_payments,337.0544504,Poor,,,,,,,,,,,,
January,190,Taylora,29,29999.94,2767.995,10,9,15,5,"Auto Loan, Payday Loan, Mortgage Loan, Student Loan, and Mortgage Loan",42,20,7.67,10,Bad,2593.23,34.82247159,NA,Yes,101.6474842,259.5470019,LowspentLargevaluepayments,185.6050139,Standard,,,,,,,,,,,,
February,190,,30,29999.94,2767.995,975,9,15,5,"Auto Loan, Payday Loan, Mortgage Loan, Student Loan, and Mortgage Loan",40,21,,10,Bad,2593.23,31.59554354,16 Years and 2 Months,Yes,101.6474842,154.3309048,LowspentLargevaluepayments,290.8211111,Poor,,,,,,,,,,,,
March,190,Taylora,30,29999.94,2767.995,10,9,15,5,"Auto Loan, Payday Loan, Mortgage Loan, Student Loan, and Mortgage Loan",42,21,7.67,10,Bad,2593.23,27.20519819,16 Years and 3 Months,Yes,101.6474842,171.3269017,LowspentMediumvaluepayments,283.8251141,Poor,,,,,,,,,,,,
April,190,Taylora,30,29999.94,2767.995,10,9,15,5,"Auto Loan, Payday Loan, Mortgage Loan, Student Loan, and Mortgage Loan",42,20,7.67,10,Bad,2593.23,34.20681097,16 Years and 4 Months,Yes,101.6474842,47.41092675,HighspentMediumvaluepayments,377.7410891,Poor,,,,,,,,,,,,
May,190,Taylora,30,29999.94,2767.995,10,9,15,5,"Auto Loan, Payday Loan, Mortgage Loan, Student Loan, and Mortgage Loan",42,21,7.67,10,,2593.23,33.26689935,16 Years and 5 Months,Yes,101.6474842,106.6730371,LowspentSmallvaluepayments,358.4789788,Poor,,,,,,,,,,,,
June,190,Taylora,30,29999.94,2767.995,10,9,15,5,"Auto Loan, Payday Loan, Mortgage Loan, Student Loan, and Mortgage Loan",42,,0.67,13,Bad,2593.23,35.1337263,16 Years and 6 Months,Yes,101.6474842,46.35713893,HighspentMediumvaluepayments,378.7948769,Poor,,,,,,,,,,,,
July,190,,30,29999.94,2767.995,10,9,15,5_,"Auto Loan, Payday Loan, Mortgage Loan, Student Loan, and Mortgage Loan",42,21,7.67,13,_,2593.23,37.35399505,NA,Yes,101.6474842,104.0073649,High_spent_Small_value_payments,331.1446509,Standard,,,,,,,,,,,,
August,190,Taylora,30,29999.94,2767.995,10,9,15,5,"Auto Loan, Payday Loan, Mortgage Loan, Student Loan, and Mortgage Loan",42,21,3.67,13,Bad,2593.23,28.8236755,16 Years and 8 Months,Yes,101.6474842,185.9308172,Low_spent_Small_value_payments,279.2211986,Poor,,,,,,,,,,,,
January,191,Poppery,15,52972.5,4600.375,7,5,32,3,"Student Loan, Home Equity Loan, and Mortgage Loan",46,24,7.2,11,Bad,2196.59,30.95751108,8 Years and 7 Months,Yes,112.6957682,121.4630158,LowspentMediumvaluepayments,505.878716,Poor,,,,,,,,,,,,
February,191,Poppery,15,52972.5,4600.375,7,5,5389,3,"Student Loan, Home Equity Loan, and Mortgage Loan",46,24,7.2,11,Bad,2196.59,34.15992896,8 Years and 8 Months,Yes,112.6957682,305.1481465,LowspentSmallvaluepayments,332.1935853,Poor,,,,,,,,,,,,
March,191,Poppery,15,52972.5,4600.375,7,5,32,3,"Student Loan, Home Equity Loan, and Mortgage Loan",49,24,7.2,11,Bad,2196.59,25.20239308,8 Years and 9 Months,Yes,112.6957682,521.4244395,LowspentSmallvaluepayments,115.9172923,Poor,,,,,,,,,,,,
April,191,Poppery,15,52972.5,4600.375,7,5,32,3,"Student Loan, Home Equity Loan, and Mortgage Loan",46,24,7.2,11,Bad,2196.59,38.11608034,8 Years and 10 Months,Yes,112.6957682,234.706057,HighspentSmallvaluepayments,372.6356748,Standard,,,,,,,,,,,,
May,191,Poppery,15,52972.5,4600.375,7,5,32,3,"Student Loan, Home Equity Loan, and Mortgage Loan",46,27,7.2,12,Bad,2196.59,39.3796369,8 Years and 11 Months,Yes,112.6957682,169.8595105,HighspentMediumvaluepayments,427.4822213,Standard,,,,,,,,,,,,
June,191,Poppery,15,52972.5,4600.375,7,5,32,3,"Student Loan, Home Equity Loan, and Mortgage Loan",46,24,7.2,12,,2196.59,26.5248862,9 Years and 0 Months,Yes,112.6957682,389.2894771,LowspentSmallvaluepayments,248.0522547,Standard,,,,,,,,,,,,
July,191,Poppery,15,52972.5,,7,5,32,3,"Student Loan, Home Equity Loan, and Mortgage Loan",46,26,7.2,12,Bad,2196.59,32.39623642,9 Years and 1 Months,Yes,112.6957682,113.4767315,High_spent_Medium_value_payments,483.8650002,Standard,,,,,,,,,,,,
August,191,Poppery,15,52972.5,,7,5,32,3,"Student Loan, Home Equity Loan, and Mortgage Loan",47,24,7.2,12,_,2196.59,27.55070351,9 Years and 2 Months,Yes,112.6957682,155.170932,High_spent_Small_value_payments,452.1707997,Standard,,,,,,,,,,,,
January,192,Shirboni,18,113781.39,9549.7825,1,4,1,0,,14,7,11.34,1,Good,1030.2,37.9987598,15 Years and 3 Months,No,0,397.2418458,LowspentMediumvaluepayments,837.7364042,Poor,,,,,,,,,,,,
February,192,Shirboni,18,113781.39,9549.7825,1,4,1,0,,14,9,11.34,2271,,1030.2,35.94765528,NA,No,0,661.6240479,LowspentLargevaluepayments,563.3542021,Poor,,,,,,,,,,,,
March,192,,18,113781.39,9549.7825,1,4,1,0,,19,7,11.34,1,Good,1030.2,43.82963002,15 Years and 5 Months,No,0,,HighspentLargevaluepayments,962.5677054,Poor,,,,,,,,,,,,
April,192,Shirboni,18,113781.39,9549.7825,1,4,1,0,,14,7,,1,Good,1030.2,31.01608629,15 Years and 6 Months,No,0,10000,HighspentLargevaluepayments,969.7201635,Standard,,,,,,,,,,,,
May,192,Shirboni,19,113781.39,9549.7825,1,4,1,0,,9,7,11.34,1,Good,1030.2,32.03566222,15 Years and 7 Months,No,0,758.0831955,LowspentSmallvaluepayments,486.8950545,Poor,,,,,,,,,,,,
June,192,Shirboni,19,113781.39,9549.7825,1,4,1,0,,14,7,11.34,1,Good,1030.2,40.13606162,15 Years and 8 Months,No,0,424.0032051,LowspentMediumvaluepayments,810.9750449,Poor,,,,,,,,,,,,
July,192,Shirboni,19,113781.39,9549.7825,1,4,1,0_,,10,7,11.34,4,Good,1030.2,29.17479515,15 Years and 9 Months,NM,0,174.2875978,High_spent_Large_value_payments,1020.690652,Standard,,,,,,,,,,,,
August,192,Shirboni,19,113781.39,9549.7825,1,4,1,0,,14,8,8.34,4,Good,1030.2,28.59294254,15 Years and 10 Months,No,0,617.0792665,High_spent_Small_value_payments,597.8989835,Standard,,,,,,,,,,,,
January,193,Andyc,30,15746.63,9549.7825,4,3,18,-100,"Auto Loan, Credit-Builder Loan, Home Equity Loan, Personal Loan, and Mortgage Loan",22,16,12.83,4,Standard,2098.83,22.70534476,11 Years and 4 Months,Yes,44.04040477,119.2646219,LowspentSmallvaluepayments,238.91689,Standard,,,,,,,,,,,,
February,193,Andyc,30,15746.63,9549.7825,4,3,18,5,"Auto Loan, Credit-Builder Loan, Home Equity Loan, Personal Loan, and Mortgage Loan",22,13,8.83,4,,2098.83,28.33175636,11 Years and 5 Months,Yes,44.04040477,10000,LowspentMediumvaluepayments,310.8352515,Poor,,,,,,,,,,,,
March,193,Andyc,30,15746.63,1122.219167,4,3,18,5,"Auto Loan, Credit-Builder Loan, Home Equity Loan, Personal Loan, and Mortgage Loan",22,13,10.83,4,Standard,2098.83,33.0317882,11 Years and 6 Months,Yes,44.04040477,68.36290141,LowspentMediumvaluepayments,279.8186105,Poor,,,,,,,,,,,,
April,193,Andyc,30,15746.63,1122.219167,4,3,18,5,"Auto Loan, Credit-Builder Loan, Home Equity Loan, Personal Loan, and Mortgage Loan",20,13,10.83,4,Standard,2098.83,25.3836593,11 Years and 7 Months,Yes,44.04040477,102.6226697,LowspentSmallvaluepayments,255.5588422,Poor,,,,,,,,,,,,
May,193,,30,15746.63,1122.219167,4,3,18,5,"Auto Loan, Credit-Builder Loan, Home Equity Loan, Personal Loan, and Mortgage Loan",17,13,10.83,4,,2098.83,26.36631977,11 Years and 8 Months,Yes,44.04040477,68.00992312,LowspentLargevaluepayments,270.1715888,Standard,,,,,,,,,,,,
June,193,Andyc,30,15746.63,1122.219167,4,3,18,5,"Auto Loan, Credit-Builder Loan, Home Equity Loan, Personal Loan, and Mortgage Loan",25,10,10.83,4,Standard,2098.83,30.55846069,11 Years and 9 Months,NM,20325,35.0607066,HighspentSmallvaluepayments,293.1208053,Poor,,,,,,,,,,,,
July,193,Andyc,31,15746.63,,4,3,18,5,"Auto Loan, Credit-Builder Loan, Home Equity Loan, Personal Loan, and Mortgage Loan",21,13,10.83,4,Standard,2098.83_,25.11238215,11 Years and 10 Months,Yes,44.04040477,30.75161819,Low_spent_Medium_value_payments,317.4298937,Poor,,,,,,,,,,,,
August,193,Andyc,31,15746.63,1122.219167,4,3,18,5,"Auto Loan, Credit-Builder Loan, Home Equity Loan, Personal Loan, and Mortgage Loan",22,12,10.83,7,Standard,2098.83,38.87980553,11 Years and 11 Months,Yes,44.04040477,129.2907433,Low_spent_Small_value_payments,228.8907686,Poor,,,,,,,,,,,,
January,194,Toonkeld,19,97961.96,8205.496667,4,6,6,0,,7,12,6.46,0,Good,750.95,29.85368464,28 Years and 2 Months,No,0,436.959001,LowspentMediumvaluepayments,663.5906656,Poor,,,,,,,,,,,,
February,194,Toonkeld,19,97961.96,8205.496667,4,6,525,0,,7,11,6.46,0,Good,750.95,36.74848794,28 Years and 3 Months,No,0,750.106891,!@9#%8,340.4427757,Standard,,,,,,,,,,,,
March,194,Toonkeld,19,16174808,8205.496667,4,6,6,0,,7,10,6.46,,Good,750.95,27.50672163,28 Years and 4 Months,No,0,342.7064345,LowspentMediumvaluepayments,757.8432321,Poor,,,,,,,,,,,,
April,194,Toonkeld,19,97961.96,8205.496667,4,6,6,0,,7,10,6.46,3,,750.95,31.47786798,28 Years and 5 Months,No,0,246.0477422,LowspentLargevaluepayments,844.5019244,Poor,,,,,,,,,,,,
May,194,Toonkeld,19,97961.96,8205.496667,4,6,6,0,,7,10,6.46,3,Good,750.95,34.21771027,28 Years and 6 Months,No,0,313.6705382,HighspentMediumvaluepayments,756.8791285,Poor,,,,,,,,,,,,
June,194,Toonkeld,19,97961.96,8205.496667,1496,6,6,0,,7,12,6.46,3,Good,750.95,31.38361667,28 Years and 7 Months,No,0,162.2220383,HighspentLargevaluepayments,898.3276284,Poor,,,,,,,,,,,,
July,194,,19_,97961.96,8205.496667,4,6,6,0,,7,,6.46,3,Good,750.95,23.11657813,28 Years and 8 Months,NM,0,1099.94121,Low_spent_Small_value_payments,10.60845636,Standard,,,,,,,,,,,,
August,194,Toonkeld,19,97961.96,,4,6,6,0,,7,10,6.46,3,_,750.95,40.30015487,28 Years and 9 Months,No,0,104.654263,High_spent_Large_value_payments,955.8954037,Standard,,,,,,,,,,,,
January,195,,47,31895.07,2488.9225,3,6,2,4,"Personal Loan, Student Loan, Student Loan, and Not Specified",12,10,3.06,2,Good,220.33,31.0234949,NA,NM,60.32284544,29.85757619,HighspentMediumvaluepayments,408.7118284,Poor,,,,,,,,,,,,
February,195,Deepa Seetharamanv,47,31895.07,2488.9225,3,6,2,4,"Personal Loan, Student Loan, Student Loan, and Not Specified",16,7,3.06,2,Good,220.33,39.12536692,21 Years and 9 Months,No,60.32284544,138.4706234,HighspentSmallvaluepayments,310.0987811,Poor,,,,,,,,,,,,
March,195,Deepa Seetharamanv,47,31895.07,2488.9225,3,6,2,4,"Personal Loan, Student Loan, Student Loan, and Not Specified",16,9,3.06,2,Good,220.33,23.82981471,21 Years and 10 Months,No,60.32284544,164.563631,HighspentSmallvaluepayments,284.0057735,Poor,,,,,,,,,,,,
April,195,Deepa Seetharamanv,48,31895.07,2488.9225,3,6,1228,4,"Personal Loan, Student Loan, Student Loan, and Not Specified",16,10,3.06,,Good,220.33,22.87512547,21 Years and 11 Months,No,73827,132.8401268,!@9#%8,325.7292777,Poor,,,,,,,,,,,,
May,195,Deepa Seetharamanv,48,31895.07,2488.9225,3,6,2,4,"Personal Loan, Student Loan, Student Loan, and Not Specified",12,,3.06,2,Good,220.33,28.17795966,22 Years and 0 Months,No,60.32284544,10000,LowspentMediumvaluepayments,231.3054718,Poor,,,,,,,,,,,,
June,195,Deepa Seetharamanv,48,31895.07,2488.9225,3,6,2,4,"Personal Loan, Student Loan, Student Loan, and Not Specified",16,8,3.06,2,Good,220.33,29.70376621,22 Years and 1 Months,No,60.32284544,97.91526493,LowspentLargevaluepayments,360.6541396,Poor,,,,,,,,,,,,
July,195,Deepa Seetharamanv,48,31895.07,2488.9225,3,6,2,-100,"Personal Loan, Student Loan, Student Loan, and Not Specified",16,8,3.06,,Good,220.33,24.25835594,22 Years and 2 Months,No,60.32284544,10000,High_spent_Small_value_payments,283.2153155,Standard,,,,,,,,,,,,
August,195,Deepa Seetharamanv,48,31895.07_,2488.9225,3,6,2,4,"Personal Loan, Student Loan, Student Loan, and Not Specified",14,,-1.94,2,Good,220.33,24.27605886,22 Years and 3 Months,No,60.32284544,208.8004957,!@9#%8,249.7689089,Standard,,,,,,,,,,,,
January,196,enu,31,30922.28,2494.856667,1,5,12,2,"Student Loan, and Mortgage Loan",19,1,11.71,2,,957.53,29.96391714,21 Years and 3 Months,No,30.33820426,10000,LowspentSmallvaluepayments,418.9625465,Poor,,,,,,,,,,,,
February,196,enu,31,30922.28,2494.856667,1,5,12,2,"Student Loan, and Mortgage Loan",14,-2,11.71,2,Good,957.53,39.13592406,21 Years and 4 Months,No,30.33820426,159.5235852,LowspentLargevaluepayments,329.6238772,Poor,,,,,,,,,,,,
March,196,enu,31,30922.28,2494.856667,1,538,12,2,"Student Loan, and Mortgage Loan",19,1,11.71,2,Good,957.53,38.02427537,21 Years and 5 Months,No,30.33820426,10000,LowspentSmallvaluepayments,191.318209,Poor,,,,,,,,,,,,
April,196,enu,31,30922.28,2494.856667,1,5,12,2,"Student Loan, and Mortgage Loan",19,1,11.71,2,Good,957.53,30.00680615,21 Years and 6 Months,No,30.33820426,314.8471138,LowspentSmallvaluepayments,194.3003486,Poor,,,,,,,,,,,,
May,196,enu,32,30922.28,2494.856667,1,5,12,2,"Student Loan, and Mortgage Loan",19,1,11.71,2,Good,957.53,27.27160375,21 Years and 7 Months,No,30.33820426,332.4277341,LowspentSmallvaluepayments,176.7197283,Poor,,,,,,,,,,,,
June,196,enu,32,30922.28,2494.856667,1,5,12,2,"Student Loan, and Mortgage Loan",19,1,11.71,2,Good,957.53,34.3805128,21 Years and 8 Months,No,30.33820426,69.56543935,HighspentMediumvaluepayments,399.5820231,Poor,,,,,,,,,,,,
July,196,enu,32,30922.28,2494.856667,1,5,12,2,"Student Loan, and Mortgage Loan",22,1,11.71,1085,_,957.53,26.09053666,21 Years and 9 Months,No,30.33820426,63.88605644,!@9#%8,395.261406,Poor,,,,,,,,,,,,
August,196,enu,32,30922.28,,1,5,12,2,"Student Loan, and Mortgage Loan",19,1,11.71,2,Good,957.53,41.10790524,21 Years and 10 Months,No,30.33820426,80.1346358,High_spent_Small_value_payments,399.0128266,Poor,,,,,,,,,,,,
January,197,McCranke,37,25530.33,2137.5275,3,4,19,0,,16,13,11.98,,Standard,761.18,38.79285113,31 Years and 5 Months,Yes,0,201.1848131,LowspentSmallvaluepayments,302.5679369,Standard,,,,,,,,,,,,
February,197,McCranke,37,25530.33,2137.5275,3,4,19,0,,17,13,11.98,8,Standard,761.18,37.65334446,31 Years and 6 Months,Yes,0,178.0010384,LowspentSmallvaluepayments,325.7517116,Standard,,,,,,,,,,,,
March,197,McCranke,37,25530.33,2137.5275,3,4,19,0,,17,16,11.98,8,Standard,761.18,31.34545483,31 Years and 7 Months,Yes,0,152.6176845,LowspentMediumvaluepayments,341.1350655,Standard,,,,,,,,,,,,
April,197,McCranke,37,25530.33,2137.5275,3,4,19,0,,17,14,11.98,8,Standard,761.18,39.40049173,31 Years and 8 Months,Yes,0,104.8856373,!@9#%8,368.8671127,Standard,,,,,,,,,,,,
May,197,McCranke,37,25530.33,2137.5275,3,4,19,0,,13,11,10.98,8,Standard,761.18,35.25285683,31 Years and 9 Months,NM,0,64.22191843,!@9#%8,429.5308316,Standard,,,,,,,,,,,,
June,197,McCranke,37,25530.33,2137.5275,3,4,19,0,,17,13,11.98,8,Standard,761.18,24.51880761,31 Years and 10 Months,Yes,0,52.01668424,HighspentSmallvaluepayments,421.7360658,Standard,,,,,,,,,,,,
July,197,,37,25530.33,2137.5275,3,4,19,0,,17,13,11.98,8,Standard,761.18,27.54052555,31 Years and 11 Months,Yes,0,30.66195176,High_spent_Medium_value_payments,433.0907982,Standard,,,,,,,,,,,,
August,197,McCranke,37,25530.33,2137.5275,3,4,19,0,,16,13,11.98,8,Standard,761.18,36.32469457,32 Years and 0 Months,Yes,0,205.7928847,Low_spent_Medium_value_payments,287.9598653,Standard,,,,,,,,,,,,
January,198,,51,110786.64,2137.5275,4,6,5,3,"Auto Loan, Personal Loan, and Payday Loan",12,15,8.68,1,Standard,226.7,31.05418472,24 Years and 4 Months,Yes,209.314507,1203.105668,LowspentSmallvaluepayments,0,Standard,,,,,,,,,,,,
February,198,Ilainac,51,110786.64,9299.22,4,6,5,3,"Auto Loan, Personal Loan, and Payday Loan",15,15,8.68,2,Standard,226.7,40.4237034,24 Years and 5 Months,NM,209.314507,137.9096354,HighspentLargevaluepayments,822.6978576,Standard,,,,,,,,,,,,
March,198,Ilainac,51,110786.64,9299.22,4,6,5,3,"Auto Loan, Personal Loan, and Payday Loan",12,15,8.68,2,,226.7,28.25978529,24 Years and 6 Months,Yes,209.314507,312.5205277,HighspentMediumvaluepayments,658.0869654,Standard,,,,,,,,,,,,
April,198,Ilainac,51,110786.64,9299.22,4,6,5,3,"Auto Loan, Personal Loan, and Payday Loan",12,,8.68,2,Standard,226.7,31.45623198,NA,Yes,209.314507,196.2040397,!@9#%8,764.4034533,Poor,,,,,,,,,,,,
May,198,Ilainac,51,110786.64,9299.22,4,6,5,3,"Auto Loan, Personal Loan, and Payday Loan",12,15,8.68,2,,226.7,38.08672417,24 Years and 8 Months,Yes,209.314507,143.4397784,HighspentLargevaluepayments,817.1677146,Standard,,,,,,,,,,,,
June,198,Ilainac,52,110786.64,9299.22,4,6,5,3,"Auto Loan, Personal Loan, and Payday Loan",16,15,8.68,2,,226.7,37.23256211,24 Years and 9 Months,NM,209.314507,791.171673,LowspentSmallvaluepayments,219.43582,Poor,,,,,,,,,,,,
July,198,Ilainac,52,110786.64,9299.22,5,7,5,3,"Auto Loan, Personal Loan, and Payday Loan",8,,8.68,2,Standard,226.7,30.47750319,24 Years and 10 Months,Yes,209.314507,170.0137694,High_spent_Large_value_payments,790.5937237,Poor,,,,,,,,,,,,
August,198,Ilainac,52,110786.64,9299.22,5,7,5,3_,"Auto Loan, Personal Loan, and Payday Loan",12,15,8.68,2,Standard,226.7,24.58289384,24 Years and 11 Months,Yes,209.314507,925.1677802,Low_spent_Small_value_payments,85.43971283,Standard,,,,,,,,,,,,
January,199,Roumeliotisv,26,39696.98,3211.081667,5,5,10,1,Not Specified,16,3,1.98,1,Good,133.3,39.88622693,21 Years and 3 Months,No,31.90658017,73.87093984,HighspentMediumvaluepayments,465.3306467,Poor,,,,,,,,,,,,
February,199,Roumeliotisv,26,39696.98,3211.081667,5,5,10,1,Not Specified,11,5,-5.02,1,Good,133.3,29.99788663,NA,NM,31.90658017,67.07328077,HighspentMediumvaluepayments,472.1283057,Poor,,,,,,,,,,,,
March,199,Roumeliotisv,26,39696.98,3211.081667,5,5,10,1,Not Specified,11,3,1.98,1,Good,133.3,33.39554451,21 Years and 5 Months,No,31.90658017,56.24576754,HighspentMediumvaluepayments,482.955819,Standard,,,,,,,,,,,,
April,199,Roumeliotisv,26,39696.98,3211.081667,5,5,10,1,Not Specified,11,3,1.98,1,Good,133.3,28.84416303,21 Years and 6 Months,No,31.90658017,37.51782483,HighspentMediumvaluepayments,501.6837617,Poor,,,,,,,,,,,,
May,199,Roumeliotisv,26,39696.98,3211.081667,5,5,1115,1,Not Specified,11,6,1.98,1,Good,133.3,40.14286497,21 Years and 7 Months,No,31.90658017,44.04731679,HighspentLargevaluepayments,485.1542697,Poor,,,,,,,,,,,,
June,199,Roumeliotisv,26,39696.98,3211.081667,5,5,10,1,Not Specified,11,3,1.98,1,,133.3,24.86994727,21 Years and 8 Months,No,31.90658017,156.7921944,LowspentSmallvaluepayments,422.4093921,Poor,,,,,,,,,,,,
July,199,Roumeliotisv,27,39696.98,3211.081667,5,5,10,1,Not Specified,11,3,1.98,1,Good,133.3,31.6774736,21 Years and 9 Months,No,31.90658017,223.9737723,Low_spent_Large_value_payments,335.2278142,Poor,,,,,,,,,,,,
August,199,Roumeliotisv,27,39696.98,3211.081667,5,5,10,1,Not Specified,11,3,1.98,1194,Good,133.3,27.28968593,21 Years and 10 Months,No,31.90658017,239.0805688,Low_spent_Medium_value_payments,330.1210177,Poor,,,,,,,,,,,,
January,200,"""Manuelap",34,120366.6,9888.55,4,7,2,4,"Home Equity Loan, Debt Consolidation Loan, Payday Loan, and Credit-Builder Loan",12,5,0.8,3,,1396.64,33.27508901,20 Years and 11 Months,No,233.4424036,177.0411954,HighspentLargevaluepayments,818.371401,Poor,,,,,,,,,,,,
February,200,"""Manuelap",34,120366.6,9888.55,4,7,2,4,"Home Equity Loan, Debt Consolidation Loan, Payday Loan, and Credit-Builder Loan",12,8,-4.2,3,,1396.64,34.92540164,21 Years and 0 Months,No,233.4424036,180.553249,HighspentLargevaluepayments,814.8593473,Poor,,,,,,,,,,,,
March,200,"""Manuelap",34,120366.6,9888.55,4,7,2,4,"Home Equity Loan, Debt Consolidation Loan, Payday Loan, and Credit-Builder Loan",12,6,0.8,3,Good,1396.64,29.88963282,NA,No,233.4424036,668.75909,LowspentMediumvaluepayments,366.6535064,Poor,,,,,,,,,,,,
April,200,"""Manuelap",34,120366.6,9888.55,4,7,2,4,"Home Equity Loan, Debt Consolidation Loan, Payday Loan, and Credit-Builder Loan",17,8,0.8,6,Good,1396.64,31.95777655,NA,No,233.4424036,252.0971433,HighspentLargevaluepayments,743.3154531,Standard,,,,,,,,,,,,
May,200,"""Manuelap",34,120366.6,9888.55,4,7,2,4,"Home Equity Loan, Debt Consolidation Loan, Payday Loan, and Credit-Builder Loan",12,8,0.8,6,,1396.64,29.06637861,NA,No,233.4424036,860.4550593,LowspentMediumvaluepayments,174.9575371,Standard,,,,,,,,,,,,
June,200,"""Manuelap",34,120366.6,9888.55,4,7,2,4,"Home Equity Loan, Debt Consolidation Loan, Payday Loan, and Credit-Builder Loan",9,8,0.8,6,Good,1396.64,36.7312678,21 Years and 4 Months,No,233.4424036,95.61296985,HighspentLargevaluepayments,899.7996265,Poor,,,,,,,,,,,,
July,200,"""Manuelap",34,120366.6,9888.55,4,7,2,4,"Home Equity Loan, Debt Consolidation Loan, Payday Loan, and Credit-Builder Loan",12,8,4.8,6,_,1396.64,25.10295362,NA,No,233.4424036,967.883422,Low_spent_Medium_value_payments,67.52917434,Poor,,,,,,,,,,,,
August,200,"""Manuelap",34,120366.6,9888.55,4,7,2,4,"Home Equity Loan, Debt Consolidation Loan, Payday Loan, and Credit-Builder Loan",12,8,0.8,6,Good,1396.64,39.92962514,21 Years and 6 Months,NM,233.4424036,414.6730752,High_spent_Medium_value_payments,590.7395212,Poor,,,,,,,,,,,,
January,201,Taylorj,51,13074.395,1356.532917,8,7,8,1,Personal Loan,7,,9.96,2,Good,1048.26,26.77645687,29 Years and 11 Months,No,9.175797471,69.25848928,LowspentSmallvaluepayments,347.2190049,Good,,,,,,,,,,,,
February,201,Taylorj,51,13074.395,1356.532917,8,7,8,1,Personal Loan,9,14,-0.04,6,Good,1048.26,29.66052426,30 Years and 0 Months,No,9.175797471,53.50098871,LowspentSmallvaluepayments,362.9765055,Good,,,,,,,,,,,,
March,201,Taylorj,51,13074.395,1356.532917,1534,7,8,1,Personal Loan,10,14,11.96,6,,1048.26,31.39360814,30 Years and 1 Months,No,9.175797471,142.0512865,LowspentSmallvaluepayments,274.4262077,Good,,,,,,,,,,,,
April,201,Taylorj,51,13074.395,1356.532917,8,7,8,1,Personal Loan,9,14,5.96,,Good,1048.26,31.06934157,30 Years and 2 Months,No,9.175797471,29.13973942,HighspentMediumvaluepayments,347.3377548,Good,,,,,,,,,,,,
May,201,Taylorj,51,13074.395,1356.532917,8,7,8,-100,Personal Loan,9,14,11.96,6,,1048.26,24.83795438,30 Years and 3 Months,No,9.175797471,77.48992358,!@9#%8,338.9875706,Good,,,,,,,,,,,,
June,201,Taylorj,52,13074.395,1356.532917,8,7,8,1,Personal Loan,9,14,5.96,6,Good,1048.26,32.03317007,30 Years and 4 Months,No,9.175797471,99.57625859,LowspentMediumvaluepayments,306.9012356,Standard,,,,,,,,,,,,
July,201,Taylorj,52,13074.395,1356.532917,8,7,8,1,Personal Loan,9,15,5.96,6,Good,1048.26,31.14255277,30 Years and 5 Months,No,9.175797471,106.7293185,Low_spent_Medium_value_payments,299.7481757,Good,,,,,,,,,,,,
August,201,Taylorj,52,13074.395,1356.532917,8,7,8,1,Personal Loan,9,13,5.96,6,Good,1048.26,26.1164195,30 Years and 6 Months,No,9.175797471,127.838919,Low_spent_Small_value_payments,288.6385752,Good,,,,,,,,,,,,
January,202,Tarmov,30,76087.68,6155.64,6,3,9,4,"Payday Loan, Auto Loan, Mortgage Loan, and Mortgage Loan",18,12,13.73,2,Standard,50.22,24.53002466,21 Years and 7 Months,Yes,232.066077,424.8286523,!@9#%8,238.6692707,Standard,,,,,,,,,,,,
February,202,,30,76087.68,6155.64,6,3,9,4,"Payday Loan, Auto Loan, Mortgage Loan, and Mortgage Loan",14,7,13.73,2,Standard,50.22,24.19747085,21 Years and 8 Months,Yes,232.066077,155.5644189,HighspentMediumvaluepayments,477.9335041,Standard,,,,,,,,,,,,
March,202,Tarmov,30,76087.68,6155.64,6,3,9,4,"Payday Loan, Auto Loan, Mortgage Loan, and Mortgage Loan",11,10,13.73,2,Standard,50.22,39.97251079,21 Years and 9 Months,Yes,232.066077,137.1086487,!@9#%8,486.3892742,Standard,,,,,,,,,,,,
April,202,Tarmov,30,76087.68,6155.64,6,3,9,4,"Payday Loan, Auto Loan, Mortgage Loan, and Mortgage Loan",15,3478,13.73,2,Standard,50.22,24.91935151,21 Years and 10 Months,Yes,232.066077,436.6555754,LowspentMediumvaluepayments,226.8423476,Standard,,,,,,,,,,,,
May,202,Tarmov,31,76087.68,6155.64,6,3,9,4,"Payday Loan, Auto Loan, Mortgage Loan, and Mortgage Loan",14,10,13.73,2,Standard,50.22,23.51605846,21 Years and 11 Months,Yes,232.066077,181.9979988,HighspentMediumvaluepayments,451.4999241,Standard,,,,,,,,,,,,
June,202,Tarmov,31,76087.68,6155.64,6,3,9,4,"Payday Loan, Auto Loan, Mortgage Loan, and Mortgage Loan",14,7,13.73,2,,50.22,29.26556351,22 Years and 0 Months,Yes,232.066077,133.77535,HighspentLargevaluepayments,489.7225729,Standard,,,,,,,,,,,,
July,202,Tarmov,31,76087.68,6155.64,6,3,9,4,"Payday Loan, Auto Loan, Mortgage Loan, and Mortgage Loan",11,8,13.73,2,_,50.22,37.04031915,22 Years and 1 Months,Yes,232.066077,,High_spent_Large_value_payments,559.9517666,Standard,,,,,,,,,,,,
August,202,Tarmov,31,76087.68,6155.64,6,1191,9,4,"Payday Loan, Auto Loan, Mortgage Loan, and Mortgage Loan",14,10,8.73,2,Standard,50.22,39.67745252,22 Years and 2 Months,Yes,232.066077,10000,High_spent_Large_value_payments,519.4126474,Standard,,,,,,,,,,,,
January,203,Lucia Mutikanid,23,51824.94,4417.745,6,7,26,8,"Debt Consolidation Loan, Debt Consolidation Loan, Home Equity Loan, Mortgage Loan, Student Loan, Payday Loan, Debt Consolidation Loan, and Home Equity Loan",40,2420,0.63,8,Bad,2958.02,32.82321739,7 Years and 3 Months,Yes,257.6594545,183.1824693,LowspentSmallvaluepayments,290.9325763,Poor,,,,,,,,,,,,
February,203,Lucia Mutikanid,23,51824.94,4417.745,6,7,26,8,"Debt Consolidation Loan, Debt Consolidation Loan, Home Equity Loan, Mortgage Loan, Student Loan, Payday Loan, Debt Consolidation Loan, and Home Equity Loan",38,22,0.63,8,,2958.02,37.61638696,NA,Yes,257.6594545,288.5911775,HighspentSmallvaluepayments,155.523868,Poor,,,,,,,,,,,,
March,203,Lucia Mutikanid,23,51824.94,4417.745,6,7,26,8,"Debt Consolidation Loan, Debt Consolidation Loan, Home Equity Loan, Mortgage Loan, Student Loan, Payday Loan, Debt Consolidation Loan, and Home Equity Loan",36,,0.63,8,Bad,2958.02,27.10976352,7 Years and 5 Months,Yes,257.6594545,180.1647813,HighspentMediumvaluepayments,253.9502642,Poor,,,,,,,,,,,,
April,203,Lucia Mutikanid,23,51824.94,4417.745,6,7,26,8,"Debt Consolidation Loan, Debt Consolidation Loan, Home Equity Loan, Mortgage Loan, Student Loan, Payday Loan, Debt Consolidation Loan, and Home Equity Loan",42,,1.63,2006,Bad,2958.02,26.26054824,7 Years and 6 Months,Yes,257.6594545,10000,HighspentSmallvaluepayments,312.2422263,Poor,,,,,,,,,,,,
May,203,Lucia Mutikanid,23,51824.94,4417.745,6,7,26,8,"Debt Consolidation Loan, Debt Consolidation Loan, Home Equity Loan, Mortgage Loan, Student Loan, Payday Loan, Debt Consolidation Loan, and Home Equity Loan",39,24,0.63,8,Bad,2958.02,29.49744728,7 Years and 7 Months,Yes,257.6594545,508.8561454,LowspentSmallvaluepayments,0,Poor,,,,,,,,,,,,
June,203,,23,51824.94,4417.745,6,7,26,8,"Debt Consolidation Loan, Debt Consolidation Loan, Home Equity Loan, Mortgage Loan, Student Loan, Payday Loan, Debt Consolidation Loan, and Home Equity Loan",33,21,0.63,8,Bad,2958.02,25.36116682,7 Years and 8 Months,Yes,257.6594545,113.3166443,HighspentSmallvaluepayments,330.7984012,Poor,,,,,,,,,,,,
July,203,Lucia Mutikanid,23,51824.94,4417.745,6,7,26,8,"Debt Consolidation Loan, Debt Consolidation Loan, Home Equity Loan, Mortgage Loan, Student Loan, Payday Loan, Debt Consolidation Loan, and Home Equity Loan",38,22,0.63,8,_,2958.02,26.84506923,7 Years and 9 Months,Yes,257.6594545,258.2846492,High_spent_Small_value_payments,185.8303963,Poor,,,,,,,,,,,,
August,203,Lucia Mutikanid,24,51824.94_,4417.745,6,7,26,8,"Debt Consolidation Loan, Debt Consolidation Loan, Home Equity Loan, Mortgage Loan, Student Loan, Payday Loan, Debt Consolidation Loan, and Home Equity Loan",33,22,2.63,8,_,2958.02,33.65354736,7 Years and 10 Months,Yes,21784,121.3319704,High_spent_Medium_value_payments,312.7830751,Standard,,,,,,,,,,,,
January,204,Michael Ermani,31,11431.775,930.6479167,8,6,16,4,"Credit-Builder Loan, Not Specified, Debt Consolidation Loan, and Credit-Builder Loan",7,17,0.52,3,Standard,117.57,36.90859194,16 Years and 9 Months,No,29.48547134,94.48374513,!@9#%8,259.0955752,Standard,,,,,,,,,,,,
February,204,Michael Ermani,31,11431.775,930.6479167,8,6,16,4,"Credit-Builder Loan, Not Specified, Debt Consolidation Loan, and Credit-Builder Loan",2,15,0.52,3,Standard,117.57,27.40912534,16 Years and 10 Months,No,29.48547134,122.2029128,LowspentSmallvaluepayments,231.3764075,Standard,,,,,,,,,,,,
March,204,Michael Ermani,31,11431.775,930.6479167,8,6,16,4,"Credit-Builder Loan, Not Specified, Debt Consolidation Loan, and Credit-Builder Loan",7,15,0.52,3,Standard,117.57,29.18712949,16 Years and 11 Months,No,29.48547134,92.2026398,LowspentSmallvaluepayments,261.3766805,Standard,,,,,,,,,,,,
April,204,Michael Ermani,31,11431.775,930.6479167,8,6,16,4,"Credit-Builder Loan, Not Specified, Debt Consolidation Loan, and Credit-Builder Loan",7,15,0.52,,Standard,117.57,31.41187374,17 Years and 0 Months,No,58579,119.4583843,LowspentSmallvaluepayments,234.120936,Standard,,,,,,,,,,,,
May,204,Michael Ermani,31,11431.775,930.6479167,8,6,16,4,"Credit-Builder Loan, Not Specified, Debt Consolidation Loan, and Credit-Builder Loan",7,15,0.52,3,,117.57,38.26346785,17 Years and 1 Months,No,29.48547134,94.2556333,LowspentMediumvaluepayments,249.323687,Standard,,,,,,,,,,,,
June,204,Michael Ermani,31,11431.775,930.6479167,8,6,16,4,"Credit-Builder Loan, Not Specified, Debt Consolidation Loan, and Credit-Builder Loan",7,12,3.52,3,Standard,117.57,31.67681529,17 Years and 2 Months,No,29.48547134,61.1698314,LowspentSmallvaluepayments,292.4094889,Standard,,,,,,,,,,,,
July,204,Michael Ermani,31_,11431.775,930.6479167,8,6,16,4,"Credit-Builder Loan, Not Specified, Debt Consolidation Loan, and Credit-Builder Loan",7,15_,1.52,3,Standard,117.57,35.22660608,17 Years and 3 Months,No,29.48547134,11.2406227,High_spent_Large_value_payments,292.3386976,Good,,,,,,,,,,,,
August,204,Michael Ermani,31,11431.775,930.6479167,8,6,16,4,"Credit-Builder Loan, Not Specified, Debt Consolidation Loan, and Credit-Builder Loan",7,15,0.52,3,_,117.57,37.28831651,17 Years and 4 Months,No,29.48547134,56.64041714,High_spent_Small_value_payments,266.9389032,Good,,,,,,,,,,,,
January,205,Valetkevitchm,38,14224.655,1395.387917,8,6,13,1,Home Equity Loan,27,10,8.1,1,Standard,1343.01,40.91960544,32 Years and 8 Months,NM,7.642056541,82.13893654,!@9#%8,309.7577986,Standard,,,,,,,,,,,,
February,205,Valetkevitchm,38,14224.655,1395.387917,8,6,13,1,Home Equity Loan,27,10,8.1,1,Standard,1343.01,37.18621603,32 Years and 9 Months,No,7.642056541,186.3400579,LowspentSmallvaluepayments,235.5566773,Standard,,,,,,,,,,,,
March,205,Valetkevitchm,38,14224.655,1395.387917,8,6,13,1,Home Equity Loan,27,10,8.1,1,Standard,1343.01,34.40577901,32 Years and 10 Months,No,7.642056541,10000,LowspentSmallvaluepayments,312.6036975,Standard,,,,,,,,,,,,
April,205,Valetkevitchm,38,14224.655,1395.387917,8,6,13,1,Home Equity Loan,27,9,8.1,5,Standard,1343.01,25.06407174,32 Years and 11 Months,No,7.642056541,60.70061741,LowspentLargevaluepayments,341.1961177,Standard,,,,,,,,,,,,
May,205,Valetkevitchm,38,14224.655,1395.387917,8,6,13,1,Home Equity Loan,27,10,8.1,5,Standard,1343.01,24.57598045,33 Years and 0 Months,No,7.642056541,150.4874468,!@9#%8,271.4092883,Standard,,,,,,,,,,,,
June,205,Valetkevitchm,38,14224.655,1395.387917,8,6,13,1,Home Equity Loan,27,9,8.1,5,Standard,1343.01,30.93956511,33 Years and 1 Months,No,3510,66.43308506,LowspentSmallvaluepayments,355.4636501,Standard,,,,,,,,,,,,
July,205,,38,14224.655,1395.387917,8,6,13,1,Home Equity Loan,26,8,8.1,5,Standard,1343.01,26.92566341,33 Years and 2 Months,No,7.642056541,64.79572829,Low_spent_Medium_value_payments,347.1010068,Standard,,,,,,,,,,,,
August,205,Valetkevitchm,38_,14224.655,1395.387917,8,6,13,1,Home Equity Loan,24,10,8.1,5,Standard,1343.01,36.9384051,33 Years and 3 Months,No,7.642056541,59.12268648,Low_spent_Small_value_payments,362.7740486,Standard,,,,,,,,,,,,
January,206,Camposg,46,142170.12,11584.51,3,4,2621,2,"Mortgage Loan, and Home Equity Loan",3,1,2.58,3,Good,282.56,43.85317142,24 Years and 3 Months,No,183.7595131,183.615297,HighspentMediumvaluepayments,1041.07619,Good,,,,,,,,,,,,
February,206,Camposg,46,142170.12,11584.51,3,4,8,2,"Mortgage Loan, and Home Equity Loan",1,1,2.58,3,Good,282.56,33.89448336,24 Years and 4 Months,No,183.7595131,206.3628944,HighspentLargevaluepayments,1008.328592,Standard,,,,,,,,,,,,
March,206,Camposg,46,142170.12,11584.51,3,4,8,2,"Mortgage Loan, and Home Equity Loan",3,1,2.58,3,Good,282.56,38.4250554,24 Years and 5 Months,No,183.7595131,511.8085938,HighspentSmallvaluepayments,722.8828931,Good,,,,,,,,,,,,
April,206,Camposg,46,142170.12,11584.51,3,4,8,2,"Mortgage Loan, and Home Equity Loan",3,1,2.58,3,Good,282.56,38.3625028,24 Years and 6 Months,No,183.7595131,216.1021795,HighspentMediumvaluepayments,1008.589307,Good,,,,,,,,,,,,
May,206,Camposg,46,142170.12,11584.51,3,4,8,2,"Mortgage Loan, and Home Equity Loan",3,1,2.58,3,Good,282.56,23.98679115,24 Years and 7 Months,No,183.7595131,772.9155703,LowspentMediumvaluepayments,481.7759166,Good,,,,,,,,,,,,
June,206,Camposg,46,142170.12,11584.51,3,4,8,2,"Mortgage Loan, and Home Equity Loan",1,1,2.58,3,Good,282.56,36.79284855,24 Years and 8 Months,No,183.7595131,301.9379544,HighspentMediumvaluepayments,922.7535325,Good,,,,,,,,,,,,
July,206,Camposg,46,142170.12,11584.51,3,4,8,2,"Mortgage Loan, and Home Equity Loan",3,1,2.58,3,Good,282.56,29.39208882,24 Years and 9 Months,No,183.7595131,864.1250783,Low_spent_Small_value_payments,400.5664086,Good,,,,,,,,,,,,
August,206,Camposg,46,142170.12,11584.51,3,4,8,2,"Mortgage Loan, and Home Equity Loan",3,1,2.58,3,Good,282.56,41.70837611,24 Years and 10 Months,No,183.7595131,245.8892086,High_spent_Large_value_payments,968.8022783,Good,,,,,,,,,,,,
January,207,Schnurrk,45,19951.765,1592.647083,1,1,12,2,"Personal Loan, and Mortgage Loan",5,,2.89,0,Good,1463.07,36.13163174,32 Years and 8 Months,No,28.21305815,28.0576725,HighspentSmallvaluepayments,362.9939777,Good,,,,,,,,,,,,
February,207,Schnurrk,45,19951.765,1592.647083,1,1,12,2,"Personal Loan, and Mortgage Loan",10,6,0.89,0,Good,1463.07,28.53856056,32 Years and 9 Months,No,28.21305815,167.5768414,LowspentSmallvaluepayments,253.4748088,Good,,,,,,,,,,,,
March,207,Schnurrk,45,19951.765,1592.647083,1,1,12,2,"Personal Loan, and Mortgage Loan",10,6,2.89,0,,1463.07,35.6216588,32 Years and 10 Months,No,28.21305815,145.5041528,!@9#%8,275.5474974,Good,,,,,,,,,,,,
April,207,Schnurrk,45,19951.765,1592.647083,1,1,12,2,"Personal Loan, and Mortgage Loan",11,6,2.89,5,,1463.07,32.13058357,32 Years and 11 Months,No,28.21305815,136.0144559,LowspentSmallvaluepayments,285.0371943,Good,,,,,,,,,,,,
May,207,Schnurrk,45,19951.765,1592.647083,1,1,12,2,"Personal Loan, and Mortgage Loan",10,6,2.89,5,Good,1463.07,27.43332279,33 Years and 0 Months,No,28.21305815,190.4879144,LowspentSmallvaluepayments,230.5637358,Good,,,,,,,,,,,,
June,207,Schnurrk,45,19951.765,1592.647083,1,1,12,2,"Personal Loan, and Mortgage Loan",10,6,2.89,5,Good,1463.07,28.12468536,33 Years and 1 Months,No,28.21305815,100.3095814,HighspentSmallvaluepayments,290.7420688,Good,,,,,,,,,,,,
July,207,Schnurrk,8352,19951.765,1592.647083,1,1,12,2,"Personal Loan, and Mortgage Loan",8,9,0.89,5,Good,1463.07,37.99410838,33 Years and 2 Months,No,28.21305815,149.5931809,!@9#%8,261.4584693,Standard,,,,,,,,,,,,
August,207,Schnurrk,46,19951.765,1592.647083,1,1,12,2,"Personal Loan, and Mortgage Loan",15,6,-2.11,5,Good,1463.07,23.75588255,33 Years and 3 Months,No,28.21305815,175.843306,Low_spent_Small_value_payments,245.2083442,Good,,,,,,,,,,,,
January,208,Jonathan Spicers,36,94454.1,8102.175,1,4,5,-100,"Credit-Builder Loan, Home Equity Loan, and Home Equity Loan",4,6,1.63,4,Good,1342.61,26.063001,29 Years and 9 Months,NM,152.5068947,10000,HighspentMediumvaluepayments,719.6850633,Good,,,,,,,,,,,,
February,208,,36,94454.1,8102.175,1,4,5,3,"Credit-Builder Loan, Home Equity Loan, and Home Equity Loan",9,,1.63,4,Good,1342.61,41.41181046,29 Years and 10 Months,No,152.5068947,136.0402933,HighspentLargevaluepayments,761.670312,Good,,,,,,,,,,,,
March,208,Jonathan Spicers,36,94454.1,8102.175,1,4,5,3,"Credit-Builder Loan, Home Equity Loan, and Home Equity Loan",6,7,-3.37,4,Good,1342.61,33.26768901,29 Years and 11 Months,No,152.5068947,263.2435966,HighspentMediumvaluepayments,644.4670086,Good,,,,,,,,,,,,
April,208,Jonathan Spicers,36,94454.1,8102.175,1,4,5,3,"Credit-Builder Loan, Home Equity Loan, and Home Equity Loan",9,6,1.63,4,Good,1342.61,42.79757497,30 Years and 0 Months,No,152.5068947,10000,HighspentMediumvaluepayments,566.5588406,Good,,,,,,,,,,,,
May,208,Jonathan Spicers,36,94454.1,8102.175,1,4,5,3,"Credit-Builder Loan, Home Equity Loan, and Home Equity Loan",9,6,1.63,6,Good,1342.61,36.90780588,30 Years and 1 Months,No,152.5068947,603.642868,LowspentMediumvaluepayments,334.0677373,Good,,,,,,,,,,,,
June,208,Jonathan Spicers,36,94454.1,8102.175,1,4,5,3,"Credit-Builder Loan, Home Equity Loan, and Home Equity Loan",9,6,1.63,6,Good,1342.61,28.68073668,30 Years and 2 Months,No,152.5068947,445.9738225,!@9#%8,481.7367827,Good,,,,,,,,,,,,
July,208,Jonathan Spicers,36,94454.1,8102.175,1,4,5,3,"Credit-Builder Loan, Home Equity Loan, and Home Equity Loan",9,8,1.63,6,Good,1342.61,28.37559046,30 Years and 3 Months,No,152.5068947,10000,High_spent_Large_value_payments,738.3322035,Good,,,,,,,,,,,,
August,208,Jonathan Spicers,36,94454.1,8102.175,1,4,2866,3,"Credit-Builder Loan, Home Equity Loan, and Home Equity Loan",9,6,1.63,6,Good,1342.61,29.04609173,30 Years and 4 Months,No,152.5068947,711.0597508,Low_spent_Large_value_payments,216.6508545,Good,,,,,,,,,,,,
January,209,Nicolacia,28,27063.43,8102.175,8,3,12,4,"Credit-Builder Loan, Payday Loan, Home Equity Loan, and Credit-Builder Loan",21,,12.49,2,Standard,1205.36,34.85323049,22 Years and 1 Months,Yes,74.73897797,147.8574129,HighspentSmallvaluepayments,282.9321925,Standard,,,,,,,,,,,,
February,209,Nicolacia,28,27063.43,2455.285833,8,3,12,4,"Credit-Builder Loan, Payday Loan, Home Equity Loan, and Credit-Builder Loan",21,13,12.49,2,,1205.36,27.45039519,22 Years and 2 Months,NM,74.73897797,76.71262259,HighspentMediumvaluepayments,344.0769828,Standard,,,,,,,,,,,,
March,209,Nicolacia,28,27063.43,2455.285833,8,3,12,4,"Credit-Builder Loan, Payday Loan, Home Equity Loan, and Credit-Builder Loan",21,13,12.49,2,Standard,1205.36,22.71324459,22 Years and 3 Months,Yes,74.73897797,127.7312558,LowspentMediumvaluepayments,323.0583496,Standard,,,,,,,,,,,,
April,209,Nicolacia,28,27063.43,2455.285833,8,3,12,-100,"Credit-Builder Loan, Payday Loan, Home Equity Loan, and Credit-Builder Loan",21,10,12.49,5,,1205.36,27.51178711,22 Years and 4 Months,Yes,74.73897797,51.16805941,HighspentLargevaluepayments,359.6215459,Standard,,,,,,,,,,,,
May,209,Nicolacia,28,27063.43,2455.285833,8,3,12,4,"Credit-Builder Loan, Payday Loan, Home Equity Loan, and Credit-Builder Loan",21,12,8.49,5,Standard,1205.36,31.45604385,22 Years and 5 Months,NM,74.73897797,84.92441356,LowspentSmallvaluepayments,375.8651918,Standard,,,,,,,,,,,,
June,209,Nicolacia,28,27063.43,2455.285833,8,3,12,4,"Credit-Builder Loan, Payday Loan, Home Equity Loan, and Credit-Builder Loan",21,11,12.49,5,,1205.36,38.60876781,22 Years and 6 Months,NM,74.73897797,292.9888628,LowspentSmallvaluepayments,167.8007426,Standard,,,,,,,,,,,,
July,209,Nicolacia,28,27063.43,2455.285833,8,3,12,4,"Credit-Builder Loan, Payday Loan, Home Equity Loan, and Credit-Builder Loan",19,15,14.49,5,Standard,1205.36,35.47636012,NA,Yes,74.73897797,42.12891149,High_spent_Large_value_payments,368.6606939,Good,,,,,,,,,,,,
August,209,,28,27063.43,2455.285833,8,1292,12,4,"Credit-Builder Loan, Payday Loan, Home Equity Loan, and Credit-Builder Loan",21,13,12.49,5,Standard,1205.36,30.3032228,22 Years and 8 Months,Yes,74.73897797,63.14306626,High_spent_Large_value_payments,347.6465391,Good,,,,,,,,,,,,
January,210,Aileen Wangw,44,36980.1,3352.675,6,10,29,6,"Credit-Builder Loan, Auto Loan, Auto Loan, Credit-Builder Loan, Credit-Builder Loan, and Credit-Builder Loan",54,16,9.55,12,Standard,2403.26,34.41585735,17 Years and 1 Months,NM,174.0872209,,HighspentMediumvaluepayments,354.8918735,Poor,,,,,,,,,,,,
February,210,Aileen Wangw,44,36980.1,3352.675,6,10,29,6,"Credit-Builder Loan, Auto Loan, Auto Loan, Credit-Builder Loan, Credit-Builder Loan, and Credit-Builder Loan",54,16,9.55,12,,2403.26,31.79097768,17 Years and 2 Months,Yes,174.0872209,153.6124198,LowspentSmallvaluepayments,297.5678594,Poor,,,,,,,,,,,,
March,210,,44,36980.1,3352.675,6,10,29,6,"Credit-Builder Loan, Auto Loan, Auto Loan, Credit-Builder Loan, Credit-Builder Loan, and Credit-Builder Loan",49,14,9.55,12,Standard,2403.26,39.80353575,17 Years and 3 Months,Yes,174.0872209,117.2598814,HighspentSmallvaluepayments,303.9203977,Poor,,,,,,,,,,,,
April,210,Aileen Wangw,44,36980.1,3352.675,6,10,29,6,"Credit-Builder Loan, Auto Loan, Auto Loan, Credit-Builder Loan, Credit-Builder Loan, and Credit-Builder Loan",57,14,9.55,14,Standard,2403.26,31.9672997,17 Years and 4 Months,Yes,174.0872209,183.843608,LowspentSmallvaluepayments,267.3366712,Standard,,,,,,,,,,,,
May,210,Aileen Wangw,44,36980.1,3352.675,6,10,29,6,"Credit-Builder Loan, Auto Loan, Auto Loan, Credit-Builder Loan, Credit-Builder Loan, and Credit-Builder Loan",50,16,9.55,14,Standard,2403.26,37.37412128,NA,Yes,174.0872209,53.01923965,HighspentMediumvaluepayments,358.1610395,Poor,,,,,,,,,,,,
June,210,Aileen Wangw,44,36980.1,3352.675,6,10,29,6,"Credit-Builder Loan, Auto Loan, Auto Loan, Credit-Builder Loan, Credit-Builder Loan, and Credit-Builder Loan",54,16,9.55,14,Standard,2403.26,27.33525275,17 Years and 6 Months,Yes,174.0872209,139.6899473,LowspentLargevaluepayments,291.4903319,Poor,,,,,,,,,,,,
July,210,Aileen Wangw,44,36980.1,3352.675,6,10,29,6,"Credit-Builder Loan, Auto Loan, Auto Loan, Credit-Builder Loan, Credit-Builder Loan, and Credit-Builder Loan",54,18,9.55,14,Standard,2403.26,39.25929726,17 Years and 7 Months,Yes,174.0872209,139.9861337,High_spent_Medium_value_payments,271.1941455,Standard,,,,,,,,,,,,
August,210,Aileen Wangw,44,36980.1,3352.675,6,10,29,6,"Credit-Builder Loan, Auto Loan, Auto Loan, Credit-Builder Loan, Credit-Builder Loan, and Credit-Builder Loan",59,13,9.55,14,_,2403.26,39.98338495,17 Years and 8 Months,Yes,174.0872209,129.7667313,!@9#%8,281.4135479,Standard,,,,,,,,,,,,
January,211,Lashh,26,96582.24,7886.52,3,3,13,1,Auto Loan,9,13,19.79,0,Standard,482.88,40.76449784,25 Years and 7 Months,Yes,72.4602111,223.2239756,HighspentMediumvaluepayments,742.9678133,Standard,,,,,,,,,,,,
February,211,Lashh,26,96582.24,7886.52,3,3,13,1,Auto Loan,6,18,19.79,,Standard,482.88,39.89636597,25 Years and 8 Months,NM,72.4602111,531.8207314,HighspentSmallvaluepayments,444.3710575,Standard,,,,,,,,,,,,
March,211,Lashh,26,96582.24,7886.52,3,3,13,1,Auto Loan,5,15,19.79,0,Standard,482.88,42.92788872,25 Years and 9 Months,Yes,72.4602111,154.4242383,HighspentMediumvaluepayments,811.7675506,Standard,,,,,,,,,,,,
April,211,Lashh,26,96582.24,7886.52,3,3,13,1,Auto Loan,10,16,19.79,0,Standard,482.88,40.48985232,25 Years and 10 Months,Yes,72.4602111,129.8720558,HighspentLargevaluepayments,826.3197331,Standard,,,,,,,,,,,,
May,211,Lashh,26,96582.24,7886.52,3,3,13,1,Auto Loan,10,15,19.79,0,,482.88,30.77350287,25 Years and 11 Months,Yes,72.4602111,676.2741447,LowspentLargevaluepayments,309.9176442,Standard,,,,,,,,,,,,
June,211,Lashh,26,96582.24,7886.52,3,3,13,1,Auto Loan,15,15,12.79,0,,482.88,34.62904848,NA,NM,72.4602111,10000,LowspentSmallvaluepayments,600.5941893,Standard,,,,,,,,,,,,
July,211,Lashh,27,96582.24,7886.52,3,3,13,1,Auto Loan,10,15,19.79,0,Standard,482.88,37.0057399,NA,NM,72.4602111,442.6515672,High_spent_Small_value_payments,533.5402217,Standard,,,,,,,,,,,,
August,211,Lashh,27,96582.24,7886.52,3,3,13,1,Auto Loan,10,18,19.79,0,_,482.88,36.15390648,26 Years and 2 Months,Yes,72.4602111,115.2932201,High_spent_Large_value_payments,840.8985688,Standard,,,,,,,,,,,,
January,212,Tom Milese,39,122978.43,7886.52,0,1,9,3,"Home Equity Loan, Student Loan, and Debt Consolidation Loan",14,4,3.33,2,Good,1197.33,43.7817528,27 Years and 10 Months,No,168.0066864,127.5004039,!@9#%8,995.9131597,Good,,,,,,,,,,,,
February,212,Tom Milese,39,122978.43,10514.2025,0,1,9,3,"Home Equity Loan, Student Loan, and Debt Consolidation Loan",12,2,10.33,,Good,1197.33,39.80057766,27 Years and 11 Months,No,168.0066864,361.7049671,LowspentMediumvaluepayments,801.7085965,Good,,,,,,,,,,,,
March,212,Tom Milese,39,122978.43,10514.2025,0,1,9,3,"Home Equity Loan, Student Loan, and Debt Consolidation Loan",14,4,7.33,2,Good,1197.33,41.74926304,28 Years and 0 Months,No,168.0066864,125.7781046,HighspentLargevaluepayments,997.635459,Good,,,,,,,,,,,,
April,212,,39,122978.43,10514.2025,0,1,9,3,"Home Equity Loan, Student Loan, and Debt Consolidation Loan",14,2,6.33,2,Good,1197.33,29.82497334,28 Years and 1 Months,No,168.0066864,181.3120492,HighspentLargevaluepayments,942.1015144,Good,,,,,,,,,,,,
May,212,Tom Milese,39,122978.43,10514.2025,0,1,9,3,"Home Equity Loan, Student Loan, and Debt Consolidation Loan",17,4,7.33,3,Good,1197.33,36.89437312,28 Years and 2 Months,No,168.0066864,294.8405643,HighspentSmallvaluepayments,848.5729993,Good,,,,,,,,,,,,
June,212,Tom Milese,39,122978.43,10514.2025,0,1,9,3,"Home Equity Loan, Student Loan, and Debt Consolidation Loan",11,4,7.33,3,Good,1197.33,33.62865374,28 Years and 3 Months,No,168.0066864,945.3157293,LowspentMediumvaluepayments,218.0978343,Good,,,,,,,,,,,,
July,212,Tom Milese,40,122978.43,10514.2025,0,1,9,3,"Home Equity Loan, Student Loan, and Debt Consolidation Loan",14,4,7.33,3,Good,1197.33,35.04711677,28 Years and 4 Months,No,168.0066864,76.87560345,High_spent_Large_value_payments,1046.53796,Standard,,,,,,,,,,,,
August,212,Tom Milese,40,122978.43,10514.2025,0,1,9,3,"Home Equity Loan, Student Loan, and Debt Consolidation Loan",14,3,2.33,3,Good,1197.33,43.5902608,28 Years and 5 Months,No,168.0066864,179.0148829,High_spent_Large_value_payments,944.3986807,Good,,,,,,,,,,,,
January,213,Robinsonl,32,7821.24,468.77,8,10,29,6,"Mortgage Loan, Personal Loan, Home Equity Loan, Personal Loan, Auto Loan, and Payday Loan",62,17,19.34,7,Bad,2924.76,37.09246095,9 Years and 9 Months,Yes,19.72792349,52.61604233,!@9#%8,264.5330342,Standard,,,,,,,,,,,,
February,213,Robinsonl,32,7821.24,468.77,1620,10,29,6,"Mortgage Loan, Personal Loan, Home Equity Loan, Personal Loan, Auto Loan, and Payday Loan",62,18,19.34,7,Bad,2924.76,33.86953944,9 Years and 10 Months,Yes,19.72792349,14.34630106,LowspentMediumvaluepayments,292.8027755,Standard,,,,,,,,,,,,
March,213,Robinsonl,32,7821.24,468.77,8,10,29,6,"Mortgage Loan, Personal Loan, Home Equity Loan, Personal Loan, Auto Loan, and Payday Loan",64,19,19.34,7,,2924.76,36.83861535,9 Years and 11 Months,Yes,19.72792349,0,HighspentLargevaluepayments,257.5079135,Standard,,,,,,,,,,,,
April,213,Robinsonl,32,7821.24,468.77,8,10,29,6,"Mortgage Loan, Personal Loan, Home Equity Loan, Personal Loan, Auto Loan, and Payday Loan",62,17,19.34,7,Bad,2924.76,29.86022508,10 Years and 0 Months,Yes,19.72792349,41.18558946,LowspentMediumvaluepayments,265.9634871,Standard,,,,,,,,,,,,
May,213,Robinsonl,32,7821.24,468.77,8,10,29,6,"Mortgage Loan, Personal Loan, Home Equity Loan, Personal Loan, Auto Loan, and Payday Loan",62,17,19.34,7,Bad,2924.76,28.42147116,10 Years and 1 Months,Yes,19.72792349,15.67426787,!@9#%8,261.4748086,Standard,,,,,,,,,,,,
June,213,Robinsonl,32,7821.24,468.77,8,10,29,6,"Mortgage Loan, Personal Loan, Home Equity Loan, Personal Loan, Auto Loan, and Payday Loan",62,17,19.34,7,Bad,2924.76,34.20302638,10 Years and 2 Months,Yes,19.72792349,39.93770264,LowspentMediumvaluepayments,267.2113739,Standard,,,,,,,,,,,,
July,213,,32,7821.24,468.77,8,1112,29,6,"Mortgage Loan, Personal Loan, Home Equity Loan, Personal Loan, Auto Loan, and Payday Loan",62,17,19.34,7,Bad,2924.76,33.57521398,10 Years and 3 Months,Yes,19.72792349,20.26932405,Low_spent_Medium_value_payments,286.8797525,Poor,,,,,,,,,,,,
August,213,Robinsonl,32,7821.24,468.77,8,10,29,6,"Mortgage Loan, Personal Loan, Home Equity Loan, Personal Loan, Auto Loan, and Payday Loan",62,14,19.34,7,Bad,2924.76,30.10658137,10 Years and 4 Months,Yes,19.72792349,49.5640952,Low_spent_Small_value_payments,267.5849813,Poor,,,,,,,,,,,,
January,214,Chris Vellacotte,22,30972.54,2431.045,7,9,16,2,"Home Equity Loan, and Mortgage Loan",59,16,18.91,10,,2203.46,26.56320546,13 Years and 9 Months,Yes,35.63379962,286.5592868,LowspentSmallvaluepayments,210.9114136,Standard,,,,,,,,,,,,
February,214,Chris Vellacotte,22,30972.54,2431.045,7,9,16,2,"Home Equity Loan, and Mortgage Loan",59,15,18.91,10,Standard,2203.46,31.68184075,13 Years and 10 Months,Yes,35.63379962,178.8220791,LowspentLargevaluepayments,298.6486213,Poor,,,,,,,,,,,,
March,214,Chris Vellacotte,23,21246612,2431.045,7,9,16,2,"Home Equity Loan, and Mortgage Loan",59,15,18.91,10,Standard,2203.46,24.18011984,13 Years and 11 Months,Yes,35.63379962,221.1014443,LowspentSmallvaluepayments,276.369256,Poor,,,,,,,,,,,,
April,214,Chris Vellacotte,23,30972.54,2431.045,7,9,16,2,"Home Equity Loan, and Mortgage Loan",59,13,14.91,10,Standard,2203.46,31.56061012,14 Years and 0 Months,Yes,35.63379962,227.054148,LowspentLargevaluepayments,250.4165524,Poor,,,,,,,,,,,,
May,214,Chris Vellacotte,23,30972.54,2431.045,7,496,16,2,"Home Equity Loan, and Mortgage Loan",59,16,18.91,10,Standard,2203.46,32.66670324,14 Years and 1 Months,NM,35.63379962,41.47008709,HighspentLargevaluepayments,406.0006133,Standard,,,,,,,,,,,,
June,214,Chris Vellacotte,23,30972.54,2431.045,7,9,16,2,"Home Equity Loan, and Mortgage Loan",59,16,18.91,10,Standard,2203.46,27.47844745,14 Years and 2 Months,Yes,35.63379962,85.64882399,LowspentLargevaluepayments,391.8218764,Poor,,,,,,,,,,,,
July,214,Chris Vellacotte,23,30972.54,2431.045,7,9,16,2,"Home Equity Loan, and Mortgage Loan",59,15,18.91,10,Standard,2203.46,36.31318825,14 Years and 3 Months,Yes,35.63379962,42.37149862,High_spent_Large_value_payments,405.0992018,Poor,,,,,,,,,,,,
August,214,Chris Vellacotte,23,30972.54,2431.045,7,9,16,2,"Home Equity Loan, and Mortgage Loan",59,15,18.91,10,_,2203.46,34.15679947,14 Years and 4 Months,Yes,35.63379962,149.8917997,High_spent_Small_value_payments,317.5789007,Poor,,,,,,,,,,,,
January,215,Steven C.g,28,7709.625,2431.045,7,9,31,6,"Personal Loan, Personal Loan, Mortgage Loan, Credit-Builder Loan, Debt Consolidation Loan, and Not Specified",28,18,12.01,12,Bad,2518.98,33.80187889,8 Years and 2 Months,Yes,24.40931155,10000,LowspentSmallvaluepayments,288.9230163,Poor,,,,,,,,,,,,
February,215,Steven C.g,28,7709.625,625.46875,7,9,31,6,"Personal Loan, Personal Loan, Mortgage Loan, Credit-Builder Loan, Debt Consolidation Loan, and Not Specified",30,18,19.01,12,Bad,2518.98,26.64487356,8 Years and 3 Months,Yes,24.40931155,75.96347227,LowspentSmallvaluepayments,252.1740912,Poor,,,,,,,,,,,,
March,215,Steven C.g,28,7709.625,625.46875,7,9,31,6,"Personal Loan, Personal Loan, Mortgage Loan, Credit-Builder Loan, Debt Consolidation Loan, and Not Specified",29,18,12.01,12,,2518.98,38.0538883,8 Years and 4 Months,Yes,24.40931155,73.28892204,LowspentSmallvaluepayments,254.8486414,Poor,,,,,,,,,,,,
April,215,Steven C.g,28,7709.625,625.46875,7,9,31,-100,"Personal Loan, Personal Loan, Mortgage Loan, Credit-Builder Loan, Debt Consolidation Loan, and Not Specified",28,18,12.01,14,,2518.98,39.11021173,8 Years and 5 Months,Yes,24.40931155,42.14499119,!@9#%8,265.9925723,Poor,,,,,,,,,,,,
May,215,,28,7709.625,625.46875,7,9,31,6,"Personal Loan, Personal Loan, Mortgage Loan, Credit-Builder Loan, Debt Consolidation Loan, and Not Specified",28,18,16.01,14,Bad,2518.98,21.87754393,8 Years and 6 Months,NM,24.40931155,36.52624344,LowspentMediumvaluepayments,281.61132,Poor,,,,,,,,,,,,
June,215,Steven C.g,29,7709.625,625.46875,7,9,31,6,"Personal Loan, Personal Loan, Mortgage Loan, Credit-Builder Loan, Debt Consolidation Loan, and Not Specified",25,21,12.01,14,,2518.98,35.0967434,8 Years and 7 Months,Yes,24.40931155,10000,LowspentMediumvaluepayments,298.5712708,Poor,,,,,,,,,,,,
July,215,Steven C.g,29,7709.625,625.46875,7,9,31,6,"Personal Loan, Personal Loan, Mortgage Loan, Credit-Builder Loan, Debt Consolidation Loan, and Not Specified",28,18,12.01,14,Bad,2518.98,26.62122058,8 Years and 8 Months,Yes,24.40931155,17.67754728,Low_spent_Medium_value_payments,300.4600162,Poor,,,,,,,,,,,,
August,215,Steven C.g,29,7709.625,625.46875,7,9,31,6,"Personal Loan, Personal Loan, Mortgage Loan, Credit-Builder Loan, Debt Consolidation Loan, and Not Specified",28,18,12.01,14,_,2518.98,37.19924265,8 Years and 9 Months,Yes,55488,0,High_spent_Large_value_payments,272.6830922,Poor,,,,,,,,,,,,
January,216,Laura Noonanp,53,34547.54,2994.961667,6,6,5,1,Personal Loan,21,13,3.59,1,,939.31,29.28591964,22 Years and 2 Months,No,27.76471097,129.1514853,LowspentLargevaluepayments,412.5799704,Good,,,,,,,,,,,,
February,216,Laura Noonanp,53,34547.54,2994.961667,6,6,5,-100,Personal Loan,19,13,3.59,1,Good,939.31,38.09541823,22 Years and 3 Months,No,27.76471097,90.33870389,HighspentSmallvaluepayments,441.3927518,Good,,,,,,,,,,,,
March,216,Laura Noonanp,53,34547.54,2994.961667,6,6,5,1,Personal Loan,19,11,3.59,1,Good,939.31,38.53973896,22 Years and 4 Months,No,27.76471097,157.2165426,HighspentSmallvaluepayments,374.5149131,Standard,,,,,,,,,,,,
April,216,Laura Noonanp,54,34547.54,2994.961667,6,6,5,1,Personal Loan,19,13,3.59,1,Good,939.31,29.29975273,NA,No,27.76471097,99.15460652,HighspentMediumvaluepayments,422.5768492,Good,,,,,,,,,,,,
May,216,Laura Noonanp,54,34547.54,2994.961667,6,6,5,1,Personal Loan,19,10,1.59,1,Good,939.31,27.16873401,22 Years and 6 Months,No,27.76471097,10000,HighspentMediumvaluepayments,444.9806154,Good,,,,,,,,,,,,
June,216,Laura Noonanp,54,34547.54,2994.961667,6,6,5,1,Personal Loan,19,10,3.59,1,,939.31,28.66266628,22 Years and 7 Months,No,27.76471097,68.56765869,HighspentMediumvaluepayments,453.163797,Good,,,,,,,,,,,,
July,216,Laura Noonanp,54,34547.54,2994.961667,6,6,5,1,Personal Loan,19,13,3.59,6,Good,939.31,39.19562301,22 Years and 8 Months,No,27.76471097,72.21477839,High_spent_Large_value_payments,439.5166773,Standard,,,,,,,,,,,,
August,216,Laura Noonanp,54,34547.54,2994.961667,6,6,5,1,Personal Loan,20,,3.59,6,Good,939.31,25.48717376,22 Years and 9 Months,No,27.76471097,68.2725422,High_spent_Large_value_payments,443.4589135,Standard,,,,,,,,,,,,
January,217,Yokog,30,173196.32,14258.02667,4,7,9,1,Home Equity Loan,9,5,6.06,4,Good,967.23,37.22879528,28 Years and 5 Months,No,107.8108996,366.6186098,HighspentLargevaluepayments,1191.373157,Good,,,,,,,,,,,,
February,217,Yokog,30,173196.32,14258.02667,4,7,9,1,Home Equity Loan,12,5,6.06,4,Good,967.23,34.10931686,28 Years and 6 Months,No,107.8108996,459.575633,HighspentMediumvaluepayments,1108.416134,Good,,,,,,,,,,,,
March,217,Yokog,30,173196.32,14258.02667,4,7,9,1,Home Equity Loan,7,5,6.06,4,Good,967.23,40.80904283,28 Years and 7 Months,No,107.8108996,283.6913533,HighspentMediumvaluepayments,1284.300414,Good,,,,,,,,,,,,
April,217,Yokog,30,173196.32,14258.02667,4,7,9,1,Home Equity Loan,8,5,6.06,4,Good,967.23,38.55600111,28 Years and 8 Months,No,107.8108996,138.6737202,HighspentLargevaluepayments,1419.318047,Good,,,,,,,,,,,,
May,217,Yokog,30,173196.32,14258.02667,4,7,9,1,Home Equity Loan,7,5,6.06,4,Good,967.23,32.88428997,28 Years and 9 Months,No,107.8108996,368.0826932,HighspentSmallvaluepayments,1209.909074,Good,,,,,,,,,,,,
June,217,,30,173196.32,14258.02667,4,7,9,1,Home Equity Loan,6,8,6.06,4,Good,967.23,31.04374696,28 Years and 10 Months,No,107.8108996,1607.303468,LowspentSmallvaluepayments,0.688298779,Good,,,,,,,,,,,,
July,217,Yokog,30,173196.32,14258.02667,4,7,9,1,Home Equity Loan,7,5,6.06,4,Good,967.23,32.95695675,28 Years and 11 Months,No,107.8108996,548.2672981,High_spent_Small_value_payments,1029.724469,Good,,,,,,,,,,,,
August,217,Yokog,30,173196.32,14258.02667,4,7,9,1,Home Equity Loan,7,5,6.06,4,_,967.23,36.9904431,29 Years and 0 Months,No,107.8108996,1563.512893,Low_spent_Small_value_payments,44.4788737,Good,,,,,,,,,,,,
January,218,Carrick Mollenkampu,19,20354.85,1403.2375,8,6,30,7,"Payday Loan, Payday Loan, Not Specified, Credit-Builder Loan, Student Loan, Payday Loan, and Personal Loan",36,24,23.66,10,Bad,4288.63,26.88303442,2 Years and 2 Months,Yes,80.21854913,169.6902262,LowspentSmallvaluepayments,180.4149747,Standard,,,,,,,,,,,,
February,218,Carrick Mollenkampu,19,14089102,1403.2375,8,6,30,7,"Payday Loan, Payday Loan, Not Specified, Credit-Builder Loan, Student Loan, Payday Loan, and Personal Loan",36,24,28.66,10,Bad,4288.63,41.2693593,2 Years and 3 Months,NM,80.21854913,61.89568273,LowspentMediumvaluepayments,278.2095181,Standard,,,,,,,,,,,,
March,218,Carrick Mollenkampu,19,20354.85,1403.2375,8,6,30,7,"Payday Loan, Payday Loan, Not Specified, Credit-Builder Loan, Student Loan, Payday Loan, and Personal Loan",36,24,23.66,10,Bad,4288.63,26.16781713,2 Years and 4 Months,Yes,80.21854913,122.8654468,LowspentLargevaluepayments,207.2397541,Standard,,,,,,,,,,,,
April,218,Carrick Mollenkampu,19,20354.85,1403.2375,8,6,30,7,"Payday Loan, Payday Loan, Not Specified, Credit-Builder Loan, Student Loan, Payday Loan, and Personal Loan",36,24,23.66,10,Bad,4288.63,32.2548644,2 Years and 5 Months,NM,80.21854913,76.44862335,LowspentSmallvaluepayments,273.6565775,Standard,,,,,,,,,,,,
May,218,Carrick Mollenkampu,19,20354.85,1403.2375,8,6,30,7,"Payday Loan, Payday Loan, Not Specified, Credit-Builder Loan, Student Loan, Payday Loan, and Personal Loan",36,21,23.66,10,Bad,4288.63,37.78075211,2 Years and 6 Months,Yes,80.21854913,66.27787531,LowspentLargevaluepayments,263.8273256,Standard,,,,,,,,,,,,
June,218,Carrick Mollenkampu,19,20354.85,1403.2375,8,6,30,7,"Payday Loan, Payday Loan, Not Specified, Credit-Builder Loan, Student Loan, Payday Loan, and Personal Loan",36,23,23.66,10,Bad,4288.63,25.28365041,2 Years and 7 Months,NM,80.21854913,,HighspentSmallvaluepayments,257.3644565,Standard,,,,,,,,,,,,
July,218,,19,20354.85,1403.2375,8,6,30,7,"Payday Loan, Payday Loan, Not Specified, Credit-Builder Loan, Student Loan, Payday Loan, and Personal Loan",36,24,23.66,10,Bad,4288.63,22.98466734,2 Years and 8 Months,Yes,80.21854913,48.81642836,Low_spent_Medium_value_payments,291.2887725,Standard,,,,,,,,,,,,
August,218,Carrick Mollenkampu,19,20354.85,1403.2375,8,6,30,7,"Payday Loan, Payday Loan, Not Specified, Credit-Builder Loan, Student Loan, Payday Loan, and Personal Loan",33,24,23.66,10,Bad,4288.63,38.02779862,2 Years and 9 Months,Yes,80.21854913,131.2683277,Low_spent_Small_value_payments,218.8368731,Standard,,,,,,,,,,,,
January,219,,40,46113.81,1403.2375,7,5,24,2,"Debt Consolidation Loan, and Debt Consolidation Loan",15,9,11.77,6,,2530.66,38.68011674,15 Years and 4 Months,NM,55.77594705,250.4238223,LowspentSmallvaluepayments,379.1819806,Poor,,,,,,,,,,,,
February,219,,40,46113.81,3953.8175,7,5,24,2,"Debt Consolidation Loan, and Debt Consolidation Loan",19,8,12.77,6,Standard,2530.66,30.30262938,15 Years and 5 Months,NM,55.77594705,51.34392135,HighspentLargevaluepayments,528.2618816,Poor,,,,,,,,,,,,
March,219,Deepa Seetharamanc,40,46113.81,3953.8175,7,5,24,2,"Debt Consolidation Loan, and Debt Consolidation Loan",19,707,11.77,6,Standard,2530.66,23.31608816,15 Years and 6 Months,Yes,55.77594705,219.6927141,HighspentSmallvaluepayments,379.9130888,Poor,,,,,,,,,,,,
April,219,Deepa Seetharamanc,40,46113.81,3953.8175,7,5,24,2,"Debt Consolidation Loan, and Debt Consolidation Loan",19,9,11.77,6,Standard,2530.66,33.82256664,15 Years and 7 Months,Yes,55.77594705,77.59307884,HighspentLargevaluepayments,502.0127241,Poor,,,,,,,,,,,,
May,219,Deepa Seetharamanc,40,46113.81,3953.8175,37,5,24,2,"Debt Consolidation Loan, and Debt Consolidation Loan",23,,11.77,6,Standard,2530.66,29.24238481,15 Years and 8 Months,NM,55.77594705,108.3783251,LowspentMediumvaluepayments,511.2274778,Poor,,,,,,,,,,,,
June,219,Deepa Seetharamanc,40,46113.81,3953.8175,7,5,24,2,"Debt Consolidation Loan, and Debt Consolidation Loan",24,9,11.77,6,Standard,2530.66,33.22526569,15 Years and 9 Months,NM,55.77594705,226.9690419,LowspentMediumvaluepayments,392.6367611,Poor,,,,,,,,,,,,
July,219,Deepa Seetharamanc,40,46113.81,,7,5,24,2,"Debt Consolidation Loan, and Debt Consolidation Loan",19,12,11.77,9,Standard,2530.66,36.68582163,15 Years and 10 Months,Yes,55.77594705,107.8171473,High_spent_Medium_value_payments,481.7886556,Standard,,,,,,,,,,,,
August,219,Deepa Seetharamanc,40,46113.81,3953.8175,7,5,24,2,"Debt Consolidation Loan, and Debt Consolidation Loan",19,,11.77,9,Standard,2530.66,24.34803301,NA,Yes,55.77594705,287.1709637,Low_spent_Medium_value_payments,332.4348392,Poor,,,,,,,,,,,,
January,220,Vidalonw,14,8882.47,555.2058333,9,7,19,7,"Personal Loan, Credit-Builder Loan, Not Specified, Payday Loan, Credit-Builder Loan, Debt Consolidation Loan, and Auto Loan",44,15,15.62,7,Bad,1580.91,31.19700553,19 Years and 2 Months,Yes,27.52869913,70.77410098,LowspentSmallvaluepayments,247.2177832,Poor,,,,,,,,,,,,
February,220,Vidalonw,14,8882.47,555.2058333,9,7,19,7,"Personal Loan, Credit-Builder Loan, Not Specified, Payday Loan, Credit-Builder Loan, Debt Consolidation Loan, and Auto Loan",40,15,15.62,7,,1580.91,34.01248544,19 Years and 3 Months,Yes,27.52869913,24.83127782,LowspentSmallvaluepayments,293.1606064,Poor,,,,,,,,,,,,
March,220,,14,8882.47,555.2058333,9,7,19,7,"Personal Loan, Credit-Builder Loan, Not Specified, Payday Loan, Credit-Builder Loan, Debt Consolidation Loan, and Auto Loan",40,16,15.62,7,Bad,1580.91,35.18796764,19 Years and 4 Months,Yes,27.52869913,10000,HighspentSmallvaluepayments,271.6937589,Poor,,,,,,,,,,,,
April,220,,14,8882.47,555.2058333,9,7,19,7,"Personal Loan, Credit-Builder Loan, Not Specified, Payday Loan, Credit-Builder Loan, Debt Consolidation Loan, and Auto Loan",39,15,15.62,1952,Bad,1580.91,38.88867991,19 Years and 5 Months,Yes,27.52869913,51.53144919,LowspentSmallvaluepayments,266.460435,Poor,,,,,,,,,,,,
May,220,Vidalonw,15,8882.47,555.2058333,9,7,19,7,"Personal Loan, Credit-Builder Loan, Not Specified, Payday Loan, Credit-Builder Loan, Debt Consolidation Loan, and Auto Loan",40,13,15.62,7,Bad,1580.91,32.40223901,19 Years and 6 Months,NM,27.52869913,12.65352944,HighspentSmallvaluepayments,275.3383548,Standard,,,,,,,,,,,,
June,220,Vidalonw,15,8882.47,555.2058333,9,7,19,7,"Personal Loan, Credit-Builder Loan, Not Specified, Payday Loan, Credit-Builder Loan, Debt Consolidation Loan, and Auto Loan",40,15,8.62,7,Bad,1580.91,38.97562897,NA,Yes,27.52869913,60.30053042,LowspentSmallvaluepayments,257.6913538,Standard,,,,,,,,,,,,
July,220,Vidalonw,15,8882.47,,9,7,19,-100,"Personal Loan, Credit-Builder Loan, Not Specified, Payday Loan, Credit-Builder Loan, Debt Consolidation Loan, and Auto Loan",40,15,_,7,Bad,1580.91,32.92551154,19 Years and 8 Months,Yes,27.52869913,45.12155467,Low_spent_Medium_value_payments,262.8703295,Poor,,,,,,,,,,,,
August,220,,15,8882.47,555.2058333,9,7,19,7,"Personal Loan, Credit-Builder Loan, Not Specified, Payday Loan, Credit-Builder Loan, Debt Consolidation Loan, and Auto Loan",40,18,15.62,7,Bad,1580.91,25.60319981,19 Years and 9 Months,NM,27.52869913,19.85194671,Low_spent_Small_value_payments,298.1399375,Standard,,,,,,,,,,,,
January,221,env,26,34128.92,2740.076667,6,8,31,6,"Student Loan, Personal Loan, Home Equity Loan, Not Specified, Home Equity Loan, and Credit-Builder Loan",18,25,3.99,9,,2626.28,36.32902367,5 Years and 5 Months,Yes,118.0668546,273.1118168,LowspentSmallvaluepayments,172.8289952,Poor,,,,,,,,,,,,
February,221,env,26,34128.92,2740.076667,6,8,31,6,"Student Loan, Personal Loan, Home Equity Loan, Not Specified, Home Equity Loan, and Credit-Builder Loan",22,22,3.99,13,Bad,2626.28,35.20005148,5 Years and 6 Months,Yes,118.0668546,369.7552154,LowspentSmallvaluepayments,76.18559661,Poor,,,,,,,,,,,,
March,221,env,26,34128.92,2740.076667,6,8,31,6,"Student Loan, Personal Loan, Home Equity Loan, Not Specified, Home Equity Loan, and Credit-Builder Loan",18,22,3.99,13,Bad,2626.28,27.28774591,5 Years and 7 Months,Yes,118.0668546,128.8601235,HighspentSmallvaluepayments,287.0806885,Poor,,,,,,,,,,,,
April,221,env,26,34128.92,2740.076667,6,8,31,6,"Student Loan, Personal Loan, Home Equity Loan, Not Specified, Home Equity Loan, and Credit-Builder Loan",16,22,3.99,13,,2626.28,29.722301,NA,Yes,118.0668546,75.57919345,HighspentMediumvaluepayments,330.3616186,Standard,,,,,,,,,,,,
May,221,env,26,34128.92,2740.076667,6,8,31,6,"Student Loan, Personal Loan, Home Equity Loan, Not Specified, Home Equity Loan, and Credit-Builder Loan",18,22,3.99,13,Bad,2626.28,30.03588814,5 Years and 9 Months,NM,118.0668546,21.33816667,HighspentLargevaluepayments,374.6026454,Poor,,,,,,,,,,,,
June,221,env,26,34128.92,2740.076667,6,8,31,6,"Student Loan, Personal Loan, Home Equity Loan, Not Specified, Home Equity Loan, and Credit-Builder Loan",23,20,3.99,13,Bad,2626.28,30.78794985,5 Years and 10 Months,Yes,118.0668546,129.961118,HighspentSmallvaluepayments,285.979694,Poor,,,,,,,,,,,,
July,221,env,26,34128.92,2740.076667,6,8,31,6,"Student Loan, Personal Loan, Home Equity Loan, Not Specified, Home Equity Loan, and Credit-Builder Loan",18,22,3.99,13,Bad,2626.28,28.07593343,5 Years and 11 Months,NM,118.0668546,54.71738079,High_spent_Small_value_payments,361.2234312,Poor,,,,,,,,,,,,
August,221,env,26,34128.92,2740.076667,6,8,31,6,"Student Loan, Personal Loan, Home Equity Loan, Not Specified, Home Equity Loan, and Credit-Builder Loan",18,19,3.99,13,Bad,2626.28,35.29668548,6 Years and 0 Months,Yes,118.0668546,170.7752011,High_spent_Small_value_payments,245.1656109,Poor,,,,,,,,,,,,
January,222,Chann,43,29042.45,2252.204167,3,5,5,1,Student Loan,5,16,9.72,3,Standard,1092.55,38.83326749,23 Years and 8 Months,Yes,16.75670654,52.83439159,HighspentLargevaluepayments,395.6293185,Standard,,,,,,,,,,,,
February,222,Chann,43,29042.45,2252.204167,3,5,5,1,Student Loan,5,13,9.72,4,Standard,1092.55,25.28985736,NA,Yes,16.75670654,285.4488206,LowspentSmallvaluepayments,213.0148896,Standard,,,,,,,,,,,,
March,222,Chann,43,29042.45,2252.204167,3,5,5,1,Student Loan,5,16,9.72,4,Standard,1092.55,29.385147,23 Years and 10 Months,Yes,16.75670654,133.4239195,LowspentSmallvaluepayments,365.0397906,Standard,,,,,,,,,,,,
April,222,Chann,43,29042.45,2252.204167,3,5,5,1,Student Loan,2,18,9.72,4,Standard,1092.55,32.62274452,23 Years and 11 Months,NM,48173,271.2895926,LowspentSmallvaluepayments,227.1741175,Standard,,,,,,,,,,,,
May,222,,43,29042.45,2252.204167,3,5,5,1,Student Loan,5,19,9.72,4,Standard,1092.55,28.1024505,24 Years and 0 Months,Yes,16.75670654,205.5976543,LowspentLargevaluepayments,272.8660558,Standard,,,,,,,,,,,,
June,222,Chann,43,29042.45,2252.204167,3,5,5,1,Student Loan,5,16,9.72,4,Standard,1092.55,30.15377576,NA,Yes,16.75670654,185.4565715,LowspentSmallvaluepayments,313.0071387,Standard,,,,,,,,,,,,
July,222,,43,29042.45,,3,5,5,1,Student Loan,5,16,9.72,4,Standard,1092.55,31.92341115,24 Years and 2 Months,Yes,16.75670654,144.3186327,Low_spent_Large_value_payments,334.1450774,Standard,,,,,,,,,,,,
August,222,Chann,43,29042.45,,3,5,5,1,Student Loan,5,,9.72,4,Standard,1092.55,35.85630139,24 Years and 3 Months,Yes,16.75670654,207.364515,Low_spent_Small_value_payments,291.0991951,Standard,,,,,,,,,,,,
January,223,"""Eileene",32,26716.09,2372.340833,4,5,6,3,"Not Specified, Credit-Builder Loan, and Personal Loan",33,708,4.1,0,Standard,643.89,31.04380471,NA,NM,55.13993286,305.9489183,LowspentSmallvaluepayments,166.1452322,Standard,,,,,,,,,,,,
February,223,"""Eileene",32,26716.09,2372.340833,4,5,6,3,"Not Specified, Credit-Builder Loan, and Personal Loan",30,17,4.1,1,Standard,643.89,34.06736752,15 Years and 8 Months,No,55.13993286,75.5072653,LowspentMediumvaluepayments,386.5868852,Standard,,,,,,,,,,,,
March,223,"""Eileene",33,26716.09,2372.340833,4,803,6,3,"Not Specified, Credit-Builder Loan, and Personal Loan",34,15,4.1,1,Standard,643.89,38.01262323,15 Years and 9 Months,No,55.13993286,120.5765523,LowspentSmallvaluepayments,351.5175982,Standard,,,,,,,,,,,,
April,223,,33,26716.09,2372.340833,4,5,6,3,"Not Specified, Credit-Builder Loan, and Personal Loan",30,17,4.1,1,Standard,643.89,34.97426951,15 Years and 10 Months,No,55.13993286,90.82554382,HighspentSmallvaluepayments,351.2686067,Good,,,,,,,,,,,,
May,223,"""Eileene",33,26716.09,2372.340833,4,5,6,3,"Not Specified, Credit-Builder Loan, and Personal Loan",30,14,6.1,1,Standard,643.89,25.82185515,15 Years and 11 Months,NM,55.13993286,55.20220983,HighspentSmallvaluepayments,386.8919406,Standard,,,,,,,,,,,,
June,223,"""Eileene",33,26716.09,2372.340833,4,5,6,3,"Not Specified, Credit-Builder Loan, and Personal Loan",32,16,4.1,1,,643.89,37.83086639,16 Years and 0 Months,No,55.13993286,48.80847457,HighspentSmallvaluepayments,393.2856759,Good,,,,,,,,,,,,
July,223,"""Eileene",33,26716.09,,4,5,6,3,"Not Specified, Credit-Builder Loan, and Personal Loan",27,16,4.1,1,Standard,643.89,28.59399193,16 Years and 1 Months,No,55.13993286,52.12264062,High_spent_Medium_value_payments,379.9715099,Good,,,,,,,,,,,,
August,223,,33,26716.09,2372.340833,4,5,6,3,"Not Specified, Credit-Builder Loan, and Personal Loan",30,17,3.1,1,_,643.89,28.12988308,16 Years and 2 Months,No,55.13993286,140.952739,!@9#%8,331.1414115,Standard,,,,,,,,,,,,
January,224,,14,74733.44,5933.786667,9,6,19,5,"Payday Loan, Mortgage Loan, Payday Loan, Student Loan, and Not Specified",17,20,28.48,9,Bad,4685.34,38.95828946,2 Years and 8 Months,NM,195.5397719,254.722734,LowspentSmallvaluepayments,433.1161608,Poor,,,,,,,,,,,,
February,224,Prakashy,14,74733.44,5933.786667,9,6,19,5,"Payday Loan, Mortgage Loan, Payday Loan, Student Loan, and Not Specified",17,20,22.48,9,Bad,4685.34,34.23841964,2 Years and 9 Months,NM,195.5397719,118.7467631,HighspentMediumvaluepayments,529.0921317,Poor,,,,,,,,,,,,
March,224,,14,74733.44,5933.786667,9,6,19,5,"Payday Loan, Mortgage Loan, Payday Loan, Student Loan, and Not Specified",17,20,22.48,12,,4685.34,37.24163751,2 Years and 10 Months,Yes,195.5397719,329.2058043,LowspentLargevaluepayments,338.6330904,Poor,,,,,,,,,,,,
April,224,Prakashy,14,74733.44,5933.786667,9,6,19,5,"Payday Loan, Mortgage Loan, Payday Loan, Student Loan, and Not Specified",17,18,22.48,12,Bad,4685.34,26.095717,2 Years and 11 Months,Yes,195.5397719,222.6676507,HighspentMediumvaluepayments,425.1712441,Standard,,,,,,,,,,,,
May,224,Prakashy,14,74733.44,5933.786667,9,6,19,5,"Payday Loan, Mortgage Loan, Payday Loan, Student Loan, and Not Specified",17,,22.48,12,Bad,4685.34,39.57432108,3 Years and 0 Months,Yes,195.5397719,10000,LowspentMediumvaluepayments,393.6706073,Standard,,,,,,,,,,,,
June,224,Prakashy,14,74733.44,5933.786667,9,6,19,5,"Payday Loan, Mortgage Loan, Payday Loan, Student Loan, and Not Specified",14,20,22.48,12,Bad,4685.34,30.21536385,3 Years and 1 Months,Yes,900.1733535,301.521998,LowspentSmallvaluepayments,386.3168967,Standard,,,,,,,,,,,,
July,224,Prakashy,14,74733.44,5229.153085,9,6,19,5,"Payday Loan, Mortgage Loan, Payday Loan, Student Loan, and Not Specified",17,20,22.48,12,Bad,4685.34,37.7777217,3 Years and 2 Months,Yes,900.1733535,218.9812013,High_spent_Small_value_payments,438.8576935,Good,,,,,,,,,,,,
August,224,Prakashy,14,74733.44,5229.153085,9,6,19,5,"Payday Loan, Mortgage Loan, Payday Loan, Student Loan, and Not Specified",17,20,22.48,12,Bad,4685.34,36.1559144,3 Years and 3 Months,Yes,900.1733535,165.7905131,High_spent_Medium_value_payments,482.0483817,Good,,,,,,,,,,,,
January,225,Katev,44,8681.77,647.4808333,6,9,23,7,"Student Loan, Personal Loan, Not Specified, Not Specified, Debt Consolidation Loan, Debt Consolidation Loan, and Auto Loan",47,24,24.6,12,Bad,2216.25,38.82494754,14 Years and 4 Months,Yes,28.44218887,19.40893719,LowspentMediumvaluepayments,296.8969573,Poor,,,,,,,,,,,,
February,225,Katev,44,8681.77,647.4808333,6,9,23,7,"Student Loan, Personal Loan, Not Specified, Not Specified, Debt Consolidation Loan, Debt Consolidation Loan, and Auto Loan",47,24,19.6,12,Bad,2216.25,34.82948247,14 Years and 5 Months,Yes,28.44218887,74.03237012,!@9#%8,252.2735243,Standard,,,,,,,,,,,,
March,225,Katev,44,8681.77,647.4808333,6,9,23,7,"Student Loan, Personal Loan, Not Specified, Not Specified, Debt Consolidation Loan, Debt Consolidation Loan, and Auto Loan",47,24,25.6,12,,2216.25,37.14897502,NA,Yes,28.44218887,29.29636405,LowspentSmallvaluepayments,297.0095304,Poor,,,,,,,,,,,,
April,225,,44,8681.77,647.4808333,6,9,23,7,"Student Loan, Personal Loan, Not Specified, Not Specified, Debt Consolidation Loan, Debt Consolidation Loan, and Auto Loan",47,26,19.6,17,Bad,2216.25,32.84784586,14 Years and 7 Months,Yes,28.44218887,19.78674346,HighspentMediumvaluepayments,266.519151,Standard,,,,,,,,,,,,
May,225,,44,8681.77,647.4808333,6,9,23,7,"Student Loan, Personal Loan, Not Specified, Not Specified, Debt Consolidation Loan, Debt Consolidation Loan, and Auto Loan",44,21,19.6,17,Bad,2216.25,25.11907225,14 Years and 8 Months,Yes,28.44218887,29.82338857,LowspentLargevaluepayments,276.4825059,Standard,,,,,,,,,,,,
June,225,Katev,44,8681.77,647.4808333,6,9,23,7,"Student Loan, Personal Loan, Not Specified, Not Specified, Debt Consolidation Loan, Debt Consolidation Loan, and Auto Loan",47,24,12.6,17,,2216.25,30.13739362,14 Years and 9 Months,Yes,28.44218887,58.54435129,LowspentMediumvaluepayments,257.7615432,Standard,,,,,,,,,,,,
July,225,Katev,44,8681.77,647.4808333,6,9,23,7,"Student Loan, Personal Loan, Not Specified, Not Specified, Debt Consolidation Loan, Debt Consolidation Loan, and Auto Loan",47,22,19.6,17,_,2216.25,33.50596916,14 Years and 10 Months,Yes,28.44218887,25.30070316,Low_spent_Medium_value_payments,291.0051913,Standard,,,,,,,,,,,,
August,225,Katev,44,8681.77,647.4808333,6,9,23,7,"Student Loan, Personal Loan, Not Specified, Not Specified, Debt Consolidation Loan, Debt Consolidation Loan, and Auto Loan",47,21,19.6,17,Bad,2216.25,36.73937584,14 Years and 11 Months,Yes,28.44218887,57.74113163,Low_spent_Medium_value_payments,258.5647628,Standard,,,,,,,,,,,,
January,226,Henryg,37,10034.55,647.4808333,4,4,28,6,"Home Equity Loan, Mortgage Loan, Payday Loan, Personal Loan, Mortgage Loan, and Student Loan",26,11,12.65,5,Standard,1669.84,30.5359304,9 Years and 3 Months,Yes,41.08254704,21.1408012,HighspentSmallvaluepayments,269.6979018,Standard,,,,,,,,,,,,
February,226,Henryg,38,10034.55,719.2125,4,4,28,6,"Home Equity Loan, Mortgage Loan, Payday Loan, Personal Loan, Mortgage Loan, and Student Loan",24,9,12.65,5,,1669.84,34.17519004,9 Years and 4 Months,Yes,41.08254704,10000,LowspentSmallvaluepayments,263.8344968,Poor,,,,,,,,,,,,
March,226,Henryg,38,10034.55,719.2125,1388,4,28,6,"Home Equity Loan, Mortgage Loan, Payday Loan, Personal Loan, Mortgage Loan, and Student Loan",24,9,12.65,5,Standard,1669.84,33.9217596,9 Years and 5 Months,Yes,41.08254704,33.24412162,LowspentMediumvaluepayments,277.5945813,Poor,,,,,,,,,,,,
April,226,,38,10034.55,719.2125,4,4,28,6,"Home Equity Loan, Mortgage Loan, Payday Loan, Personal Loan, Mortgage Loan, and Student Loan",25,12,10.65,7,Standard,1669.84,36.04425815,9 Years and 6 Months,Yes,41.08254704,43.06053266,LowspentSmallvaluepayments,277.7781703,Poor,,,,,,,,,,,,
May,226,Henryg,38,10034.55,719.2125,4,4,28,6,"Home Equity Loan, Mortgage Loan, Payday Loan, Personal Loan, Mortgage Loan, and Student Loan",29,9,6.65,7,Standard,1669.84,28.97138651,9 Years and 7 Months,NM,41.08254704,66.8642172,LowspentMediumvaluepayments,243.9744858,Poor,,,,,,,,,,,,
June,226,Henryg,38,10034.55,719.2125,4,4,28,6,"Home Equity Loan, Mortgage Loan, Payday Loan, Personal Loan, Mortgage Loan, and Student Loan",26,9,,7,Standard,1669.84,30.47046807,9 Years and 8 Months,Yes,41.08254704,21.91732534,LowspentMediumvaluepayments,288.9213776,Poor,,,,,,,,,,,,
July,226,Henryg,38,10034.55,719.2125,4,4,28,6,"Home Equity Loan, Mortgage Loan, Payday Loan, Personal Loan, Mortgage Loan, and Student Loan",24,7,12.65,,_,1669.84,33.77819186,9 Years and 9 Months,Yes,9402,49.80173008,!@9#%8,261.0369729,Standard,,,,,,,,,,,,
August,226,Henryg,38,10034.55,719.2125,4,4,28,6,"Home Equity Loan, Mortgage Loan, Payday Loan, Personal Loan, Mortgage Loan, and Student Loan",24,9,12.65,7,Standard,1669.84,33.72230424,9 Years and 10 Months,NM,41.08254704,47.33774677,High_spent_Small_value_payments,243.5009562,Standard,,,,,,,,,,,,
January,227,Doug Palmerf,40,20540.49,1859.7075,0,102,8,1,Payday Loan,3,3,7.09,2,Good,1118.37,29.79642124,15 Years and 7 Months,No,8.821659719,25.47029346,!@9#%8,391.6787968,Good,,,,,,,,,,,,
February,227,Doug Palmerf,40,20540.49,1859.7075,0,4,8,1,Payday Loan,3,0,7.09,2,Good,1118.37,27.40953712,15 Years and 8 Months,No,8.821659719,18.18591758,HighspentLargevaluepayments,398.9631727,Good,,,,,,,,,,,,
March,227,Doug Palmerf,40,20540.49,1859.7075,0,4,8,1,Payday Loan,4,3,7.09,1197,,1118.37,23.63363691,15 Years and 9 Months,No,8.821659719,39.92357152,HighspentLargevaluepayments,377.2255188,Good,,,,,,,,,,,,
April,227,Doug Palmerf,40,20540.49,1859.7075,0,4,8,1,Payday Loan,5,3,7.09,2,Good,1118.37,39.05399905,15 Years and 10 Months,No,8.821659719,45.20116977,HighspentLargevaluepayments,371.9479205,Standard,,,,,,,,,,,,
May,227,Doug Palmerf,40,20540.49,1859.7075,0,4,8,1,Payday Loan,3,3,9.09,2,Good,1118.37,36.18479598,15 Years and 11 Months,No,8.821659719,141.0747127,LowspentSmallvaluepayments,326.0743775,Standard,,,,,,,,,,,,
June,227,Doug Palmerf,40,20540.49,1859.7075,0,4,8,1,Payday Loan,3,3,7.09,2,Good,1118.37,28.02889354,16 Years and 0 Months,NM,8.821659719,66.66293187,HighspentSmallvaluepayments,370.4861584,Standard,,,,,,,,,,,,
July,227,Doug Palmerf,40,20540.49,1859.7075,0,4,8,1,Payday Loan,-1,6,7.09,2,Good,1118.37,24.21845359,16 Years and 1 Months,NM,8.821659719,98.25277706,High_spent_Small_value_payments,338.8963132,Standard,,,,,,,,,,,,
August,227,Doug Palmerf,41,20540.49,1859.7075,0,4,8,1,Payday Loan,3,3,5.09,2,Good,1118.37,32.40135154,16 Years and 2 Months,No,17975,37.57726185,High_spent_Medium_value_payments,389.5718284,Standard,,,,,,,,,,,,
January,228,Oreskovicb,51,38175.39,3287.2825,1,2,7,3,"Personal Loan, Personal Loan, and Debt Consolidation Loan",0,8,11.81,2,Good,315.36,31.08087477,27 Years and 9 Months,No,69.05565634,161.4185877,LowspentLargevaluepayments,368.254006,Good,,,,,,,,,,,,
February,228,,51,38175.39,3287.2825,1,2,7,3,"Personal Loan, Personal Loan, and Debt Consolidation Loan",1,8,10.81,2,Good,315.36,40.1309824,27 Years and 10 Months,No,69.05565634,231.1654509,LowspentSmallvaluepayments,318.5071428,Good,,,,,,,,,,,,
March,228,Oreskovicb,51,38175.39,3287.2825,1,2,7,3,"Personal Loan, Personal Loan, and Debt Consolidation Loan",1,8,11.81,2,Good,315.36,30.02466312,27 Years and 11 Months,No,69.05565634,68.03590698,HighspentMediumvaluepayments,441.6366867,Good,,,,,,,,,,,,
April,228,Oreskovicb,51,38175.39,3287.2825,1,2,7,3,"Personal Loan, Personal Loan, and Debt Consolidation Loan",1,8,11.81,2,Good,315.36,33.49406918,28 Years and 0 Months,No,69.05565634,327.2140527,LowspentMediumvaluepayments,212.458541,Good,,,,,,,,,,,,
May,228,Oreskovicb,52,38175.39,3287.2825,1,2,7,3,"Personal Loan, Personal Loan, and Debt Consolidation Loan",1,8,11.81,2,Good,315.36,33.36505517,28 Years and 1 Months,No,69.05565634,242.673184,LowspentMediumvaluepayments,296.9994097,Good,,,,,,,,,,,,
June,228,Oreskovicb,52,38175.39,3287.2825,1,2,7,3,"Personal Loan, Personal Loan, and Debt Consolidation Loan",1,7,11.81,2,Good,315.36,24.12409145,28 Years and 2 Months,No,69.05565634,122.3535865,LowspentMediumvaluepayments,417.3190072,Good,,,,,,,,,,,,
July,228,Oreskovicb,52,38175.39,3287.2825,1,2,7,3,"Personal Loan, Personal Loan, and Debt Consolidation Loan",5,8,11.81,2,Good,315.36,31.07104083,28 Years and 3 Months,No,69.05565634,110.4962674,High_spent_Small_value_payments,409.1763263,Good,,,,,,,,,,,,
August,228,Oreskovicb,52,38175.39,3287.2825,1,2,7,3,"Personal Loan, Personal Loan, and Debt Consolidation Loan",1,8,11.81,2,Good,315.36,27.79527798,28 Years and 4 Months,NM,69.05565634,309.8198239,Low_spent_Medium_value_payments,229.8527697,Standard,,,,,,,,,,,,
January,229,Peterw,22,116594.91,9836.2425,5,6,10,2,"Not Specified, and Mortgage Loan",10,,8.47,0,Good,1124.02,29.57051958,29 Years and 2 Months,No,171.0770243,170.4958135,HighspentLargevaluepayments,882.0514122,Poor,,,,,,,,,,,,
February,229,Peterw,22,116594.91,9836.2425,5,6,10,2,"Not Specified, and Mortgage Loan",10,1,8.47,0,Good,1124.02,35.21704912,29 Years and 3 Months,No,171.0770243,410.2661461,HighspentMediumvaluepayments,652.2810796,Poor,,,,,,,,,,,,
March,229,Peterw,22,116594.91,9836.2425,5,6,10,2,"Not Specified, and Mortgage Loan",10,1,9.47,0,Good,1124.02,39.66605557,29 Years and 4 Months,No,171.0770243,216.441338,HighspentMediumvaluepayments,846.1058877,Poor,,,,,,,,,,,,
April,229,Peterw,22,116594.91,9836.2425,5,6,10,2,"Not Specified, and Mortgage Loan",10,4,6.47,0,Good,1124.02,38.30246518,29 Years and 5 Months,No,171.0770243,,!@9#%8,794.5719885,Standard,,,,,,,,,,,,
May,229,Peterw,22,116594.91,9836.2425,5,6,10,-100,"Not Specified, and Mortgage Loan",11,4,8.47,0,Good,1124.02,35.76066968,29 Years and 6 Months,NM,171.0770243,339.8581191,LowspentMediumvaluepayments,752.6891067,Poor,,,,,,,,,,,,
June,229,Peterw,22,116594.91,9836.2425,5,6,10,2,"Not Specified, and Mortgage Loan",10,4,8.47,0,Good,1124.02,39.01238019,29 Years and 7 Months,No,171.0770243,356.382464,HighspentMediumvaluepayments,706.1647617,Poor,,,,,,,,,,,,
July,229,Peterw,22,116594.91,9836.2425,5,6,10,2,"Not Specified, and Mortgage Loan",10,7,8.47,0,Good,1124.02,40.33906106,NA,NM,171.0770243,92.99192551,High_spent_Large_value_payments,959.5553002,Standard,,,,,,,,,,,,
August,229,,22,116594.91,9836.2425,5,6,10,2,"Not Specified, and Mortgage Loan",10,3,8.47,0,Good,1124.02,24.48590727,29 Years and 9 Months,No,171.0770243,1121.798496,Low_spent_Small_value_payments,0,Standard,,,,,,,,,,,,
January,230,Joyce Leeo,48,24894.05,2371.504167,8,3,8,0,,22,10,7.3,4,Standard,86.43,27.85034159,33 Years and 1 Months,NM,0,32.42887831,HighspentLargevaluepayments,444.7215384,Standard,,,,,,,,,,,,
February,230,,48,24894.05,2371.504167,8,3,8,0,,21,13,2.3,4,,86.43,36.22204782,33 Years and 2 Months,No,0,86.23276546,LowspentSmallvaluepayments,440.9176512,Standard,,,,,,,,,,,,
March,230,Joyce Leeo,48,24894.05,2371.504167,8,3,8,0,,21,10,2.3,4,Standard,86.43,37.43352458,NA,No,0,240.9318283,LowspentMediumvaluepayments,276.2185884,Standard,,,,,,,,,,,,
April,230,Joyce Leeo,48,24894.05,2371.504167,8,3,8,0,,21,10,2.3,5,,86.43,40.24016596,33 Years and 4 Months,No,0,10000,LowspentMediumvaluepayments,335.5348442,Standard,,,,,,,,,,,,
May,230,Joyce Leeo,48,24894.05,2371.504167,8,3,8,0,,21,12,2.3,5,Standard,86.43,32.76881407,33 Years and 5 Months,No,0,111.5333125,LowspentLargevaluepayments,395.6171042,Standard,,,,,,,,,,,,
June,230,,48,24894.05,2371.504167,8,3,8,0,,21,11,3.3,5,Standard,86.43,28.87088487,NA,No,0,10000,LowspentLargevaluepayments,412.4619771,Standard,,,,,,,,,,,,
July,230,Joyce Leeo,48,24894.05,2371.504167,8,249,8,0,,21,10,2.3,5,Standard,86.43,32.09523799,33 Years and 7 Months,No,0,312.3547839,Low_spent_Small_value_payments,214.7956327,Standard,,,,,,,,,,,,
August,230,Joyce Leeo,49,24894.05,2371.504167,8,3,8,0,,23,,2.3,5,_,86.43,33.83749258,NA,No,0,139.6363457,Low_spent_Small_value_payments,387.514071,Standard,,,,,,,,,,,,
January,231,Barrf,38,39399.9,3487.325,6,6,17,2,"Not Specified, and Payday Loan",27,19,18.62,12,Standard,2206.86,38.24463199,11 Years and 5 Months,Yes,43.1712988,317.9129512,LowspentMediumvaluepayments,267.64825,Poor,,,,,,,,,,,,
February,231,Barrf,38,39399.9,3487.325,6,6,17,2,"Not Specified, and Payday Loan",27,17,18.62,12,Standard,2206.86,22.6906878,NA,Yes,43.1712988,193.8628759,LowspentSmallvaluepayments,401.6983253,Poor,,,,,,,,,,,,
March,231,Barrf,38,39399.9,3487.325,6,6,17,2,"Not Specified, and Payday Loan",26,18,18.62,12,Standard,2206.86,37.22612684,11 Years and 7 Months,Yes,43.1712988,152.9151628,LowspentLargevaluepayments,422.6460384,Poor,,,,,,,,,,,,
April,231,Barrf,38,39399.9,3487.325,6,6,17,2,"Not Specified, and Payday Loan",25,18,18.62,12,Standard,2206.86,29.45015859,11 Years and 8 Months,Yes,43.1712988,87.35828461,HighspentSmallvaluepayments,478.2029166,Poor,,,,,,,,,,,,
May,231,Barrf,38,39399.9,3487.325,6,6,17,2,"Not Specified, and Payday Loan",27,,18.62,12,Standard,2206.86,35.20964158,11 Years and 9 Months,Yes,43.1712988,195.475668,LowspentMediumvaluepayments,390.0855332,Poor,,,,,,,,,,,,
June,231,Barrf,38,39399.9,3487.325,6,6,17,2,"Not Specified, and Payday Loan",26,18,18.62,15,Standard,2206.86,33.37275171,11 Years and 10 Months,Yes,43.1712988,309.4610082,LowspentLargevaluepayments,266.100193,Poor,,,,,,,,,,,,
July,231,Barrf,38_,39399.9,3487.325,6,6,17,2,"Not Specified, and Payday Loan",27,18,18.62,15,Standard,2206.86,23.02924421,11 Years and 11 Months,Yes,43.1712988,154.2049329,High_spent_Small_value_payments,411.3562683,Poor,,,,,,,,,,,,
August,231,Barrf,39,39399.9,3487.325,6,6,17,2,"Not Specified, and Payday Loan",27,18,18.62,15,Standard,2206.86,36.48665563,12 Years and 0 Months,Yes,43.1712988,73.46371303,High_spent_Large_value_payments,472.0974882,Poor,,,,,,,,,,,,
January,232,Julienz,24,142113.96,11903.83,6,4,17,3,"Payday Loan, Home Equity Loan, and Personal Loan",16,12,18.1,8,Standard,1037.68,38.43515845,22 Years and 3 Months,Yes,224.1221386,247.7038276,HighspentLargevaluepayments,958.5570338,Standard,,,,,,,,,,,,
February,232,Julienz,24,142113.96,11903.83,6,4,17,3,"Payday Loan, Home Equity Loan, and Personal Loan",22,14,18.1,8,Standard,1037.68,41.19090798,22 Years and 4 Months,Yes,224.1221386,186.9097606,HighspentLargevaluepayments,1019.351101,Standard,,,,,,,,,,,,
March,232,Julienz,24,142113.96,11903.83,6,4,17,3,"Payday Loan, Home Equity Loan, and Personal Loan",21,12,18.1,8,Standard,1037.68,35.55766755,22 Years and 5 Months,Yes,224.1221386,303.7554627,HighspentMediumvaluepayments,912.5053987,Standard,,,,,,,,,,,,
April,232,Julienz,25,142113.96,11903.83,6,4,17,3,"Payday Loan, Home Equity Loan, and Personal Loan",21,13,18.1,9,,1037.68,41.53213704,22 Years and 6 Months,NM,224.1221386,539.3393474,LowspentMediumvaluepayments,706.921514,Standard,,,,,,,,,,,,
May,232,Julienz,25,142113.96,11903.83,6,4,17,3,"Payday Loan, Home Equity Loan, and Personal Loan",21,12,18.1,9,Standard,1037.68,38.11568318,22 Years and 7 Months,NM,224.1221386,716.3027906,LowspentLargevaluepayments,519.9580708,Standard,,,,,,,,,,,,
June,232,,25,142113.96,11903.83,6,4,17,3,"Payday Loan, Home Equity Loan, and Personal Loan",21,12,18.1,9,,1037.68,36.41980579,22 Years and 8 Months,Yes,224.1221386,442.2678835,HighspentMediumvaluepayments,773.9929779,Standard,,,,,,,,,,,,
July,232,Julienz,25,142113.96,11903.83,6,4,17,3,"Payday Loan, Home Equity Loan, and Personal Loan",21,12,18.1,9,Standard,1037.68,27.51389789,22 Years and 9 Months,Yes,224.1221386,389.7518482,!@9#%8,846.5090132,Standard,,,,,,,,,,,,
August,232,Julienz,25,142113.96,11903.83,6,4,17,3,"Payday Loan, Home Equity Loan, and Personal Loan",18,12,18.1,9,Standard,1037.68,30.66748597,22 Years and 10 Months,Yes,224.1221386,104.1574268,High_spent_Large_value_payments,1102.103435,Standard,,,,,,,,,,,,
January,233,Jonathan Stempelm,47,65299.38,5305.615,4,5,1352,2,"Student Loan, and Credit-Builder Loan",10,0,5.68,1,Good,1177.38,38.52846274,25 Years and 10 Months,NM,77.00931295,217.9119462,LowspentMediumvaluepayments,515.6402408,Standard,,,,,,,,,,,,
February,233,Jonathan Stempelm,47,65299.38,5305.615,4,5,8,2,"Student Loan, and Credit-Builder Loan",10,0,,1,,1177.38,37.40082686,25 Years and 11 Months,No,77.00931295,183.9708135,HighspentMediumvaluepayments,519.5813736,Poor,,,,,,,,,,,,
March,233,Jonathan Stempelm,47,65299.38,5305.615,4,986,8,2,"Student Loan, and Credit-Builder Loan",5,3,5.68,1,,1177.38,25.82050719,26 Years and 0 Months,No,77.00931295,248.018809,LowspentMediumvaluepayments,485.533378,Poor,,,,,,,,,,,,
April,233,Jonathan Stempelm,47,65299.38,5305.615,4,5,8,2,"Student Loan, and Credit-Builder Loan",5,0,5.68,1,Good,1177.38,31.77341041,26 Years and 1 Months,No,77.00931295,312.735402,HighspentSmallvaluepayments,400.816785,Poor,,,,,,,,,,,,
May,233,Jonathan Stempelm,47,65299.38,5305.615,4,5,8,2,"Student Loan, and Credit-Builder Loan",7,,5.68,1,Good,1177.38,37.49657668,26 Years and 2 Months,No,77.00931295,128.5781545,LowspentLargevaluepayments,594.9740326,Poor,,,,,,,,,,,,
June,233,,48,65299.38,5305.615,4,5,8,-100,"Student Loan, and Credit-Builder Loan",10,0,5.68,1,Good,1177.38,28.45479047,26 Years and 3 Months,No,77.00931295,203.973113,HighspentMediumvaluepayments,499.5790741,Standard,,,,,,,,,,,,
July,233,Jonathan Stempelm,48,65299.38,5305.615,4,5,8,2,"Student Loan, and Credit-Builder Loan",10,0,5.68,2,Good,1177.38,37.73239356,NA,No,77.00931295,90.73515187,High_spent_Medium_value_payments,612.8170352,Poor,,,,,,,,,,,,
August,233,Jonathan Stempelm,48,65299.38,5305.615,4,5,8,2,"Student Loan, and Credit-Builder Loan",10,0,5.68,2,Good,1177.38,32.76437061,26 Years and 5 Months,NM,77.00931295,61.08345477,High_spent_Medium_value_payments,642.4687323,Poor,,,,,,,,,,,,
January,234,Onoszkoz,52,33200.52,2755.71,1429,4,20,2,"Student Loan, and Student Loan",25,18,9.59,4,Standard,1290.73,38.2187307,17 Years and 5 Months,No,28.06429662,36.30527047,HighspentMediumvaluepayments,461.2014329,Standard,,,,,,,,,,,,
February,234,Onoszkoz,52,33200.52,2755.71,6,4,20,2,"Student Loan, and Student Loan",25,15,9.59,4,Standard,1290.73,30.05494268,17 Years and 6 Months,No,28.06429662,182.4360563,HighspentSmallvaluepayments,325.070647,Standard,,,,,,,,,,,,
March,234,Onoszkoz,52,33200.52,2755.71,6,1426,20,2,"Student Loan, and Student Loan",25,16,9.59,4,Standard,1290.73,31.4573681,17 Years and 7 Months,No,28.06429662,10000,LowspentSmallvaluepayments,230.3044337,Standard,,,,,,,,,,,,
April,234,,52,33200.52,2755.71,6,4,20,2,"Student Loan, and Student Loan",25,15,9.59,4,Standard,1290.73,32.44904793,17 Years and 8 Months,No,28.06429662,246.4523372,LowspentMediumvaluepayments,281.0543662,Standard,,,,,,,,,,,,
May,234,Onoszkoz,52,33200.52,2755.71,6,4,20,2,"Student Loan, and Student Loan",25,18,9.59,4,Standard,1290.73,33.93119499,17 Years and 9 Months,No,61847,147.2815066,HighspentSmallvaluepayments,360.2251968,Standard,,,,,,,,,,,,
June,234,Onoszkoz,52,33200.52,2755.71,6,4,20,2,"Student Loan, and Student Loan",25,18,9.59,4,Standard,1290.73,29.95910072,17 Years and 10 Months,No,28.06429662,281.8062878,!@9#%8,255.7004156,Standard,,,,,,,,,,,,
July,234,Onoszkoz,52,33200.52,2755.71,6,4,20,2,"Student Loan, and Student Loan",25,16,12.59,4,Standard,1290.73,34.26765228,17 Years and 11 Months,No,28.06429662,36.79032481,High_spent_Medium_value_payments,460.7163786,Standard,,,,,,,,,,,,
August,234,Onoszkoz,52,33200.52,2755.71,6,4,20,2,"Student Loan, and Student Loan",25,18,8.59,7,Standard,1290.73,33.49223798,18 Years and 0 Months,No,28.06429662,,Low_spent_Small_value_payments,290.3205348,Standard,,,,,,,,,,,,
January,235,Sarah Whited,40,82289.36,6951.446667,8,8,22,5,"Mortgage Loan, Payday Loan, Mortgage Loan, Student Loan, and Credit-Builder Loan",29,17,18.75,11,Bad,4736.25,39.99531969,8 Years and 11 Months,Yes,240.7514411,101.0511413,HighspentLargevaluepayments,593.3420843,Standard,,,,,,,,,,,,
February,235,Sarah Whited,40,82289.36,6951.446667,8,8,22,5,"Mortgage Loan, Payday Loan, Mortgage Loan, Student Loan, and Credit-Builder Loan",29,16,18.75,11,Bad,4736.25,28.29148332,9 Years and 0 Months,Yes,240.7514411,104.1361597,HighspentLargevaluepayments,590.2570658,Standard,,,,,,,,,,,,
March,235,,40,82289.36,6951.446667,8,8,22,5,"Mortgage Loan, Payday Loan, Mortgage Loan, Student Loan, and Credit-Builder Loan",29,16,18.75,11,Bad,4736.25,28.9308718,9 Years and 1 Months,Yes,240.7514411,88.92490897,HighspentLargevaluepayments,605.4683166,Poor,,,,,,,,,,,,
April,235,Sarah Whited,40,873048,6951.446667,8,8,22,5,"Mortgage Loan, Payday Loan, Mortgage Loan, Student Loan, and Credit-Builder Loan",29,17,22.75,11,,4736.25,35.1865334,9 Years and 2 Months,Yes,240.7514411,,HighspentMediumvaluepayments,525.8781321,Standard,,,,,,,,,,,,
May,235,Sarah Whited,41,82289.36,6951.446667,8,8,22,5,"Mortgage Loan, Payday Loan, Mortgage Loan, Student Loan, and Credit-Builder Loan",25,18,15.75,11,Bad,4736.25,36.84779386,9 Years and 3 Months,Yes,240.7514411,723.5645616,LowspentSmallvaluepayments,20.82866392,Poor,,,,,,,,,,,,
June,235,Sarah Whited,41,82289.36,6951.446667,8,8,22,5,"Mortgage Loan, Payday Loan, Mortgage Loan, Student Loan, and Credit-Builder Loan",24,16,18.75,11,Bad,4736.25,29.65159924,9 Years and 4 Months,Yes,240.7514411,70.7331489,HighspentLargevaluepayments,623.6600767,Poor,,,,,,,,,,,,
July,235,Sarah Whited,41,82289.36,6951.446667,8,8,22,5,"Mortgage Loan, Payday Loan, Mortgage Loan, Student Loan, and Credit-Builder Loan",29,16,18.75,12,Bad,4736.25,24.88499143,9 Years and 5 Months,NM,240.7514411,513.0982319,Low_spent_Medium_value_payments,221.2949937,Poor,,,,,,,,,,,,
August,235,Sarah Whited,41,82289.36,6951.446667,8,8,22,5,"Mortgage Loan, Payday Loan, Mortgage Loan, Student Loan, and Credit-Builder Loan",29,16,18.75,12,Bad,4736.25,23.8670272,9 Years and 6 Months,Yes,240.7514411,187.5039006,Low_spent_Medium_value_payments,546.8893249,Poor,,,,,,,,,,,,
January,236,Catherine Bosleyn,39,7792.475,573.3729167,6,7,16,7,"Personal Loan, Student Loan, Payday Loan, Student Loan, Student Loan, Debt Consolidation Loan, and Debt Consolidation Loan",16,18,16.6,9,Standard,2041.74,36.7816583,14 Years and 10 Months,Yes,42.0997216,17.96458279,HighspentMediumvaluepayments,247.2729873,Poor,,,,,,,,,,,,
February,236,Catherine Bosleyn,39,7792.475,573.3729167,6,7,16,7,"Personal Loan, Student Loan, Payday Loan, Student Loan, Student Loan, Debt Consolidation Loan, and Debt Consolidation Loan",16,18,16.6,9,Standard,2041.74,38.02983718,14 Years and 11 Months,Yes,42.0997216,64.72907524,LowspentSmallvaluepayments,240.5084948,Poor,,,,,,,,,,,,
March,236,Catherine Bosleyn,39,7792.475,573.3729167,6,7,16,7,"Personal Loan, Student Loan, Payday Loan, Student Loan, Student Loan, Debt Consolidation Loan, and Debt Consolidation Loan",19,15,20.6,9,Standard,2041.74,27.51535332,15 Years and 0 Months,Yes,42.0997216,64.48978678,LowspentSmallvaluepayments,240.7477833,Poor,,,,,,,,,,,,
April,236,Catherine Bosleyn,39,7792.475,573.3729167,6,7,16,7,"Personal Loan, Student Loan, Payday Loan, Student Loan, Student Loan, Debt Consolidation Loan, and Debt Consolidation Loan",16,18,16.6,9,Standard,2041.74,24.40539991,15 Years and 1 Months,Yes,42.0997216,15.35642956,LowspentLargevaluepayments,269.8811405,Poor,,,,,,,,,,,,
May,236,,39,7792.475,573.3729167,6,7,16,7,"Personal Loan, Student Loan, Payday Loan, Student Loan, Student Loan, Debt Consolidation Loan, and Debt Consolidation Loan",16,18,16.6,9,Standard,2041.74,37.56484685,15 Years and 2 Months,Yes,42.0997216,24.71231113,LowspentSmallvaluepayments,280.5252589,Poor,,,,,,,,,,,,
June,236,Catherine Bosleyn,39,7792.475,573.3729167,6,7,16,7,"Personal Loan, Student Loan, Payday Loan, Student Loan, Student Loan, Debt Consolidation Loan, and Debt Consolidation Loan",16,18,16.6,10,Standard,2041.74,28.43304864,15 Years and 3 Months,Yes,42.0997216,28.63523416,HighspentSmallvaluepayments,246.6023359,Standard,,,,,,,,,,,,
July,236,Catherine Bosleyn,39,7792.475,573.3729167,6,7,16,7,"Personal Loan, Student Loan, Payday Loan, Student Loan, Student Loan, Debt Consolidation Loan, and Debt Consolidation Loan",19,18_,12.6,10,Standard,2041.74,37.05609107,15 Years and 4 Months,NM,42.0997216,35.11579155,Low_spent_Small_value_payments,270.1217785,Standard,,,,,,,,,,,,
August,236,Catherine Bosleyn,39,7792.475,573.3729167,6,7,5199,7,"Personal Loan, Student Loan, Payday Loan, Student Loan, Student Loan, Debt Consolidation Loan, and Debt Consolidation Loan",16,18,14.6,10,Standard,2041.74,39.36846871,15 Years and 5 Months,Yes,42.0997216,30.80046628,High_spent_Small_value_payments,244.4371038,Poor,,,,,,,,,,,,
January,237,Annikam,36,65778.22,573.3729167,5,3,11,4,"Mortgage Loan, Personal Loan, Payday Loan, and Credit-Builder Loan",26,,11.6,4,Standard,705.44,26.37565289,16 Years and 3 Months,No,172.5305333,94.82619753,HighspentMediumvaluepayments,538.7951025,Standard,,,,,,,,,,,,
February,237,Annikam,36,65778.22,573.3729167,5,3,11,-100,"Mortgage Loan, Personal Loan, Payday Loan, and Credit-Builder Loan",29,15,11.6,4,Standard,705.44,31.47539328,16 Years and 4 Months,No,172.5305333,489.2118584,LowspentMediumvaluepayments,174.4094417,Standard,,,,,,,,,,,,
March,237,,36,65778.22,5561.518333,5,3,11,4,"Mortgage Loan, Personal Loan, Payday Loan, and Credit-Builder Loan",26,15,11.6,6,Standard,705.44,24.58175362,16 Years and 5 Months,No,172.5305333,158.470614,LowspentLargevaluepayments,495.1506861,Standard,,,,,,,,,,,,
April,237,Annikam,36,65778.22,5561.518333,5,3,11,4,"Mortgage Loan, Personal Loan, Payday Loan, and Credit-Builder Loan",23,17,,6,Standard,705.44,36.41680033,16 Years and 6 Months,No,172.5305333,479.0596935,LowspentMediumvaluepayments,184.5616066,Standard,,,,,,,,,,,,
May,237,Annikam,36,65778.22,5561.518333,5,3,11,4,"Mortgage Loan, Personal Loan, Payday Loan, and Credit-Builder Loan",31,16,11.6,6,Standard,705.44,28.02009804,16 Years and 7 Months,No,172.5305333,162.5783514,HighspentMediumvaluepayments,471.0429486,Standard,,,,,,,,,,,,
June,237,Annikam,36,65778.22,5561.518333,5,3,11,4,"Mortgage Loan, Personal Loan, Payday Loan, and Credit-Builder Loan",22,15,11.6,6,,705.44,38.44796608,16 Years and 8 Months,No,172.5305333,215.0488641,HighspentMediumvaluepayments,418.5724359,Standard,,,,,,,,,,,,
July,237,Annikam,36,65778.22_,5561.518333,5,3,11,-100,"Mortgage Loan, Personal Loan, Payday Loan, and Credit-Builder Loan",26,15,5.6,6,Standard,705.44,34.0645719,16 Years and 9 Months,No,172.5305333,122.8397279,High_spent_Large_value_payments,500.7815721,Standard,,,,,,,,,,,,
August,237,Annikam,37,65778.22_,5561.518333,5,3,11,4,"Mortgage Loan, Personal Loan, Payday Loan, and Credit-Builder Loan",26,18,11.6,6,Standard,705.44,31.1060513,16 Years and 10 Months,No,172.5305333,90.12282122,High_spent_Medium_value_payments,543.4984788,Standard,,,,,,,,,,,,
January,238,Tom Halsb,44,12016,729.3333333,6,3,14,3,"Not Specified, Mortgage Loan, and Auto Loan",31,10,15.23,0,Standard,583.27,32.66370838,NA,Yes,20.74354374,27.76198441,LowspentMediumvaluepayments,304.4278052,Standard,,,,,,,,,,,,
February,238,Tom Halsb,44,12016,729.3333333,6,3,14,3,"Not Specified, Mortgage Loan, and Auto Loan",27,7,15.23,0,,583.27,35.32192991,30 Years and 2 Months,Yes,20.74354374,96.34630239,!@9#%8,245.8434872,Standard,,,,,,,,,,,,
March,238,Tom Halsb,44,12016,729.3333333,6,3,14,3,"Not Specified, Mortgage Loan, and Auto Loan",29,10,15.23,0,,583.27,35.73954063,NA,Yes,20.74354374,15.9379276,HighspentSmallvaluepayments,296.251862,Standard,,,,,,,,,,,,
April,238,Tom Halsb,44,12016,729.3333333,6,3,14,3,"Not Specified, Mortgage Loan, and Auto Loan",27,10,15.23,0,Standard,583.27,31.32842058,30 Years and 4 Months,Yes,20.74354374,40.7465063,LowspentSmallvaluepayments,301.4432833,Standard,,,,,,,,,,,,
May,238,Tom Halsb,44,12016,729.3333333,6,3,14,3,"Not Specified, Mortgage Loan, and Auto Loan",27,10,15.23,0,Standard,583.27,27.31961806,30 Years and 5 Months,Yes,20.74354374,13.5798016,HighspentLargevaluepayments,278.609988,Standard,,,,,,,,,,,,
June,238,Tom Halsb,44,12016,729.3333333,6,3,14,3,"Not Specified, Mortgage Loan, and Auto Loan",27,10,15.23,0,Standard,583.27,26.02664925,30 Years and 6 Months,Yes,20.74354374,47.51613576,LowspentMediumvaluepayments,284.6736538,Standard,,,,,,,,,,,,
July,238,Tom Halsb,44,12016,729.3333333,6,3,14,3,"Not Specified, Mortgage Loan, and Auto Loan",27,10,15.23,0,Standard,583.27,24.59607711,30 Years and 7 Months,Yes,20.74354374,68.30562784,!@9#%8,263.8841618,Standard,,,,,,,,,,,,
August,238,Tom Halsb,44,12016,729.3333333,6,3,14,3,"Not Specified, Mortgage Loan, and Auto Loan",30,10,15.23,0,Standard,583.27,35.37122714,30 Years and 8 Months,Yes,20.74354374,10000,Low_spent_Medium_value_payments,303.1006423,Standard,,,,,,,,,,,,
January,239,Kentaros,50,19180.87,1688.405833,8,4,18,4,"Debt Consolidation Loan, Auto Loan, Payday Loan, and Payday Loan",7,17,5.32,1,,1127.57,33.15190296,24 Years and 7 Months,No,57.36421101,142.99474,LowspentLargevaluepayments,238.4816323,Standard,,,,,,,,,,,,
February,239,Kentaros,50,19180.87,1688.405833,8,4,18,4,"Debt Consolidation Loan, Auto Loan, Payday Loan, and Payday Loan",4,17,9.32,1,Standard,1127.57,28.23786491,24 Years and 8 Months,No,57.36421101,212.8475866,LowspentSmallvaluepayments,188.6287857,Standard,,,,,,,,,,,,
March,239,Kentaros,50,19180.87,1688.405833,8,4,18,4,"Debt Consolidation Loan, Auto Loan, Payday Loan, and Payday Loan",5,18,9.32,1,,1127.57,25.77179741,24 Years and 9 Months,No,57.36421101,81.82244884,LowspentMediumvaluepayments,309.6539235,Standard,,,,,,,,,,,,
April,239,Kentaros,50,19180.87,1688.405833,8,4,18,4,"Debt Consolidation Loan, Auto Loan, Payday Loan, and Payday Loan",5,17,12.32,6,,1127.57,31.99892988,24 Years and 10 Months,NM,57.36421101,67.88343218,HighspentMediumvaluepayments,293.5929401,Standard,,,,,,,,,,,,
May,239,Kentaros,50,19180.87,1688.405833,8,4,18,4,"Debt Consolidation Loan, Auto Loan, Payday Loan, and Payday Loan",9,16,12.32,6,Standard,1127.57,37.26595427,24 Years and 11 Months,No,57.36421101,19.65926177,HighspentMediumvaluepayments,341.8171106,Standard,,,,,,,,,,,,
June,239,Kentaros,50,19180.87,1688.405833,8,4,18,4,"Debt Consolidation Loan, Auto Loan, Payday Loan, and Payday Loan",5,17,5.32,6,Standard,1127.57,23.75918179,25 Years and 0 Months,No,57.36421101,87.13923493,LowspentSmallvaluepayments,314.3371374,Standard,,,,,,,,,,,,
July,239,Kentaros,50,19180.87,1688.405833,8,4,18,-100,"Debt Consolidation Loan, Auto Loan, Payday Loan, and Payday Loan",5,17,9.32,6,Standard,1127.57,37.74736135,25 Years and 1 Months,No,57.36421101,67.91677061,Low_spent_Small_value_payments,333.5596017,Standard,,,,,,,,,,,,
August,239,Kentaros,50,19180.87,1688.405833,8,4,18,4,"Debt Consolidation Loan, Auto Loan, Payday Loan, and Payday Loan",5,17,9.32,6,Standard,1127.57,29.46533772,25 Years and 2 Months,No,57.36421101,107.9832273,High_spent_Small_value_payments,263.4931451,Standard,,,,,,,,,,,,
January,240,Ransdellj,30,60552.76,4950.063333,3,7,12,3,"Mortgage Loan, Home Equity Loan, and Auto Loan",30,11,9.72,4,Good,463.07,37.02752347,18 Years and 9 Months,NM,111.7288201,66.53602515,HighspentMediumvaluepayments,566.7414881,Poor,,,,,,,,,,,,
February,240,Ransdellj,30,60552.76,4950.063333,1332,7,12,-100,"Mortgage Loan, Home Equity Loan, and Auto Loan",30,11,9.72,4,,463.07,25.22136275,18 Years and 10 Months,No,111.7288201,322.952025,HighspentSmallvaluepayments,320.3254882,Poor,,,,,,,,,,,,
March,240,Ransdellj,30,60552.76,4950.063333,3,7,12,3,"Mortgage Loan, Home Equity Loan, and Auto Loan",26,11,9.72,4,Good,463.07,29.69423767,18 Years and 11 Months,NM,111.7288201,273.5412197,LowspentLargevaluepayments,379.7362935,Poor,,,,,,,,,,,,
April,240,Ransdellj,30,60552.76,4950.063333,3,211,12,3,"Mortgage Loan, Home Equity Loan, and Auto Loan",33,11,9.72,4,Good,463.07,26.54875929,19 Years and 0 Months,No,111.7288201,289.201504,LowspentMediumvaluepayments,374.0760093,Poor,,,,,,,,,,,,
May,240,Ransdellj,31,60552.76,4950.063333,3,7,12,3,"Mortgage Loan, Home Equity Loan, and Auto Loan",25,3815,10.72,4,Good,463.07,34.12312979,NA,NM,111.7288201,10000,LowspentSmallvaluepayments,10.30550807,Standard,,,,,,,,,,,,
June,240,,31,60552.76,4950.063333,3,7,12,3,"Mortgage Loan, Home Equity Loan, and Auto Loan",34,14,9.72,4,,463.07,34.70874749,19 Years and 2 Months,No,111.7288201,293.0733953,LowspentSmallvaluepayments,380.204118,Standard,,,,,,,,,,,,
July,240,Ransdellj,31,60552.76,4950.063333,3,7,12,3,"Mortgage Loan, Home Equity Loan, and Auto Loan",27,11,5.72,4,Good,463.07,29.36279123,19 Years and 3 Months,No,111.7288201,78.30053064,High_spent_Medium_value_payments,554.9769826,Poor,,,,,,,,,,,,
August,240,Ransdellj,31,60552.76,,3,7,12,3,"Mortgage Loan, Home Equity Loan, and Auto Loan",35,11,8.72,4,Good,463.07,34.8734332,19 Years and 4 Months,No,111.7288201,10000,Low_spent_Small_value_payments,346.4100329,Poor,,,,,,,,,,,,
January,241,ray,40,44386.47,0,10,6,26,9,"Payday Loan, Payday Loan, Debt Consolidation Loan, Not Specified, Not Specified, Debt Consolidation Loan, Payday Loan, Credit-Builder Loan, and Auto Loan",31,25,6.95,12,Bad,1275.46,22.64993836,8 Years and 11 Months,NM,298.8485303,10000,LowspentMediumvaluepayments,144.3468441,Poor,,,,,,,,,,,,
February,241,ray,40,44386.47,3703.8725,10,6,26,9,"Payday Loan, Payday Loan, Debt Consolidation Loan, Not Specified, Not Specified, Debt Consolidation Loan, Payday Loan, Credit-Builder Loan, and Auto Loan",34,24,7.95,12,Bad,1275.46,32.32109564,9 Years and 0 Months,Yes,298.8485303,258.5356788,LowspentSmallvaluepayments,103.003041,Poor,,,,,,,,,,,,
March,241,ray,40,44386.47,3703.8725,10,6,26,-100,"Payday Loan, Payday Loan, Debt Consolidation Loan, Not Specified, Not Specified, Debt Consolidation Loan, Payday Loan, Credit-Builder Loan, and Auto Loan",34,25,3.95,12,Bad,1275.46,28.41099473,9 Years and 1 Months,NM,298.8485303,82.56602451,HighspentMediumvaluepayments,238.9726952,Standard,,,,,,,,,,,,
April,241,ray,40,44386.47,3703.8725,10,6,26,9,"Payday Loan, Payday Loan, Debt Consolidation Loan, Not Specified, Not Specified, Debt Consolidation Loan, Payday Loan, Credit-Builder Loan, and Auto Loan",34,23,6.95,12,Bad,1275.46,25.5379885,9 Years and 2 Months,Yes,298.8485303,50.62028685,HighspentMediumvaluepayments,270.9184329,Poor,,,,,,,,,,,,
May,241,ray,40,44386.47,3703.8725,10,6,26,9,"Payday Loan, Payday Loan, Debt Consolidation Loan, Not Specified, Not Specified, Debt Consolidation Loan, Payday Loan, Credit-Builder Loan, and Auto Loan",34,,10.95,12,Bad,1275.46,30.96734309,9 Years and 3 Months,Yes,298.8485303,66.29354235,HighspentSmallvaluepayments,265.2451774,Poor,,,,,,,,,,,,
June,241,ray,40,44386.47,3703.8725,10,6,26,9,"Payday Loan, Payday Loan, Debt Consolidation Loan, Not Specified, Not Specified, Debt Consolidation Loan, Payday Loan, Credit-Builder Loan, and Auto Loan",34,25,6.95,12,Bad,1275.46,36.54784801,9 Years and 4 Months,Yes,298.8485303,310.9639556,LowspentSmallvaluepayments,50.57476411,Poor,,,,,,,,,,,,
July,241,ray,40,44386.47,,10,6,26,9,"Payday Loan, Payday Loan, Debt Consolidation Loan, Not Specified, Not Specified, Debt Consolidation Loan, Payday Loan, Credit-Builder Loan, and Auto Loan",29,25,5.95,12,_,1275.46,26.9634579,9 Years and 5 Months,NM,298.8485303,98.65308596,High_spent_Medium_value_payments,222.8856338,Standard,,,,,,,,,,,,
August,241,,40,44386.47,3703.8725,10,6,26,9,"Payday Loan, Payday Loan, Debt Consolidation Loan, Not Specified, Not Specified, Debt Consolidation Loan, Payday Loan, Credit-Builder Loan, and Auto Loan",38,25,11.95,12,_,1275.46,30.27410217,9 Years and 6 Months,Yes,298.8485303,105.8541452,High_spent_Medium_value_payments,215.6845745,Standard,,,,,,,,,,,,
January,242,Palmers,40,9141.63,797.8025,9,6,33,5,"Mortgage Loan, Student Loan, Payday Loan, Debt Consolidation Loan, and Auto Loan",64,17,0.8,12,,2506.45,25.14818676,16 Years and 1 Months,Yes,27.80112878,39.74367894,LowspentMediumvaluepayments,292.2354423,Poor,,,,,,,,,,,,
February,242,Palmers,40,9141.63,797.8025,9,6,33,5,"Mortgage Loan, Student Loan, Payday Loan, Debt Consolidation Loan, and Auto Loan",61,17,0.8,12,Bad,2506.45,36.5002154,16 Years and 2 Months,Yes,27.80112878,79.52909992,LowspentMediumvaluepayments,252.4500213,Poor,,,,,,,,,,,,
March,242,,40,9141.63,797.8025,9,6,33,5,"Mortgage Loan, Student Loan, Payday Loan, Debt Consolidation Loan, and Auto Loan",59,17,0.8,12,,2506.45,39.26664402,16 Years and 3 Months,Yes,27.80112878,63.80546382,!@9#%8,278.1736574,Poor,,,,,,,,,,,,
April,242,Palmers,40,9141.63,797.8025,9,6,3801,5,"Mortgage Loan, Student Loan, Payday Loan, Debt Consolidation Loan, and Auto Loan",57,15,0.8,12,,2506.45,39.73527479,16 Years and 4 Months,Yes,27.80112878,49.07677972,HighspentSmallvaluepayments,262.9023415,Standard,,,,,,,,,,,,
May,242,Palmers,40,9141.63,797.8025,9,6,33,5,"Mortgage Loan, Student Loan, Payday Loan, Debt Consolidation Loan, and Auto Loan",59,14,0.8,12,Bad,2506.45,27.13175877,16 Years and 5 Months,Yes,27.80112878,102.513896,LowspentSmallvaluepayments,239.4652253,Poor,,,,,,,,,,,,
June,242,Palmers,40,9141.63,797.8025,9,6,33,5,"Mortgage Loan, Student Loan, Payday Loan, Debt Consolidation Loan, and Auto Loan",59,17,,13,,2506.45,38.66760672,16 Years and 6 Months,Yes,27.80112878,27.20533544,LowspentLargevaluepayments,294.7737858,Poor,,,,,,,,,,,,
July,242,Palmers,40,9141.63,797.8025,1588,6,33,5,"Mortgage Loan, Student Loan, Payday Loan, Debt Consolidation Loan, and Auto Loan",59,17,0.8,,Bad,2506.45,29.85556624,16 Years and 7 Months,Yes,27.80112878,50.89426938,Low_spent_Large_value_payments,271.0848518,Poor,,,,,,,,,,,,
August,242,Palmers,40,9141.63,797.8025,9,6,33,5,"Mortgage Loan, Student Loan, Payday Loan, Debt Consolidation Loan, and Auto Loan",59,19,0.8,13,Bad,2506.45,24.94998598,16 Years and 8 Months,Yes,27.80112878,53.28946519,Low_spent_Large_value_payments,268.689656,Poor,,,,,,,,,,,,
January,243,Mariannae,35,11245.11,797.8025,3,6,11,0,,12,13,8.01,1,Standard,169.86,27.75373398,23 Years and 2 Months,NM,0,106.7068941,LowspentMediumvaluepayments,290.6023559,Standard,,,,,,,,,,,,
February,243,Mariannae,35,11245.11,1173.0925,3,6,11,0,,12,13,8.01,1,,169.86,32.59786258,23 Years and 3 Months,Yes,0,74.58314321,LowspentMediumvaluepayments,322.7261068,Standard,,,,,,,,,,,,
March,243,Mariannae,35,11245.11,1173.0925,3,6,11,0,,12,10,8.01,1,Standard,169.86,26.46780079,23 Years and 4 Months,Yes,5328,38.8815547,LowspentLargevaluepayments,348.4276953,Standard,,,,,,,,,,,,
April,243,,35,11245.11,1173.0925,3,6,11,0,,12,13,8.01,1,,169.86,34.10451683,23 Years and 5 Months,Yes,0,80.76257672,LowspentMediumvaluepayments,316.5466733,Standard,,,,,,,,,,,,
May,243,Mariannae,36,11245.11,1173.0925,3,1432,11,-100,,12,14,8.01,1,Standard,169.86,31.04719514,23 Years and 6 Months,Yes,0,59.23601898,LowspentMediumvaluepayments,338.073231,Standard,,,,,,,,,,,,
June,243,Mariannae,36,11245.11,1173.0925,3,6,11,0,,10,,2.01,,Standard,169.86,28.76915781,23 Years and 7 Months,Yes,0,,LowspentMediumvaluepayments,330.2941218,Standard,,,,,,,,,,,,
July,243,Mariannae,36,11245.11,,3,6,11,0,,12,13,8.01,1,Standard,169.86,32.03637068,23 Years and 8 Months,Yes,0,130.7271074,Low_spent_Small_value_payments,276.5821426,Standard,,,,,,,,,,,,
August,243,Mariannae,36,11245.11,1173.0925,3,6,11,-100,,12,13,8.01,1,Standard,169.86,23.44506172,23 Years and 9 Months,Yes,0,139.2063573,Low_spent_Small_value_payments,268.1028927,Standard,,,,,,,,,,,,
January,244,Sullivang,39,98197.74,8005.145,5,6,6,3,"Mortgage Loan, Student Loan, and Payday Loan",30,7,9.09,2,Standard,627.5,33.11569136,24 Years and 5 Months,No,138.5419769,102.9413811,HighspentLargevaluepayments,799.0311421,Standard,,,,,,,,,,,,
February,244,Sullivang,39,98197.74,8005.145,120,6,6,3,"Mortgage Loan, Student Loan, and Payday Loan",30,,9.09,7,Standard,627.5,40.8195687,24 Years and 6 Months,No,138.5419769,223.1167183,LowspentLargevaluepayments,708.8558048,Standard,,,,,,,,,,,,
March,244,Sullivang,39,98197.74,8005.145,5,6,6,3,"Mortgage Loan, Student Loan, and Payday Loan",30,7,9.09,7,Standard,627.5,33.959539,24 Years and 7 Months,No,138.5419769,55.0244348,HighspentLargevaluepayments,846.9480883,Standard,,,,,,,,,,,,
April,244,Sullivang,39,98197.74,8005.145,5,6,6,3,"Mortgage Loan, Student Loan, and Payday Loan",34,8,9.09,7,Standard,627.5,37.0705625,24 Years and 8 Months,No,138.5419769,308.9423191,HighspentSmallvaluepayments,613.030204,Standard,,,,,,,,,,,,
May,244,Sullivang,39,98197.74,8005.145,5,6,6,3,"Mortgage Loan, Student Loan, and Payday Loan",29,8,2.09,7,,627.5,29.04900226,NA,No,138.5419769,10000,HighspentMediumvaluepayments,641.6016207,Standard,,,,,,,,,,,,
June,244,Sullivang,40,98197.74,8005.145,5,6,6,3,"Mortgage Loan, Student Loan, and Payday Loan",34,11,9.09,7,,627.5,39.15861056,24 Years and 10 Months,No,138.5419769,94.62712637,HighspentLargevaluepayments,807.3453967,Standard,,,,,,,,,,,,
July,244,Sullivang,40,98197.74,8005.145,5,6,6,3,"Mortgage Loan, Student Loan, and Payday Loan",30,,9.09,7,Standard,627.5,24.38201286,24 Years and 11 Months,NM,138.5419769,679.7908355,Low_spent_Small_value_payments,272.1816876,Standard,,,,,,,,,,,,
August,244,Sullivang,40,98197.74,8005.145,5,6,6,3,"Mortgage Loan, Student Loan, and Payday Loan",30,8,9.09,7,Standard,627.5,40.12296727,25 Years and 0 Months,No,138.5419769,265.383344,High_spent_Medium_value_payments,646.5891791,Standard,,,,,,,,,,,,
January,245,Michael Avokf,21,30197.28,2594.44,5,7,14,4,"Home Equity Loan, Mortgage Loan, Payday Loan, and Home Equity Loan",20,11,17,5,Standard,811.08,35.86524097,10 Years and 7 Months,Yes,57.08103771,227.2340379,LowspentSmallvaluepayments,265.1289244,Standard,,,,,,,,,,,,
February,245,Michael Avokf,21,30197.28,2594.44,5,7,14,4,"Home Equity Loan, Mortgage Loan, Payday Loan, and Home Equity Loan",17,13,22,5,Standard,811.08,33.57000089,10 Years and 8 Months,Yes,57.08103771,203.1170324,LowspentSmallvaluepayments,289.2459299,Standard,,,,,,,,,,,,
March,245,Michael Avokf,21,30197.28,2594.44,5,7,14,4,"Home Equity Loan, Mortgage Loan, Payday Loan, and Home Equity Loan",20,13,17,5,Standard,811.08,30.89751936,10 Years and 9 Months,Yes,57.08103771,32.02689485,HighspentMediumvaluepayments,420.3360674,Standard,,,,,,,,,,,,
April,245,Michael Avokf,21,30197.28,2594.44,5,7,14,4,"Home Equity Loan, Mortgage Loan, Payday Loan, and Home Equity Loan",20,13,15,5,Standard,811.08,41.15687417,10 Years and 10 Months,Yes,57.08103771,108.5848361,HighspentMediumvaluepayments,343.7781262,Standard,,,,,,,,,,,,
May,245,Michael Avokf,21,30197.28,2594.44,5,7,14,4,"Home Equity Loan, Mortgage Loan, Payday Loan, and Home Equity Loan",20,16,17,5,,811.08,32.70853881,10 Years and 11 Months,Yes,57.08103771,10000,HighspentSmallvaluepayments,409.1322312,Standard,,,,,,,,,,,,
June,245,Michael Avokf,21,30197.28,2594.44,5,7,14,4,"Home Equity Loan, Mortgage Loan, Payday Loan, and Home Equity Loan",20,10,23,5,Standard,811.08,36.08342263,11 Years and 0 Months,Yes,57.08103771,10000,LowspentSmallvaluepayments,377.3509344,Standard,,,,,,,,,,,,
July,245,Michael Avokf,21,30197.28,2594.44,5,7,14,4,"Home Equity Loan, Mortgage Loan, Payday Loan, and Home Equity Loan",20,13,17,5,Standard,811.08,28.95633703,11 Years and 1 Months,Yes,57.08103771,63.78362533,High_spent_Small_value_payments,398.579337,Standard,,,,,,,,,,,,
August,245,Michael Avokf,21,30197.28_,2594.44,5,7,14,4,"Home Equity Loan, Mortgage Loan, Payday Loan, and Home Equity Loan",20,13,20,5,Standard,811.08,38.90472276,NA,Yes,57.08103771,92.73012251,!@9#%8,369.6328398,Standard,,,,,,,,,,,,
January,246,Markx,18,31633.54,2930.128333,1,5,8,3,"Credit-Builder Loan, Personal Loan, and Mortgage Loan",8,8,9.7,3,Good,846.45,25.48602333,21 Years and 8 Months,No,50.76844004,200.9042,LowspentSmallvaluepayments,331.3401933,Poor,,,,,,,,,,,,
February,246,Markx,18,31633.54,2930.128333,1,5,8,3,"Credit-Builder Loan, Personal Loan, and Mortgage Loan",8,8,9.7,3,Good,846.45,29.29859996,NA,No,50.76844004,78.20804977,HighspentSmallvaluepayments,424.0363435,Poor,,,,,,,,,,,,
March,246,,18,31633.54,2930.128333,1,5,8,3,"Credit-Builder Loan, Personal Loan, and Mortgage Loan",8,5,9.7,3,Good,846.45,26.31214177,21 Years and 10 Months,No,50.76844004,216.6493583,LowspentLargevaluepayments,295.595035,Standard,,,,,,,,,,,,
April,246,,18,31633.54,2930.128333,1,5,8,3,"Credit-Builder Loan, Personal Loan, and Mortgage Loan",8,7,9.7,3,Good,846.45,39.26841,21 Years and 11 Months,No,50.76844004,196.4863175,HighspentSmallvaluepayments,305.7580758,Standard,,,,,,,,,,,,
May,246,Markx,18,31633.54,2930.128333,1,5,8,3,"Credit-Builder Loan, Personal Loan, and Mortgage Loan",3,7,9.7,3,,846.45,29.31040825,22 Years and 0 Months,No,50.76844004,159.6148516,LowspentSmallvaluepayments,372.6295417,Poor,,,,,,,,,,,,
June,246,Markx,18,31633.54,2930.128333,1,5,8,3,"Credit-Builder Loan, Personal Loan, and Mortgage Loan",8,5,9.7,3,Good,846.45,38.26046773,22 Years and 1 Months,No,50.76844004,174.0000091,LowspentSmallvaluepayments,358.2443842,Poor,,,,,,,,,,,,
July,246,Markx,18,31633.54,2930.128333,1,5,8,3,"Credit-Builder Loan, Personal Loan, and Mortgage Loan",6,6,12.7,4,Good,846.45,37.93466475,22 Years and 2 Months,No,50.76844004,275.7597949,Low_spent_Medium_value_payments,246.4845984,Poor,,,,,,,,,,,,
August,246,Markx,18,31633.54,2930.128333,1,5,8,3,"Credit-Builder Loan, Personal Loan, and Mortgage Loan",8,7,9.7,4,Good,846.45,35.00363756,22 Years and 3 Months,NM,50.76844004,136.6381695,High_spent_Small_value_payments,365.6062237,Poor,,,,,,,,,,,,
January,247,Caroline Valetkevitchr,31,118172.64,9932.72,0,2,3,4,"Home Equity Loan, Payday Loan, Auto Loan, and Auto Loan",10,8,5.71,1,Good,701.27,40.09320892,16 Years and 3 Months,No,366.868297,389.7660015,LowspentMediumvaluepayments,516.6377014,Good,,,,,,,,,,,,
February,247,Caroline Valetkevitchr,31,118172.64,9932.72,0,2,3,4,"Home Equity Loan, Payday Loan, Auto Loan, and Auto Loan",10,5,5.71,1,,701.27,32.6998187,16 Years and 4 Months,No,366.868297,326.5767816,!@9#%8,559.8269214,Good,,,,,,,,,,,,
March,247,Caroline Valetkevitchr,31,118172.64,9932.72,0,2,3,4,"Home Equity Loan, Payday Loan, Auto Loan, and Auto Loan",9,8,5.71,1,Good,701.27,34.36177609,16 Years and 5 Months,No,366.868297,475.7595019,LowspentSmallvaluepayments,440.6442011,Good,,,,,,,,,,,,
April,247,Caroline Valetkevitchr,31,118172.64,9932.72,0,2,3,4,"Home Equity Loan, Payday Loan, Auto Loan, and Auto Loan",10,,5.71,1,,701.27,36.57764563,16 Years and 6 Months,No,366.868297,75.38542323,HighspentLargevaluepayments,791.0182797,Good,,,,,,,,,,,,
May,247,Caroline Valetkevitchr,31,118172.64,9932.72,0,2,3,4,"Home Equity Loan, Payday Loan, Auto Loan, and Auto Loan",10,8,9.71,1,Good,701.27,26.54589289,16 Years and 7 Months,No,366.868297,398.2364516,HighspentMediumvaluepayments,478.1672513,Good,,,,,,,,,,,,
June,247,Caroline Valetkevitchr,32,118172.64,9932.72,0,2,3,4,"Home Equity Loan, Payday Loan, Auto Loan, and Auto Loan",5,8,5.71,1,Good,701.27,27.46685807,16 Years and 8 Months,No,366.868297,194.3837606,!@9#%8,672.0199423,Good,,,,,,,,,,,,
July,247,Caroline Valetkevitchr,32,118172.64,9449.416386,0,2,3,4,"Home Equity Loan, Payday Loan, Auto Loan, and Auto Loan",10,8,2.71,1,Good,701.27,24.07114141,16 Years and 9 Months,No,850.1719107,1288.99644,Low_spent_Small_value_payments,0,Standard,,,,,,,,,,,,
August,247,Caroline Valetkevitchr,32,118172.64,9449.416386,0,2,3,4,"Home Equity Loan, Payday Loan, Auto Loan, and Auto Loan",10,8,5.71,1,_,701.27,38.10897888,16 Years and 10 Months,No,850.1719107,236.1630576,High_spent_Small_value_payments,650.2406454,Good,,,,,,,,,,,,
January,248,Lynchj,34,19623.18,9449.416386,9,8,26,2,"Debt Consolidation Loan, and Auto Loan",17,14,11.26,11,Standard,1369.54,31.93186622,7 Years and 7 Months,Yes,19.7587278,159.7337128,LowspentSmallvaluepayments,291.1340594,Poor,,,,,,,,,,,,
February,248,Lynchj,34,19623.18,1806.265,9,8,26,2,"Debt Consolidation Loan, and Auto Loan",13,14,11.26,11,Standard,1369.54,24.31216014,7 Years and 8 Months,NM,19.7587278,116.0962072,LowspentSmallvaluepayments,334.771565,Poor,,,,,,,,,,,,
March,248,Lynchj,34,19623.18,1806.265,9,8,26,2,"Debt Consolidation Loan, and Auto Loan",17,14,11.26,11,Standard,1369.54,37.93478965,NA,Yes,19.7587278,24.9633652,HighspentMediumvaluepayments,385.904407,Poor,,,,,,,,,,,,
April,248,Lynchj,35,19623.18,1806.265,9,8,26,2,"Debt Consolidation Loan, and Auto Loan",19,14,11.26,11,Standard,1369.54,24.87441534,7 Years and 10 Months,Yes,19.7587278,35.51862546,HighspentLargevaluepayments,365.3491467,Standard,,,,,,,,,,,,
May,248,Lynchj,35,19623.18,1806.265,9,8,26,2,"Debt Consolidation Loan, and Auto Loan",18,14,11.26,11,,1369.54,26.83457273,7 Years and 11 Months,NM,19.7587278,240.6802672,LowspentSmallvaluepayments,210.187505,Standard,,,,,,,,,,,,
June,248,Lynchj,35,19623.18,1806.265,9,8,26,2,"Debt Consolidation Loan, and Auto Loan",22,,11.26,16,Standard,1369.54,26.60221265,8 Years and 0 Months,NM,19.7587278,19.08460556,HighspentLargevaluepayments,381.7831666,Standard,,,,,,,,,,,,
July,248,Lynchj,35,19623.18,1806.265,9,8,26,2,"Debt Consolidation Loan, and Auto Loan",22,14,11.26,16,Standard,1369.54,27.78569919,8 Years and 1 Months,Yes,19.7587278,105.147,High_spent_Small_value_payments,315.7207722,Poor,,,,,,,,,,,,
August,248,Lynchj,35,19623.18,,9,8,26,2,"Debt Consolidation Loan, and Auto Loan",17,11,11.26,16,_,1369.54,26.31710973,NA,Yes,19.7587278,94.97377153,Low_spent_Medium_value_payments,345.8940007,Poor,,,,,,,,,,,,
January,249,,32,63197.26,5042.438333,6,3,13,3,"Debt Consolidation Loan, Student Loan, and Student Loan",15,15,13.43,8,Standard,1435.94,23.49229303,NA,Yes,148.4745434,599.8560026,LowspentSmallvaluepayments,45.91328725,Standard,,,,,,,,,,,,
February,249,Lawrence Whitec,32,63197.26,5042.438333,6,3,13,3,"Debt Consolidation Loan, Student Loan, and Student Loan",10,15,13.43,8,,1435.94,34.17039855,23 Years and 8 Months,Yes,148.4745434,272.2139749,HighspentSmallvaluepayments,343.555315,Standard,,,,,,,,,,,,
March,249,Lawrence Whitec,32,63197.26,5042.438333,6,3,13,3,"Debt Consolidation Loan, Student Loan, and Student Loan",15,15,13.43,8,,1435.94,24.14153939,23 Years and 9 Months,Yes,148.4745434,480.9895412,LowspentMediumvaluepayments,154.7797487,Standard,,,,,,,,,,,,
April,249,Lawrence Whitec,32,63197.26,5042.438333,6,3,13,3,"Debt Consolidation Loan, Student Loan, and Student Loan",15,15,13.43,8,Standard,1435.94,27.36330156,23 Years and 10 Months,Yes,148.4745434,514.812291,LowspentSmallvaluepayments,130.9569989,Standard,,,,,,,,,,,,
May,249,Lawrence Whitec,32,63197.26,5042.438333,6,3,13,3,"Debt Consolidation Loan, Student Loan, and Student Loan",15,15,13.43,12,Standard,1435.94,27.1348592,23 Years and 11 Months,Yes,148.4745434,88.91943271,HighspentMediumvaluepayments,516.8498572,Standard,,,,,,,,,,,,
June,249,Lawrence Whitec,32,63197.26,5042.438333,6,3,13,3,"Debt Consolidation Loan, Student Loan, and Student Loan",15,15,13.43,12,Standard,1435.94,34.1650074,24 Years and 0 Months,Yes,148.4745434,,HighspentMediumvaluepayments,505.8430258,Standard,,,,,,,,,,,,
July,249,Lawrence Whitec,32,63197.26,5042.438333,6,3,13,3,"Debt Consolidation Loan, Student Loan, and Student Loan",15,16,13.43,12,Standard,1435.94,38.84157707,24 Years and 1 Months,Yes,148.4745434,542.2271696,Low_spent_Small_value_payments,103.5421203,Standard,,,,,,,,,,,,
August,249,Lawrence Whitec,32,63197.26,5042.438333,6,3,13,3,"Debt Consolidation Loan, Student Loan, and Student Loan",16,12,13.43,12,Standard,1435.94_,40.22106488,24 Years and 2 Months,Yes,148.4745434,190.2057837,Low_spent_Small_value_payments,455.5635062,Standard,,,,,,,,,,,,
January,250,Claren,35,10007.815,757.9845833,4,4,8,7,"Student Loan, Personal Loan, Auto Loan, Payday Loan, Credit-Builder Loan, Credit-Builder Loan, and Not Specified",7,8,19.16,5,Standard,2195.63,36.7091872,19 Years and 7 Months,Yes,55.9509731,35.92782529,LowspentSmallvaluepayments,273.9196599,Standard,,,,,,,,,,,,
February,250,Claren,35,10007.815,757.9845833,4,4,8,7,"Student Loan, Personal Loan, Auto Loan, Payday Loan, Credit-Builder Loan, Credit-Builder Loan, and Not Specified",12,6,17.16,5,Standard,2195.63,24.12979148,19 Years and 8 Months,Yes,55.9509731,23.09480989,LowspentLargevaluepayments,266.7526754,Standard,,,,,,,,,,,,
March,250,Claren,35,10007.815,757.9845833,4,4,8,7,"Student Loan, Personal Loan, Auto Loan, Payday Loan, Credit-Builder Loan, Credit-Builder Loan, and Not Specified",11,8,17.16,,Standard,2195.63,31.84849417,19 Years and 9 Months,Yes,55.9509731,40.39014789,LowspentMediumvaluepayments,259.4573374,Standard,,,,,,,,,,,,
April,250,Claren,35,10007.815,757.9845833,4,4,8,7,"Student Loan, Personal Loan, Auto Loan, Payday Loan, Credit-Builder Loan, Credit-Builder Loan, and Not Specified",7,8,17.16,5,Standard,2195.63,28.10855089,NA,Yes,55.9509731,,LowspentSmallvaluepayments,255.7664482,Standard,,,,,,,,,,,,
May,250,Claren,35,10007.815,757.9845833,4,4,8,7,"Student Loan, Personal Loan, Auto Loan, Payday Loan, Credit-Builder Loan, Credit-Builder Loan, and Not Specified",8,8,17.16,5,Standard,2195.63,25.26247583,19 Years and 11 Months,NM,55.9509731,53.19634625,LowspentLargevaluepayments,236.651139,Standard,,,,,,,,,,,,
June,250,Claren,35,10007.815,757.9845833,4,4,8,7,"Student Loan, Personal Loan, Auto Loan, Payday Loan, Credit-Builder Loan, Credit-Builder Loan, and Not Specified",7,11,17.16,7,Standard,2195.63,30.9704132,20 Years and 0 Months,Yes,55.9509731,43.72257911,HighspentSmallvaluepayments,236.1249061,Standard,,,,,,,,,,,,
July,250,Claren,36,10007.815,757.9845833,4,4,8,7,"Student Loan, Personal Loan, Auto Loan, Payday Loan, Credit-Builder Loan, Credit-Builder Loan, and Not Specified",4,8,17.16,7,_,2195.63,23.52134313,20 Years and 1 Months,Yes,55.9509731,100.2598369,Low_spent_Small_value_payments,209.5876484,Standard,,,,,,,,,,,,
August,250,Claren,36,10007.815,757.9845833,4,4,8,7,"Student Loan, Personal Loan, Auto Loan, Payday Loan, Credit-Builder Loan, Credit-Builder Loan, and Not Specified",7,6,17.16,7,Standard,2195.63,34.91856025,20 Years and 2 Months,Yes,55.9509731,61.70153841,Low_spent_Small_value_payments,248.1459468,Standard,,,,,,,,,,,,
January,251,Norihiko Shirouzun,27,121688.04,10006.67,7,3,5721,4,"Personal Loan, Mortgage Loan, Not Specified, and Payday Loan",18,13,0.66,2,Standard,54.68,38.01558168,25 Years and 9 Months,NM,288.6654547,139.3412612,HighspentLargevaluepayments,812.6602841,Standard,,,,,,,,,,,,
February,251,Norihiko Shirouzun,27,121688.04,10006.67,7,3,12,4,"Personal Loan, Mortgage Loan, Not Specified, and Payday Loan",20,13,0.66,2,Standard,54.68,31.37490121,NA,NM,288.6654547,228.9476866,HighspentLargevaluepayments,723.0538588,Standard,,,,,,,,,,,,
March,251,Norihiko Shirouzun,27,121688.04,10006.67,7,3,12,4,"Personal Loan, Mortgage Loan, Not Specified, and Payday Loan",20,15,0.66,2,Standard,54.68,36.9638366,NA,No,288.6654547,75.12970315,HighspentLargevaluepayments,876.8718422,Standard,,,,,,,,,,,,
April,251,Norihiko Shirouzun,27,121688.04,10006.67,7,3,12,4,"Personal Loan, Mortgage Loan, Not Specified, and Payday Loan",20,,0.66,2,Standard,54.68,25.69460969,26 Years and 0 Months,No,288.6654547,370.4092471,LowspentSmallvaluepayments,631.5922982,Standard,,,,,,,,,,,,
May,251,Norihiko Shirouzun,27,121688.04,10006.67,7,3,12,4,"Personal Loan, Mortgage Loan, Not Specified, and Payday Loan",20,15,0.66,4,Standard,54.68,40.18842138,26 Years and 1 Months,No,288.6654547,119.4309876,HighspentLargevaluepayments,832.5705577,Standard,,,,,,,,,,,,
June,251,,27,121688.04,10006.67,7,3,12,4,"Personal Loan, Mortgage Loan, Not Specified, and Payday Loan",20,14,0.66,4,Standard,54.68,29.73715836,26 Years and 2 Months,No,288.6654547,480.0224306,HighspentSmallvaluepayments,491.9791147,Standard,,,,,,,,,,,,
July,251,Norihiko Shirouzun,27,121688.04,10006.67,7,3,12,4,"Personal Loan, Mortgage Loan, Not Specified, and Payday Loan",20,15,0.66,4,Standard,54.68,31.85936751,NA,No,288.6654547,368.7086939,High_spent_Medium_value_payments,593.2928514,Good,,,,,,,,,,,,
August,251,Norihiko Shirouzun,28,121688.04,10006.67,7,3,12,4,"Personal Loan, Mortgage Loan, Not Specified, and Payday Loan",20,15,0.66,4,_,54.68,31.92005704,26 Years and 4 Months,NM,288.6654547,178.2493272,High_spent_Medium_value_payments,783.7522181,Good,,,,,,,,,,,,
January,252,,21,31069.32,2361.11,2,3,12,352,"Auto Loan, and Student Loan",14,3,7.78,2,Good,343.6,36.40319142,18 Years and 11 Months,No,34.16860445,139.0871475,LowspentMediumvaluepayments,342.855248,Good,,,,,,,,,,,,
February,252,Bakerz,21,31069.32,2361.11,2,3,12,2,"Auto Loan, and Student Loan",14,2,5.78,2,Good,343.6,32.99867955,19 Years and 0 Months,No,34.16860445,190.5748496,LowspentSmallvaluepayments,301.367546,Good,,,,,,,,,,,,
March,252,Bakerz,21,31069.32,2361.11,2,3,12,2,"Auto Loan, and Student Loan",14,2,7.78,7,Good,343.6,37.58608937,NA,No,34.16860445,64.64985253,!@9#%8,397.292543,Good,,,,,,,,,,,,
April,252,Bakerz,21,31069.32,2361.11,2,3,12,2,"Auto Loan, and Student Loan",19,2,7.78,7,Good,343.6,30.2439151,19 Years and 2 Months,No,34.16860445,65.3958207,HighspentMediumvaluepayments,386.5465748,Standard,,,,,,,,,,,,
May,252,Bakerz,21,31069.32,2361.11,2,3,12,2,"Auto Loan, and Student Loan",14,2,4.78,7,Good,343.6,38.81479471,19 Years and 3 Months,No,34.16860445,34.74442449,HighspentMediumvaluepayments,417.1979711,Good,,,,,,,,,,,,
June,252,Bakerz,21,31069.32,2361.11,2,3,12,2,"Auto Loan, and Student Loan",14,2,7.78,7,,343.6,30.45952122,19 Years and 4 Months,No,34.16860445,139.5329775,HighspentSmallvaluepayments,322.409418,Good,,,,,,,,,,,,
July,252,Bakerz,21,31069.32,2361.11,2,3,12,2,"Auto Loan, and Student Loan",9,2,7.78,7,Good,343.6,38.87826934,19 Years and 5 Months,No,34.16860445,10000,Low_spent_Small_value_payments,221.0082741,Good,,,,,,,,,,,,
August,252,Bakerz,21_,31069.32,2361.11,2,3,12,2,"Auto Loan, and Student Loan",19,,7.78,7,Good,343.6,27.61897222,19 Years and 6 Months,No,34.16860445,128.8007307,Low_spent_Large_value_payments,343.1416648,Good,,,,,,,,,,,,
January,253,Suvashree Deyw,38,72241.02,2361.11,8,4,4,1,Payday Loan,30,14,0.67,4,Good,843.44,34.19870136,28 Years and 10 Months,NM,39.80832826,10000,LowspentSmallvaluepayments,536.4628937,Good,,,,,,,,,,,,
February,253,Suvashree Deyw,38,72241.02,5751.085,8,4,4,1,Payday Loan,29,12,0.67,4,Good,843.44,34.2383986,28 Years and 11 Months,No,39.80832826,215.9806967,HighspentSmallvaluepayments,579.319475,Good,,,,,,,,,,,,
March,253,Suvashree Deyw,38,72241.02,5751.085,8,4,4,1,Payday Loan,35,12,0.67,4,,843.44,39.703629,29 Years and 0 Months,No,39.80832826,443.9981018,LowspentSmallvaluepayments,381.30207,Good,,,,,,,,,,,,
April,253,Suvashree Deyw,38,72241.02,5751.085,8,4,4,1,Payday Loan,30,12,0.67,4,,843.44,37.308949,29 Years and 1 Months,No,39.80832826,580.8438848,LowspentSmallvaluepayments,244.4562869,Standard,,,,,,,,,,,,
May,253,Suvashree Deyw,39,72241.02,5751.085,8,4,4,1,Payday Loan,25,12,0.67,7,Good,843.44,35.39100785,NA,No,39.80832826,79.92770138,HighspentLargevaluepayments,695.3724704,Good,,,,,,,,,,,,
June,253,,39,72241.02,5751.085,8,4,4,1,Payday Loan,30,12,0.67,7,Good,843.44,40.61734285,NA,NM,39.80832826,286.9511577,HighspentSmallvaluepayments,508.349014,Standard,,,,,,,,,,,,
July,253,,39,72241.02,5751.085,8,4,4,1,Payday Loan,30,,0.67,7,Good,843.44,28.35508981,29 Years and 4 Months,No,39.80832826,305.993903,High_spent_Small_value_payments,489.3062687,Good,,,,,,,,,,,,
August,253,Suvashree Deyw,39,72241.02,5751.085,8,4,4,1,Payday Loan,27,12,0.67,7,Good,843.44,25.2228736,29 Years and 5 Months,No,39.80832826,313.6563811,High_spent_Small_value_payments,481.6437906,Good,,,,,,,,,,,,
January,254,Laurens,24,7612.725,928.39375,8,5,16,6,"Mortgage Loan, Payday Loan, Student Loan, Debt Consolidation Loan, Home Equity Loan, and Personal Loan",60,24,6.06,10,Bad,1514.74,25.61720755,8 Years and 5 Months,Yes,27.52282261,65.42688294,LowspentSmallvaluepayments,289.8896694,Standard,,,,,,,,,,,,
February,254,Laurens,25,7612.725,928.39375,8,5,16,6,"Mortgage Loan, Payday Loan, Student Loan, Debt Consolidation Loan, Home Equity Loan, and Personal Loan",65,25,6.06,10,Bad,1514.74,23.05740299,8 Years and 6 Months,Yes,27.52282261,29.43037932,HighspentMediumvaluepayments,285.8861731,Poor,,,,,,,,,,,,
March,254,Laurens,25,7612.725,928.39375,8,5,16,6,"Mortgage Loan, Payday Loan, Student Loan, Debt Consolidation Loan, Home Equity Loan, and Personal Loan",60,,6.06,10,Bad,1514.74,28.44995337,8 Years and 7 Months,Yes,27.52282261,33.26399182,LowspentSmallvaluepayments,322.0525606,Poor,,,,,,,,,,,,
April,254,Laurens,25,7612.725,928.39375,8,1477,16,6,"Mortgage Loan, Payday Loan, Student Loan, Debt Consolidation Loan, Home Equity Loan, and Personal Loan",60,25,6.06,10,Bad,1514.74,36.18465799,8 Years and 8 Months,Yes,27.52282261,99.6797675,LowspentSmallvaluepayments,255.6367849,Poor,,,,,,,,,,,,
May,254,Laurens,25,7612.725,928.39375,8,5,16,6,"Mortgage Loan, Payday Loan, Student Loan, Debt Consolidation Loan, Home Equity Loan, and Personal Loan",57,25,6.06,10,Bad,1514.74,23.41415974,8 Years and 9 Months,Yes,27.52282261,24.41633266,!@9#%8,320.9002197,Poor,,,,,,,,,,,,
June,254,Laurens,25,7612.725,928.39375,8,5,16,6,"Mortgage Loan, Payday Loan, Student Loan, Debt Consolidation Loan, Home Equity Loan, and Personal Loan",59,,6.06,10,Bad,1514.74,27.01520189,8 Years and 10 Months,Yes,27.52282261,72.79179303,LowspentMediumvaluepayments,272.5247594,Poor,,,,,,,,,,,,
July,254,Laurens,25,7612.725,928.39375,8,5,16,6,"Mortgage Loan, Payday Loan, Student Loan, Debt Consolidation Loan, Home Equity Loan, and Personal Loan",60,24,10.06,13,Bad,1514.74,23.41579803,8 Years and 11 Months,Yes,27.52282261,10000,Low_spent_Small_value_payments,240.0748895,Poor,,,,,,,,,,,,
August,254,Laurens,25,7612.725,928.39375,8,5,16,6,"Mortgage Loan, Payday Loan, Student Loan, Debt Consolidation Loan, Home Equity Loan, and Personal Loan",60,25,6.06,13,Bad,1514.74,38.57740585,9 Years and 0 Months,Yes,27.52282261,38.53797533,High_spent_Medium_value_payments,276.7785771,Standard,,,,,,,,,,,,
January,255,Sinead Carewx,46,16953.985,1684.832083,4,5,4,2,"Auto Loan, and Personal Loan",1,2,11.64,2,Good,554.48,27.45418512,27 Years and 4 Months,No,18.28600919,132.9254588,LowspentSmallvaluepayments,307.2717403,Poor,,,,,,,,,,,,
February,255,Sinead Carewx,46,16953.985,1684.832083,4,5,4,2,"Auto Loan, and Personal Loan",1,4,10.64,2,Good,554.48,27.2324528,27 Years and 5 Months,NM,18.28600919,53.31064238,HighspentMediumvaluepayments,346.8865568,Poor,,,,,,,,,,,,
March,255,Sinead Carewx,46,16953.985,1684.832083,1777,5,4,2,"Auto Loan, and Personal Loan",5,3,9.64,5,,554.48,28.23646894,27 Years and 6 Months,No,18.28600919,118.1474319,LowspentLargevaluepayments,302.0497672,Poor,,,,,,,,,,,,
April,255,Sinead Carewx,46,16953.985,1684.832083,4,5,4,2,"Auto Loan, and Personal Loan",1,4,10.64,5,Good,554.48,37.62032239,27 Years and 7 Months,No,18.28600919,155.7776626,LowspentMediumvaluepayments,274.4195365,Poor,,,,,,,,,,,,
May,255,Sinead Carewx,46,16953.985,1684.832083,4,5,4,2,"Auto Loan, and Personal Loan",-2,,10.64,5,Good,554.48,26.23360929,NA,No,18.28600919,39.5123144,HighspentMediumvaluepayments,360.6848847,Poor,,,,,,,,,,,,
June,255,Sinead Carewx,46,16953.985,1684.832083,4,5,4,2,"Auto Loan, and Personal Loan",1,4,10.64,5,Good,554.48,28.39016805,27 Years and 9 Months,NM,18.28600919,213.1422738,LowspentSmallvaluepayments,227.0549254,Poor,,,,,,,,,,,,
July,255,Sinead Carewx,46_,16953.985,1684.832083,4,5,4,2,"Auto Loan, and Personal Loan",1,4,10.64,5,Good,554.48,31.05427791,27 Years and 10 Months,No,18.28600919,217.2101516,Low_spent_Small_value_payments,222.9870476,Poor,,,,,,,,,,,,
August,255,Sinead Carewx,46,16953.985,,4,5,4,2,"Auto Loan, and Personal Loan",1,4,10.64,5,Good,554.48,24.75698985,27 Years and 11 Months,No,18.28600919,24.23412328,High_spent_Medium_value_payments,375.9630759,Poor,,,,,,,,,,,,
January,256,Zhdannikovi,21,125508.36,10559.03,2,3,5,4,"Mortgage Loan, Student Loan, Debt Consolidation Loan, and Student Loan",7,8,3.57,3,Good,505.14,29.3709951,32 Years and 8 Months,No,305.302835,905.9374723,LowspentMediumvaluepayments,124.6626926,Poor,,,,,,,,,,,,
February,256,Zhdannikovi,21,125508.36,10559.03,2,3,5,4,"Mortgage Loan, Student Loan, Debt Consolidation Loan, and Student Loan",7,8,-3.43,3,Good,505.14,30.53679375,32 Years and 9 Months,No,305.302835,620.8051628,LowspentMediumvaluepayments,409.7950022,Poor,,,,,,,,,,,,
March,256,Zhdannikovi,21,125508.36,10559.03,2,3,5,4,"Mortgage Loan, Student Loan, Debt Consolidation Loan, and Student Loan",7,8,3.57,3,Good,505.14,27.60966879,32 Years and 10 Months,No,305.302835,88.61589625,HighspentLargevaluepayments,901.9842687,Poor,,,,,,,,,,,,
April,256,Zhdannikovi,21,125508.36,10559.03,2,3,5,4,"Mortgage Loan, Student Loan, Debt Consolidation Loan, and Student Loan",7,8,3.57,3,,505.14,23.6169795,32 Years and 11 Months,No,305.302835,1209.865496,LowspentSmallvaluepayments,0,Poor,,,,,,,,,,,,
May,256,Zhdannikovi,21,125508.36,10559.03,2,3,5,4,"Mortgage Loan, Student Loan, Debt Consolidation Loan, and Student Loan",9,8,-0.43,3,Good,505.14,28.48314348,33 Years and 0 Months,No,305.302835,216.3960758,HighspentLargevaluepayments,774.2040892,Poor,,,,,,,,,,,,
June,256,Zhdannikovi,22,125508.36,10559.03,2,3,5,4,"Mortgage Loan, Student Loan, Debt Consolidation Loan, and Student Loan",6,10,3.57,3,Good,505.14,30.84435074,33 Years and 1 Months,NM,305.302835,492.8908124,LowspentMediumvaluepayments,537.7093525,Poor,,,,,,,,,,,,
July,256,Zhdannikovi,22,125508.36,10559.03,2,3,5,4,"Mortgage Loan, Student Loan, Debt Consolidation Loan, and Student Loan",8,8,3.57,3,Good,505.14,25.48633677,33 Years and 2 Months,No,305.302835,222.1994255,High_spent_Large_value_payments,768.4007395,Poor,,,,,,,,,,,,
August,256,Zhdannikovi,22,125508.36,10559.03,2,3,5,4,"Mortgage Loan, Student Loan, Debt Consolidation Loan, and Student Loan",7,8,3.57,3,_,505.14,42.73577392,33 Years and 3 Months,No,305.302835,443.1330641,High_spent_Medium_value_payments,557.4671008,Poor,,,,,,,,,,,,
January,257,Anna Yukhananovm,16,7495.305,533.60875,6,5,3487,4,"Debt Consolidation Loan, Payday Loan, Credit-Builder Loan, and Student Loan",27,14,21.12,10,Standard,2354.21,35.66810712,5 Years and 11 Months,Yes,16.15751629,28.13243641,HighspentSmallvaluepayments,269.0709223,Poor,,,,,,,,,,,,
February,257,,16,7495.305,533.60875,6,5,28,4,"Debt Consolidation Loan, Payday Loan, Credit-Builder Loan, and Student Loan",22,14,17.12,10,Standard,2354.21,25.76213052,6 Years and 0 Months,Yes,16.15751629,,HighspentMediumvaluepayments,270.0871244,Poor,,,,,,,,,,,,
March,257,,16,7495.305,533.60875,6,5,28,4,"Debt Consolidation Loan, Payday Loan, Credit-Builder Loan, and Student Loan",22,14,20.12,10,Standard,2354.21,22.73141873,6 Years and 1 Months,Yes,16.15751629,17.73912641,HighspentMediumvaluepayments,269.4642323,Poor,,,,,,,,,,,,
April,257,Anna Yukhananovm,16,7495.305,533.60875,6,5,28,4,"Debt Consolidation Loan, Payday Loan, Credit-Builder Loan, and Student Loan",22,15,17.12,10,,2354.21,28.15313155,6 Years and 2 Months,Yes,42456,19.15090088,LowspentLargevaluepayments,288.0524578,Poor,,,,,,,,,,,,
May,257,Anna Yukhananovm,16,7495.305,533.60875,6,615,28,4,"Debt Consolidation Loan, Payday Loan, Credit-Builder Loan, and Student Loan",22,14,17.12,10,,2354.21,37.73661774,6 Years and 3 Months,Yes,16.15751629,10000,LowspentMediumvaluepayments,269.4540116,Poor,,,,,,,,,,,,
June,257,Anna Yukhananovm,16,7495.305,533.60875,6,5,28,4,"Debt Consolidation Loan, Payday Loan, Credit-Builder Loan, and Student Loan",22,14,17.12,13,Standard,2354.21,26.24606214,6 Years and 4 Months,Yes,16.15751629,21.91516119,HighspentMediumvaluepayments,265.2881975,Poor,,,,,,,,,,,,
July,257,Anna Yukhananovm,16,7495.305,,6,5,28,4,"Debt Consolidation Loan, Payday Loan, Credit-Builder Loan, and Student Loan",22,17,17.12,13,Standard,2354.21,25.99967604,NA,NM,16.15751629,64.60524586,Low_spent_Small_value_payments,262.5981128,Poor,,,,,,,,,,,,
August,257,Anna Yukhananovm,16,7495.305,533.60875,6,5,28,4,"Debt Consolidation Loan, Payday Loan, Credit-Builder Loan, and Student Loan",22,14,17.12,13,Standard,2354.21_,37.98240232,6 Years and 6 Months,Yes,16.15751629,10000,Low_spent_Small_value_payments,290.5116085,Poor,,,,,,,,,,,,
January,258,Sarahr,14,35133.49,2883.790833,4,4,8,3,"Home Equity Loan, Mortgage Loan, and Student Loan",16,12,7.29,4,Standard,586.6,27.1416748,NA,Yes,45.89291064,56.83254091,HighspentMediumvaluepayments,435.6536318,Standard,,,,,,,,,,,,
February,258,,14,35133.49,2883.790833,4,4,8,3,"Home Equity Loan, Mortgage Loan, and Student Loan",16,12,7.29,4,Standard,586.6,36.06031825,28 Years and 5 Months,Yes,45.89291064,101.1365837,LowspentLargevaluepayments,411.349589,Standard,,,,,,,,,,,,
March,258,Sarahr,14,35133.49,2883.790833,4,4,8,3,"Home Equity Loan, Mortgage Loan, and Student Loan",16,12,7.29,4,Standard,586.6,31.61112059,28 Years and 6 Months,Yes,45.89291064,23.62323725,HighspentLargevaluepayments,458.8629354,Standard,,,,,,,,,,,,
April,258,Sarahr,14,35133.49,2883.790833,4,4,8,3,"Home Equity Loan, Mortgage Loan, and Student Loan",16,12,7.29,4,Standard,586.6,38.00248705,28 Years and 7 Months,Yes,45.89291064,237.1353319,LowspentSmallvaluepayments,295.3508408,Standard,,,,,,,,,,,,
May,258,Sarahr,14,35133.49,2883.790833,4,4,8,3,"Home Equity Loan, Mortgage Loan, and Student Loan",16,12,7.29,4,Standard,586.6,29.72557604,28 Years and 8 Months,Yes,45.89291064,187.5991649,HighspentSmallvaluepayments,314.8870077,Standard,,,,,,,,,,,,
June,258,Sarahr,15,35133.49,2883.790833,4,4,8,3,"Home Equity Loan, Mortgage Loan, and Student Loan",16,9,7.29,4,Standard,586.6,39.80631565,28 Years and 9 Months,Yes,45.89291064,77.38869232,HighspentMediumvaluepayments,415.0974804,Standard,,,,,,,,,,,,
July,258,Sarahr,15,35133.49,2883.790833,4,4,8,3,"Home Equity Loan, Mortgage Loan, and Student Loan",16,10,7.29,4,Standard,586.6,39.52132698,28 Years and 10 Months,Yes,45.89291064,169.3064742,Low_spent_Medium_value_payments,353.1796985,Standard,,,,,,,,,,,,
August,258,Sarahr,15,35133.49,2883.790833,4,4,8,3,"Home Equity Loan, Mortgage Loan, and Student Loan",12,12,7.29,4,_,586.6,38.54613994,28 Years and 11 Months,Yes,45.89291064,23.68052109,High_spent_Large_value_payments,458.8056516,Standard,,,,,,,,,,,,
January,259,Annab,48,16866.5,2883.790833,4,4,19,1,Home Equity Loan,31,12,1.31,4,Standard,1385.89,35.01240654,28 Years and 4 Months,NM,8.540130456,164.7074492,LowspentMediumvaluepayments,268.306587,Standard,,,,,,,,,,,,
February,259,Annab,48,16866.5,1615.541667,4,4,19,1,Home Equity Loan,27,12,1.31,4,Standard,1385.89,37.76437885,28 Years and 5 Months,No,8.540130456,105.6042788,HighspentSmallvaluepayments,307.4097574,Standard,,,,,,,,,,,,
March,259,Annab,48,16866.5,1615.541667,4,4,19,1,Home Equity Loan,24,12,-3.69,4,Standard,1385.89,24.83085992,28 Years and 6 Months,NM,8.540130456,146.0354618,LowspentSmallvaluepayments,296.9785744,Standard,,,,,,,,,,,,
April,259,Annab,48,16866.5,1615.541667,4,4,19,1,Home Equity Loan,27,12,-2.69,6,Standard,1385.89,29.84520075,28 Years and 7 Months,No,8.540130456,75.03217052,HighspentSmallvaluepayments,337.9818657,Standard,,,,,,,,,,,,
May,259,Annab,48,16866.5,1615.541667,4,4,19,1,Home Equity Loan,27,10,1.31,6,Standard,1385.89,40.31867625,28 Years and 8 Months,No,8.540130456,10000,LowspentMediumvaluepayments,352.5524351,Standard,,,,,,,,,,,,
June,259,Annab,48,16866.5,1615.541667,4,4,19,1,Home Equity Loan,27,14,1.31,6,Standard,1385.89,24.1217729,28 Years and 9 Months,No,8.540130456,196.1866152,LowspentSmallvaluepayments,246.827421,Standard,,,,,,,,,,,,
July,259,Annab,48,16866.5,,4,4,19,1,Home Equity Loan,27,12,1.31,6,Standard,1385.89,34.03684997,NA,No,8.540130456,208.6207848,Low_spent_Small_value_payments,234.3932514,Standard,,,,,,,,,,,,
August,259,Annab,49,16866.5,1615.541667,4,4,19,1,Home Equity Loan,27,12,1.31,6,Standard,1385.89,34.51794169,28 Years and 11 Months,No,8.540130456,93.82043655,!@9#%8,349.1935997,Standard,,,,,,,,,,,,
January,260,Alpere,33,18969.19,1849.765833,1,7,8,0,,13,11,3.36,2,Good,54.82,32.64698134,NA,NM,0,200.3277724,LowspentSmallvaluepayments,274.648811,Standard,,,,,,,,,,,,
February,260,Alpere,33,18969.19,1849.765833,1,7,8,0,,13,9,3.36,2,Good,54.82,23.95026033,23 Years and 2 Months,No,0,10000,HighspentLargevaluepayments,402.5706565,Standard,,,,,,,,,,,,
March,260,Alpere,33,18969.19,1849.765833,1,7,8,0,,10,6,3.36,2,Good,54.82,29.56421648,23 Years and 3 Months,No,0,,HighspentMediumvaluepayments,410.9503828,Standard,,,,,,,,,,,,
April,260,Alpere,33,18969.19,1849.765833,1,7,8,0,,13,9,3.36,2,Good,54.82,25.29020013,23 Years and 4 Months,No,0,131.7815948,LowspentSmallvaluepayments,343.1949885,Poor,,,,,,,,,,,,
May,260,Alpere,33,18969.19,1849.765833,1,7,8,0,,13,9,3.36,2,Good,54.82,25.16238265,NA,No,0,117.2167627,LowspentSmallvaluepayments,357.7598206,Poor,,,,,,,,,,,,
June,260,Alpere,33,18969.19,1849.765833,1,7,8,0,,12,9,3.36,2,Good,54.82,27.20714969,23 Years and 6 Months,No,0,74.64520025,HighspentMediumvaluepayments,360.3313831,Poor,,,,,,,,,,,,
July,260,Alpere,33,18969.19,,1,7,8,0,,13,12,3.36,2,_,54.82,37.38904457,23 Years and 7 Months,No,0,182.9777944,Low_spent_Small_value_payments,291.998789,Standard,,,,,,,,,,,,
August,260,Alpere,33,18969.19,1849.765833,1,7,8,0,,13,9,3.36,4,Good,54.82,25.36479718,23 Years and 8 Months,No,0,73.9401985,High_spent_Small_value_payments,371.0363848,Poor,,,,,,,,,,,,
January,261,Melanie Leer,55,36154.19,3247.849167,5,3,3,-100,"Credit-Builder Loan, and Not Specified",9,,10.39,2,,651.85,30.61774942,19 Years and 3 Months,No,30.64502724,23.09988104,HighspentLargevaluepayments,511.0400084,Good,,,,,,,,,,,,
February,261,Melanie Leer,55,36154.19,3247.849167,5,3,3,2,"Credit-Builder Loan, and Not Specified",9,8,8.39,2,Good,651.85,34.07270382,NA,No,30.64502724,329.0915329,LowspentMediumvaluepayments,245.0483565,Good,,,,,,,,,,,,
March,261,Melanie Leer,55,36154.19,3247.849167,5,3,3,2,"Credit-Builder Loan, and Not Specified",14,8,16.39,2,,651.85,34.48451532,19 Years and 5 Months,No,26884,48.54866226,HighspentLargevaluepayments,485.5912272,Good,,,,,,,,,,,,
April,261,Melanie Leer,55,36154.19,3247.849167,5,3,3,-100,"Credit-Builder Loan, and Not Specified",9,9,10.39,2,Good,651.85,26.60085892,19 Years and 6 Months,No,30.64502724,33.64055057,HighspentLargevaluepayments,500.4993389,Good,,,,,,,,,,,,
May,261,Melanie Leer,55,36154.19,3247.849167,5,3,3,2,"Credit-Builder Loan, and Not Specified",9,8,10.39,2,Good,651.85,26.09046339,19 Years and 7 Months,No,30.64502724,40.99144183,HighspentMediumvaluepayments,503.1484476,Good,,,,,,,,,,,,
June,261,Melanie Leer,55,36154.19,3247.849167,5,3,3,2,"Credit-Builder Loan, and Not Specified",14,,13.39,2,Good,651.85,34.58028462,19 Years and 8 Months,No,30.64502724,328.8393943,LowspentSmallvaluepayments,255.3004951,Good,,,,,,,,,,,,
July,261,,55,36154.19,3247.849167,5,3,3,2,"Credit-Builder Loan, and Not Specified",9,8,10.39,2,Good,651.85,30.26801904,19 Years and 9 Months,No,30.64502724,404.81945,Low_spent_Small_value_payments,179.3204394,Good,,,,,,,,,,,,
August,261,Melanie Leer,55,36154.19_,3247.849167,5,3,3,2,"Credit-Builder Loan, and Not Specified",9,8,10.39,2,Good,651.85,37.73210182,19 Years and 10 Months,No,30.64502724,,Low_spent_Small_value_payments,346.5410447,Good,,,,,,,,,,,,
January,262,Glenn Somervilleo,31,51113.85,3247.849167,7,9,30,9,"Auto Loan, Credit-Builder Loan, Home Equity Loan, Not Specified, Student Loan, Payday Loan, Home Equity Loan, Auto Loan, and Student Loan",33,26,20.82,9,Bad,3164.78,26.07919779,0 Years and 1 Months,Yes,214.8438774,228.6586235,LowspentLargevaluepayments,262.1462491,Standard,,,,,,,,,,,,
February,262,Glenn Somervilleo,31,51113.85,4356.4875,7,9,30,9,"Auto Loan, Credit-Builder Loan, Home Equity Loan, Not Specified, Student Loan, Payday Loan, Home Equity Loan, Auto Loan, and Student Loan",33,25,20.82,9,,3164.78,27.85381643,0 Years and 2 Months,Yes,214.8438774,155.0329118,HighspentMediumvaluepayments,315.7719608,Standard,,,,,,,,,,,,
March,262,Glenn Somervilleo,31,51113.85,4356.4875,7,9,30,9,"Auto Loan, Credit-Builder Loan, Home Equity Loan, Not Specified, Student Loan, Payday Loan, Home Equity Loan, Auto Loan, and Student Loan",33,25,21.82,9,Bad,3164.78,24.72580885,0 Years and 3 Months,Yes,37002,126.2129482,HighspentMediumvaluepayments,344.5919244,Standard,,,,,,,,,,,,
April,262,Glenn Somervilleo,31,51113.85,4356.4875,7,9,30,9,"Auto Loan, Credit-Builder Loan, Home Equity Loan, Not Specified, Student Loan, Payday Loan, Home Equity Loan, Auto Loan, and Student Loan",33,25,20.82,9,,3164.78,26.47300205,0 Years and 4 Months,Yes,214.8438774,134.2367842,HighspentMediumvaluepayments,336.5680884,Standard,,,,,,,,,,,,
May,262,Glenn Somervilleo,31,51113.85,4356.4875,7,9,30,9,"Auto Loan, Credit-Builder Loan, Home Equity Loan, Not Specified, Student Loan, Payday Loan, Home Equity Loan, Auto Loan, and Student Loan",33,26,20.82,9,,3164.78,32.38529025,0 Years and 5 Months,Yes,214.8438774,317.8771055,LowspentSmallvaluepayments,192.9277671,Standard,,,,,,,,,,,,
June,262,Glenn Somervilleo,31,51113.85,4356.4875,7,9,30,9,"Auto Loan, Credit-Builder Loan, Home Equity Loan, Not Specified, Student Loan, Payday Loan, Home Equity Loan, Auto Loan, and Student Loan",33,25,20.82,9,Bad,3164.78,24.57222703,0 Years and 6 Months,Yes,214.8438774,165.7241987,LowspentMediumvaluepayments,335.0806738,Standard,,,,,,,,,,,,
July,262,Glenn Somervilleo,31,51113.85,4356.4875,7,9,30,9,"Auto Loan, Credit-Builder Loan, Home Equity Loan, Not Specified, Student Loan, Payday Loan, Home Equity Loan, Auto Loan, and Student Loan",34,25,20.82,9,Bad,3164.78,33.35983991,0 Years and 7 Months,Yes,214.8438774,272.3717489,Low_spent_Medium_value_payments,228.4331237,Standard,,,,,,,,,,,,
August,262,Glenn Somervilleo,32,51113.85,4356.4875,7,9,30,9,"Auto Loan, Credit-Builder Loan, Home Equity Loan, Not Specified, Student Loan, Payday Loan, Home Equity Loan, Auto Loan, and Student Loan",33,28,20.82,9,_,3164.78,36.62570432,0 Years and 8 Months,Yes,214.8438774,107.7125187,Low_spent_Large_value_payments,383.0923539,Standard,,,,,,,,,,,,
January,263,,17,18784.88,4356.4875,8,3,26,7,"Payday Loan, Student Loan, Debt Consolidation Loan, Debt Consolidation Loan, Payday Loan, Student Loan, and Personal Loan",10,23,17.08,10,Standard,2076.13,27.91198292,17 Years and 10 Months,Yes,108.0336712,125.1353255,LowspentSmallvaluepayments,193.9716699,Standard,,,,,,,,,,,,
February,263,Peterd,17,18784.88,4356.4875,8,3,26,7,"Payday Loan, Student Loan, Debt Consolidation Loan, Debt Consolidation Loan, Payday Loan, Student Loan, and Personal Loan",8,20,17.08,10,Standard,2076.13,29.19600958,17 Years and 11 Months,Yes,108.0336712,73.1343173,LowspentMediumvaluepayments,235.9726781,Standard,,,,,,,,,,,,
March,263,Peterd,17,18784.88,1371.406667,8,3,26,7,"Payday Loan, Student Loan, Debt Consolidation Loan, Debt Consolidation Loan, Payday Loan, Student Loan, and Personal Loan",5,21,17.08,10,Standard,2076.13,21.90731963,18 Years and 0 Months,Yes,108.0336712,142.5593224,LowspentSmallvaluepayments,176.547673,Poor,,,,,,,,,,,,
April,263,Peterd,17,12311582,1371.406667,8,3,26,7,"Payday Loan, Student Loan, Debt Consolidation Loan, Debt Consolidation Loan, Payday Loan, Student Loan, and Personal Loan",7,23,17.08,10,,2076.13,22.88754371,18 Years and 1 Months,Yes,108.0336712,65.97861342,LowspentSmallvaluepayments,253.128382,Standard,,,,,,,,,,,,
May,263,Peterd,17,18784.88,1371.406667,8,3,26,-100,"Payday Loan, Student Loan, Debt Consolidation Loan, Debt Consolidation Loan, Payday Loan, Student Loan, and Personal Loan",8,20,17.08,12,,2076.13,39.10034913,18 Years and 2 Months,Yes,108.0336712,57.70125441,HighspentSmallvaluepayments,231.405741,Poor,,,,,,,,,,,,
June,263,Peterd,17,18784.88,1371.406667,8,3,26,7,"Payday Loan, Student Loan, Debt Consolidation Loan, Debt Consolidation Loan, Payday Loan, Student Loan, and Personal Loan",8,20,17.08,12,Standard,2076.13,25.48520998,18 Years and 3 Months,Yes,108.0336712,170.6748382,LowspentSmallvaluepayments,148.4321573,Poor,,,,,,,,,,,,
July,263,Peterd,8406,18784.88,1371.406667,8,3,26,7,"Payday Loan, Student Loan, Debt Consolidation Loan, Debt Consolidation Loan, Payday Loan, Student Loan, and Personal Loan",8,20_,23.08,12,Standard,2076.13,37.16424557,18 Years and 4 Months,Yes,108.0336712,90.13170543,Low_spent_Small_value_payments,228.97529,Poor,,,,,,,,,,,,
August,263,Peterd,18,18784.88,1371.406667,8,3,26,7,"Payday Loan, Student Loan, Debt Consolidation Loan, Debt Consolidation Loan, Payday Loan, Student Loan, and Personal Loan",3,19,17.08,12,Standard,2076.13,38.66418586,18 Years and 5 Months,Yes,108.0336712,127.7535305,Low_spent_Medium_value_payments,181.3534649,Poor,,,,,,,,,,,,
January,264,Lawdert,46,49889.38,4359.448333,6,7,8,0,,5,17,5.12,2,,1450.37,29.54595997,27 Years and 5 Months,No,0,,!@9#%8,502.4855239,Standard,,,,,,,,,,,,
February,264,Lawdert,46,49889.38,4359.448333,6,7,8,0,,10,17,5.12,2,Good,1450.37,39.05407222,27 Years and 6 Months,No,0,137.8009798,LowspentLargevaluepayments,568.1438535,Good,,,,,,,,,,,,
March,264,Lawdert,46,49889.38,4359.448333,6,7,8,0,,6,17,5.12,2,,1450.37,26.22790601,27 Years and 7 Months,No,0,131.2459309,HighspentSmallvaluepayments,564.6989024,Good,,,,,,,,,,,,
April,264,Lawdert,46,49889.38,4359.448333,6,7,8,-100,,6,17,5.12,2,Good,1450.37,34.12206636,27 Years and 8 Months,No,0,188.1582751,HighspentSmallvaluepayments,507.7865582,Good,,,,,,,,,,,,
May,264,Lawdert,46,49889.38,4359.448333,6,7,8,0,,1,16,5.12,2,Good,1450.37,37.52358065,27 Years and 9 Months,No,0,379.37526,LowspentLargevaluepayments,326.5695733,Good,,,,,,,,,,,,
June,264,Lawdert,46,49889.38,4359.448333,6,7,8,0,,6,17,5.12,2,Good,1450.37,32.7356864,27 Years and 10 Months,No,0,223.6576361,LowspentMediumvaluepayments,492.2871972,Good,,,,,,,,,,,,
July,264,Lawdert,46,49889.38,4359.448333,6,7,8,0,,6,15,5.12,7,Good,1450.37,28.77221769,27 Years and 11 Months,No,0,97.13817205,High_spent_Large_value_payments,578.8066613,Standard,,,,,,,,,,,,
August,264,Lawdert,46,49889.38,4359.448333,6,7,8,0,,6,17,5.12,7,Good,1450.37,35.22633843,NA,No,0,55.68481722,High_spent_Medium_value_payments,630.2600161,Good,,,,,,,,,,,,
January,265,Ilainaj,14,29233.34,2637.111667,6,4,17,3,"Student Loan, Debt Consolidation Loan, and Payday Loan",9,11,8.9,5,,96.31,25.93997597,9 Years and 4 Months,Yes,50.71445532,204.3268233,LowspentLargevaluepayments,278.669888,Standard,,,,,,,,,,,,
February,265,Ilainaj,14,29233.34,2637.111667,6,4,17,3,"Student Loan, Debt Consolidation Loan, and Payday Loan",9,13,8.9,5,Standard,96.31,28.36976094,9 Years and 5 Months,Yes,50.71445532,153.9968554,LowspentSmallvaluepayments,348.999856,Standard,,,,,,,,,,,,
March,265,Ilainaj,14,29233.34,2637.111667,6,4,17,3,"Student Loan, Debt Consolidation Loan, and Payday Loan",4,13,8.9,5,Standard,96.31,36.09376911,9 Years and 6 Months,Yes,50.71445532,206.7896908,LowspentLargevaluepayments,276.2070205,Standard,,,,,,,,,,,,
April,265,Ilainaj,14,29233.34,2637.111667,6,4,17,3,"Student Loan, Debt Consolidation Loan, and Payday Loan",9,13,8.9,5,,96.31,29.27873867,9 Years and 7 Months,Yes,50.71445532,52.61005016,HighspentSmallvaluepayments,420.3866612,Standard,,,,,,,,,,,,
May,265,,14,29233.34,2637.111667,6,4,17,3,"Student Loan, Debt Consolidation Loan, and Payday Loan",9,16,8.9,5,Standard,96.31,30.34585716,9 Years and 8 Months,Yes,50.71445532,142.7304101,LowspentMediumvaluepayments,350.2663013,Standard,,,,,,,,,,,,
June,265,Ilainaj,14,29233.34,2637.111667,6,4,17,3,"Student Loan, Debt Consolidation Loan, and Payday Loan",9,13,8.9,5,Standard,96.31,33.0365814,9 Years and 9 Months,Yes,50.71445532,118.1865113,LowspentLargevaluepayments,364.8102001,Standard,,,,,,,,,,,,
July,265,Ilainaj,14,29233.34,2637.111667,6,4,17,3,"Student Loan, Debt Consolidation Loan, and Payday Loan",9,13,2.9,5,_,96.31,28.71445478,9 Years and 10 Months,Yes,13320,346.7761351,Low_spent_Small_value_payments,156.2205762,Standard,,,,,,,,,,,,
August,265,Ilainaj,14,29233.34,2637.111667,6,4,17,3,"Student Loan, Debt Consolidation Loan, and Payday Loan",9,11,8.9,5,_,96.31,28.26216337,9 Years and 11 Months,Yes,50.71445532,232.8308926,Low_spent_Large_value_payments,250.1658187,Standard,,,,,,,,,,,,
January,266,Andrea Shalal-Esag,40,28922.03,2548.169167,2,184,1,0,,18,5,11.99,3,,1329.59,26.93045049,32 Years and 9 Months,No,0,223.3062364,LowspentSmallvaluepayments,321.5106802,Standard,,,,,,,,,,,,
February,266,Andrea Shalal-Esag,40,28922.03,2548.169167,2,7,3755,0,,23,4,11.99,3,Good,1329.59,34.02710772,32 Years and 10 Months,No,0,138.600204,HighspentSmallvaluepayments,376.2167126,Poor,,,,,,,,,,,,
March,266,Andrea Shalal-Esag,40,28922.03,2548.169167,2,1192,1,0,,19,8,11.99,3,,1329.59,31.98987456,32 Years and 11 Months,No,0,42.85132934,HighspentMediumvaluepayments,461.9655873,Poor,,,,,,,,,,,,
April,266,Andrea Shalal-Esag,40,28922.03,2548.169167,2,7,1,0,,19,5,15.99,3,Good,1329.59,36.7202493,33 Years and 0 Months,No,0,96.52669546,HighspentMediumvaluepayments,408.2902212,Poor,,,,,,,,,,,,
May,266,Andrea Shalal-Esag,40,28922.03,2548.169167,2,7,1,0,,14,5,11.99,3,Good,1329.59,41.06407471,33 Years and 1 Months,No,72358,143.3451576,LowspentSmallvaluepayments,401.4717591,Poor,,,,,,,,,,,,
June,266,Andrea Shalal-Esag,40,28922.03,2548.169167,2,7,1,0,,19,,,3,,1329.59,37.56208819,33 Years and 2 Months,No,0,42.29558091,HighspentMediumvaluepayments,462.5213358,Poor,,,,,,,,,,,,
July,266,Andrea Shalal-Esag,40,28922.03,2548.169167,2,7,1,0,,17,6,11.99,3,_,1329.59,36.33597432,33 Years and 3 Months,No,0,128.3892448,Low_spent_Small_value_payments,416.4276719,Poor,,,,,,,,,,,,
August,266,Andrea Shalal-Esag,40,28922.03,,2,7,1,0,,19,5,11.99,3,_,1329.59,23.4173157,33 Years and 4 Months,No,0,80.14739518,Low_spent_Medium_value_payments,454.6695215,Poor,,,,,,,,,,,,
January,267,Dan Levined,39,20742.46,1801.538333,5,4,8,5,"Home Equity Loan, Mortgage Loan, Mortgage Loan, Not Specified, and Student Loan",14,19,21,8,Standard,1319.87,36.75915337,16 Years and 2 Months,Yes,60.06611256,85.37550978,LowspentSmallvaluepayments,324.712211,Standard,,,,,,,,,,,,
February,267,Dan Levined,39,20742.46,1801.538333,5,4,8,5,"Home Equity Loan, Mortgage Loan, Mortgage Loan, Not Specified, and Student Loan",14,19,16,8,Standard,1319.87,35.45982096,16 Years and 3 Months,Yes,60.06611256,25.27155279,HighspentLargevaluepayments,334.816168,Standard,,,,,,,,,,,,
March,267,Dan Levined,39,20742.46,1801.538333,5,4,8,5,"Home Equity Loan, Mortgage Loan, Mortgage Loan, Not Specified, and Student Loan",14,21,14,8,Standard,1319.87,22.5376057,16 Years and 4 Months,Yes,60.06611256,,HighspentSmallvaluepayments,315.3699955,Standard,,,,,,,,,,,,
April,267,Dan Levined,39,20742.46,1801.538333,5,4,8,5,"Home Equity Loan, Mortgage Loan, Mortgage Loan, Not Specified, and Student Loan",12,,16,8,,1319.87,35.60753364,16 Years and 5 Months,Yes,60.06611256,,!@9#%8,316.0208645,Standard,,,,,,,,,,,,
May,267,Dan Levined,39,20742.46,1801.538333,5,4,8,5,"Home Equity Loan, Mortgage Loan, Mortgage Loan, Not Specified, and Student Loan",14,21,16,8,Standard,1319.87,31.27916835,16 Years and 6 Months,Yes,60.06611256,,LowspentSmallvaluepayments,316.0947206,Standard,,,,,,,,,,,,
June,267,Dan Levined,39,20742.46,1801.538333,5,4,8,5,"Home Equity Loan, Mortgage Loan, Mortgage Loan, Not Specified, and Student Loan",16,22,16,8,Standard,1319.87,28.35400227,16 Years and 7 Months,Yes,60.06611256,68.4970365,HighspentSmallvaluepayments,311.5906843,Standard,,,,,,,,,,,,
July,267,Dan Levined,39,20742.46,,5,4,8,5,"Home Equity Loan, Mortgage Loan, Mortgage Loan, Not Specified, and Student Loan",14,19,16,12,_,1319.87,23.53186003,NA,Yes,60.06611256,139.6067977,Low_spent_Large_value_payments,250.4809231,Standard,,,,,,,,,,,,
August,267,Dan Levined,39,20742.46,1801.538333,5,4,8,5,"Home Equity Loan, Mortgage Loan, Mortgage Loan, Not Specified, and Student Loan",14,18,16,2238,Standard,1319.87_,28.18747138,NA,Yes,60.06611256,166.8043383,Low_spent_Small_value_payments,243.2833825,Standard,,,,,,,,,,,,
January,268,Basesn,35,55719.18,4689.265,8,7,18,5,"Auto Loan, Home Equity Loan, Auto Loan, Home Equity Loan, and Payday Loan",36,20,35.82,6,Bad,4090.5,33.56195891,13 Years and 7 Months,Yes,130.4684033,199.3915892,HighspentSmallvaluepayments,399.0665075,Poor,,,,,,,,,,,,
February,268,Basesn,35,55719.18,4689.265,1096,7,18,5,"Auto Loan, Home Equity Loan, Auto Loan, Home Equity Loan, and Payday Loan",41,22,29.82,6,Bad,4090.5,30.13952413,13 Years and 8 Months,Yes,130.4684033,434.1650528,LowspentMediumvaluepayments,184.2930439,Standard,,,,,,,,,,,,
March,268,,35,55719.18,4689.265,8,7,18,5,"Auto Loan, Home Equity Loan, Auto Loan, Home Equity Loan, and Payday Loan",41,22,29.82,6,,4090.5,38.03986781,13 Years and 9 Months,Yes,130.4684033,220.3450252,LowspentMediumvaluepayments,398.1130714,Standard,,,,,,,,,,,,
April,268,Basesn,35,55719.18,4689.265,8,7,18,5,"Auto Loan, Home Equity Loan, Auto Loan, Home Equity Loan, and Payday Loan",45,20,29.82,6,Bad,4090.5,41.72833764,13 Years and 10 Months,Yes,130.4684033,53.96682654,HighspentMediumvaluepayments,534.4912701,Poor,,,,,,,,,,,,
May,268,Basesn,35,55719.18,4689.265,8,7,18,5,"Auto Loan, Home Equity Loan, Auto Loan, Home Equity Loan, and Payday Loan",43,22,29.82,6,Bad,4090.5,24.38075013,13 Years and 11 Months,Yes,130.4684033,571.2402509,LowspentSmallvaluepayments,57.21784579,Poor,,,,,,,,,,,,
June,268,Basesn,35,55719.18,4689.265,8,7,18,5,"Auto Loan, Home Equity Loan, Auto Loan, Home Equity Loan, and Payday Loan",41,22,29.82,6,Bad,4090.5,29.94722929,NA,Yes,130.4684033,68.49247556,HighspentLargevaluepayments,509.9656211,Poor,,,,,,,,,,,,
July,268,Basesn,35,55719.18,4689.265,8,7,18,5,"Auto Loan, Home Equity Loan, Auto Loan, Home Equity Loan, and Payday Loan",37,24,29.82,6,Bad,4090.5,38.05960372,14 Years and 1 Months,NM,130.4684033,627.2304683,!@9#%8,1.227628399,Poor,,,,,,,,,,,,
August,268,Basesn,35,55719.18,4689.265,8,97,18,5,"Auto Loan, Home Equity Loan, Auto Loan, Home Equity Loan, and Payday Loan",41,19,_,6,Bad,4090.5,39.52934688,14 Years and 2 Months,Yes,130.4684033,78.69377148,!@9#%8,499.7643252,Poor,,,,,,,,,,,,
January,269,Poornima Guptax,16,55558.71,4336.8925,10,5,32,7,"Not Specified, Payday Loan, Mortgage Loan, Not Specified, Payday Loan, Home Equity Loan, and Debt Consolidation Loan",21,18,12.59,9,Bad,4196.17,30.00077581,13 Years and 4 Months,Yes,210.1897087,226.6443077,HighspentSmallvaluepayments,256.8552336,Standard,,,,,,,,,,,,
February,269,Poornima Guptax,16,55558.71,4336.8925,10,5,32,7,"Not Specified, Payday Loan, Mortgage Loan, Not Specified, Payday Loan, Home Equity Loan, and Debt Consolidation Loan",21,17,15.59,13,Bad,4196.17,36.20106595,13 Years and 5 Months,Yes,210.1897087,73.08719571,HighspentMediumvaluepayments,400.4123456,Standard,,,,,,,,,,,,
March,269,Poornima Guptax,16,55558.71,4336.8925,10,5,32,7,"Not Specified, Payday Loan, Mortgage Loan, Not Specified, Payday Loan, Home Equity Loan, and Debt Consolidation Loan",21,18,19.59,13,Bad,4196.17,39.99902695,13 Years and 6 Months,Yes,50814,207.5275011,HighspentSmallvaluepayments,275.9720402,Standard,,,,,,,,,,,,
April,269,Poornima Guptax,16,55558.71,4336.8925,10,5,32,7,"Not Specified, Payday Loan, Mortgage Loan, Not Specified, Payday Loan, Home Equity Loan, and Debt Consolidation Loan",21,21,19.59,,Bad,4196.17,39.30560794,NA,Yes,49271,222.0326416,LowspentSmallvaluepayments,291.4668997,Standard,,,,,,,,,,,,
May,269,Poornima Guptax,16,55558.71,4336.8925,803,5,32,7,"Not Specified, Payday Loan, Mortgage Loan, Not Specified, Payday Loan, Home Equity Loan, and Debt Consolidation Loan",21,18,19.59,13,Bad,4196.17,31.29356138,13 Years and 8 Months,Yes,210.1897087,58.78560744,HighspentMediumvaluepayments,414.7139339,Poor,,,,,,,,,,,,
June,269,Poornima Guptax,17,55558.71,4336.8925,10,5,32,7,"Not Specified, Payday Loan, Mortgage Loan, Not Specified, Payday Loan, Home Equity Loan, and Debt Consolidation Loan",21,15,19.59,13,,4196.17,41.82567772,13 Years and 9 Months,NM,210.1897087,95.22548586,HighspentSmallvaluepayments,388.2740554,Poor,,,,,,,,,,,,
July,269,Poornima Guptax,17,55558.71,4336.8925,10,5,32,7,"Not Specified, Payday Loan, Mortgage Loan, Not Specified, Payday Loan, Home Equity Loan, and Debt Consolidation Loan",21,18,19.59,13,Bad,4196.17,36.46574069,13 Years and 10 Months,Yes,210.1897087,416.2216322,Low_spent_Medium_value_payments,87.27790908,Standard,,,,,,,,,,,,
August,269,Poornima Guptax,17,55558.71,,10,5,32,7,"Not Specified, Payday Loan, Mortgage Loan, Not Specified, Payday Loan, Home Equity Loan, and Debt Consolidation Loan",22,16,19.59,13,_,4196.17,26.49278181,13 Years and 11 Months,Yes,210.1897087,571.7792643,Low_spent_Small_value_payments,0,Standard,,,,,,,,,,,,
January,270,Andreasf,24,33447.42,2859.285,8,5,13,3,"Credit-Builder Loan, Mortgage Loan, and Auto Loan",6,9,18.88,4,Standard,1571.52,25.06587591,NA,Yes,60.5135673,10000,HighspentLargevaluepayments,434.2545795,Poor,,,,,,,,,,,,
February,270,Andreasf,24,33447.42,2859.285,8,5,13,3,"Credit-Builder Loan, Mortgage Loan, and Auto Loan",6,9,18.88,4,Standard,1571.52,36.00720204,12 Years and 5 Months,Yes,60.5135673,61.30972523,HighspentMediumvaluepayments,414.1052075,Standard,,,,,,,,,,,,
March,270,Andreasf,24,33447.42,2859.285,8,5,13,3,"Credit-Builder Loan, Mortgage Loan, and Auto Loan",6,10,18.88,4,Standard,1571.52,37.25970627,12 Years and 6 Months,Yes,60.5135673,63.47300479,HighspentSmallvaluepayments,421.9419279,Poor,,,,,,,,,,,,
April,270,Andreasf,24,33447.42,2859.285,8,5,13,3,"Credit-Builder Loan, Mortgage Loan, and Auto Loan",1,9,14.88,7,Standard,1571.52,24.92955522,12 Years and 7 Months,Yes,60.5135673,105.1283631,!@9#%8,390.2865696,Poor,,,,,,,,,,,,
May,270,Andreasf,24,33447.42,2859.285,8,5,13,3,"Credit-Builder Loan, Mortgage Loan, and Auto Loan",6,11,18.88,7,Standard,1571.52,25.66437914,12 Years and 8 Months,Yes,60.5135673,,!@9#%8,250.9066502,Poor,,,,,,,,,,,,
June,270,,25,33447.42,2859.285,8,5,13,3,"Credit-Builder Loan, Mortgage Loan, and Auto Loan",6,9,18.88,7,Standard,1571.52,36.95952495,NA,Yes,60.5135673,69.01001136,HighspentLargevaluepayments,396.4049213,Poor,,,,,,,,,,,,
July,270,Andreasf,25,33447.42,,8,5,13,-100,"Credit-Builder Loan, Mortgage Loan, and Auto Loan",6,11,18.88,7,Standard,1571.52,28.13203041,12 Years and 10 Months,Yes,60.5135673,56.37441299,High_spent_Large_value_payments,409.0405197,Poor,,,,,,,,,,,,
August,270,Andreasf,25_,33447.42,2859.285,8,5,13,3,"Credit-Builder Loan, Mortgage Loan, and Auto Loan",4,9,18.88,7,_,1571.52,32.91152702,12 Years and 11 Months,NM,60.5135673,57.21881525,High_spent_Large_value_payments,408.1961175,Poor,,,,,,,,,,,,
January,271,orv,26,34841.87,3025.489167,1,7,1,2,"Payday Loan, and Auto Loan",1,2,2.24,3,Good,142.05,23.63044024,30 Years and 7 Months,No,33.36609811,236.453869,LowspentLargevaluepayments,302.7289496,Standard,,,,,,,,,,,,
February,271,orv,26,34841.87,3025.489167,1,7,1,2,"Payday Loan, and Auto Loan",-3,2,2.24,3,Good,142.05,29.41375342,30 Years and 8 Months,No,33.36609811,77.54795805,HighspentMediumvaluepayments,441.6348605,Standard,,,,,,,,,,,,
March,271,orv,26,34841.87,3025.489167,1,7,1,2,"Payday Loan, and Auto Loan",1,1,4.24,3,Good,142.05,33.54368942,30 Years and 9 Months,No,33.36609811,183.4824446,LowspentMediumvaluepayments,365.700374,Standard,,,,,,,,,,,,
April,271,orv,27,34841.87,3025.489167,1,7,1,2,"Payday Loan, and Auto Loan",1,2,2.24,3,Good,142.05,38.01174054,30 Years and 10 Months,No,33.36609811,208.3775467,!@9#%8,350.8052718,Standard,,,,,,,,,,,,
May,271,,27,34841.87,3025.489167,1,7,1,2,"Payday Loan, and Auto Loan",1,2,2.24,6,Good,142.05,36.74014425,30 Years and 11 Months,No,33.36609811,274.5734446,LowspentMediumvaluepayments,274.609374,Standard,,,,,,,,,,,,
June,271,orv,27,34841.87,3025.489167,1,7,1,2,"Payday Loan, and Auto Loan",1,2,4.24,6,Good,142.05,24.39943536,NA,No,33.36609811,108.5025554,!@9#%8,410.6802631,Standard,,,,,,,,,,,,
July,271,orv,27,34841.87,,1,7,1,2,"Payday Loan, and Auto Loan",1,4,2.24,6,Good,142.05,38.37657162,31 Years and 1 Months,No,33.36609811,10000,Low_spent_Small_value_payments,413.2414065,Standard,,,,,,,,,,,,
August,271,orv,27,34841.87,3025.489167,1,7,1,2,"Payday Loan, and Auto Loan",1,-1,2.24,6,_,142.05,38.35118263,31 Years and 2 Months,No,33.36609811,174.8740861,Low_spent_Medium_value_payments,374.3087324,Standard,,,,,,,,,,,,
January,272,Ben Hirschlerq,35,17655.43,3025.489167,8,10,34,6,"Credit-Builder Loan, Auto Loan, Home Equity Loan, Not Specified, Debt Consolidation Loan, and Student Loan",59,27,24.49,10,Bad,2725.14,30.28596131,8 Years and 5 Months,Yes,82.65421881,10000,!@9#%8,275.0642254,Poor,,,,,,,,,,,,
February,272,Ben Hirschlerq,35,17655.43,1530.285833,8,10,34,6,"Credit-Builder Loan, Auto Loan, Home Equity Loan, Not Specified, Debt Consolidation Loan, and Student Loan",60,25,24.49,10,Bad,2725.14,34.4974091,8 Years and 6 Months,Yes,82.65421881,170.1408171,LowspentSmallvaluepayments,190.2335475,Poor,,,,,,,,,,,,
March,272,Ben Hirschlerq,35,17655.43,1530.285833,8,10,34,6,"Credit-Builder Loan, Auto Loan, Home Equity Loan, Not Specified, Debt Consolidation Loan, and Student Loan",59,25,24.49,10,Bad,2725.14,23.97277893,8 Years and 7 Months,Yes,82.65421881,126.5518836,LowspentSmallvaluepayments,233.8224809,Poor,,,,,,,,,,,,
April,272,Ben Hirschlerq,35,17655.43,1530.285833,8,10,34,6,"Credit-Builder Loan, Auto Loan, Home Equity Loan, Not Specified, Debt Consolidation Loan, and Student Loan",59,25,24.49,10,Bad,2725.14,31.48274694,8 Years and 8 Months,Yes,82.65421881,174.3487866,LowspentSmallvaluepayments,186.0255779,Poor,,,,,,,,,,,,
May,272,Ben Hirschlerq,35,17655.43,1530.285833,8,10,34,6,"Credit-Builder Loan, Auto Loan, Home Equity Loan, Not Specified, Debt Consolidation Loan, and Student Loan",65,25,24.49,10,,2725.14,39.46702438,8 Years and 9 Months,Yes,82.65421881,146.7932997,LowspentSmallvaluepayments,213.5810648,Poor,,,,,,,,,,,,
June,272,Ben Hirschlerq,36,17655.43,1530.285833,8,10,34,6,"Credit-Builder Loan, Auto Loan, Home Equity Loan, Not Specified, Debt Consolidation Loan, and Student Loan",65,25,24.49,10,Bad,2725.14,30.13609702,8 Years and 10 Months,Yes,82.65421881,,LowspentSmallvaluepayments,208.4810059,Poor,,,,,,,,,,,,
July,272,Ben Hirschlerq,36,17655.43,1530.285833,494,10,34,-100,"Credit-Builder Loan, Auto Loan, Home Equity Loan, Not Specified, Debt Consolidation Loan, and Student Loan",60,25,24.49,10,_,2725.14,36.64067471,8 Years and 11 Months,Yes,82.65421881,186.3101733,Low_spent_Small_value_payments,174.0641913,Poor,,,,,,,,,,,,
August,272,Ben Hirschlerq,36_,17655.43,1530.285833,8,10,34,6,"Credit-Builder Loan, Auto Loan, Home Equity Loan, Not Specified, Debt Consolidation Loan, and Student Loan",60,25,24.49,10,Bad,2725.14,30.17739552,9 Years and 0 Months,Yes,82.65421881,196.4680268,Low_spent_Small_value_payments,163.9063377,Poor,,,,,,,,,,,,
January,273,Damounid,30,7103.035,725.9195833,6,5,28,6,"Personal Loan, Not Specified, Personal Loan, Personal Loan, Credit-Builder Loan, and Debt Consolidation Loan",57,11,11.95,7,,2114.92,35.31531517,12 Years and 7 Months,Yes,30.30549812,77.18090292,!@9#%8,255.1055573,Poor,,,,,,,,,,,,
February,273,Damounid,30,7103.035,725.9195833,6,5,28,6,"Personal Loan, Not Specified, Personal Loan, Personal Loan, Credit-Builder Loan, and Debt Consolidation Loan",55,11,11.95,996,Standard,2114.92,33.22394558,12 Years and 8 Months,Yes,30.30549812,95.90763915,LowspentSmallvaluepayments,236.3788211,Poor,,,,,,,,,,,,
March,273,Damounid,30,7103.035,725.9195833,6,5,28,6,"Personal Loan, Not Specified, Personal Loan, Personal Loan, Credit-Builder Loan, and Debt Consolidation Loan",55,,11.95,7,Standard,2114.92,24.69308079,12 Years and 9 Months,Yes,30.30549812,19.66258537,HighspentSmallvaluepayments,282.6238748,Poor,,,,,,,,,,,,
April,273,Damounid,30,7103.035,725.9195833,6,5,28,6,"Personal Loan, Not Specified, Personal Loan, Personal Loan, Credit-Builder Loan, and Debt Consolidation Loan",50,14,17.95,7,Standard,2114.92,23.46337978,12 Years and 10 Months,NM,30.30549812,31.37375747,LowspentMediumvaluepayments,290.9127027,Poor,,,,,,,,,,,,
May,273,Damounid,30,7103.035,725.9195833,6,5,28,6,"Personal Loan, Not Specified, Personal Loan, Personal Loan, Credit-Builder Loan, and Debt Consolidation Loan",55,,11.95,7,,2114.92,27.08505219,12 Years and 11 Months,Yes,30.30549812,10000,HighspentSmallvaluepayments,258.7044586,Poor,,,,,,,,,,,,
June,273,Damounid,30,7103.035,725.9195833,6,5,28,6,"Personal Loan, Not Specified, Personal Loan, Personal Loan, Credit-Builder Loan, and Debt Consolidation Loan",55,11,11.95,7,Standard,2114.92,40.69901601,13 Years and 0 Months,Yes,30.30549812,67.23793038,LowspentSmallvaluepayments,265.0485298,Poor,,,,,,,,,,,,
July,273,Damounid,30,7103.035,,6,5,28,6,"Personal Loan, Not Specified, Personal Loan, Personal Loan, Credit-Builder Loan, and Debt Consolidation Loan",55,14,11.95,7,_,2114.92,25.78812073,13 Years and 1 Months,Yes,30.30549812,26.1966504,Low_spent_Large_value_payments,286.0898098,Poor,,,,,,,,,,,,
August,273,Damounid,30,7103.035,725.9195833,6,5,28,6,"Personal Loan, Not Specified, Personal Loan, Personal Loan, Credit-Builder Loan, and Debt Consolidation Loan",55,11,8.95,7,Standard,2114.92,37.56110095,13 Years and 2 Months,Yes,30.30549812,47.7509171,Low_spent_Small_value_payments,284.5355431,Poor,,,,,,,,,,,,
January,274,Katharina Bartn,39,63101.14,5246.428333,3,4,3,4,"Payday Loan, Home Equity Loan, Debt Consolidation Loan, and Student Loan",2,7,9.19,0,Good,64.53,28.07939681,16 Years and 5 Months,NM,170.5429655,99.87584852,HighspentLargevaluepayments,494.2240194,Standard,,,,,,,,,,,,
February,274,Katharina Bartn,39,63101.14,5246.428333,3,4,3,4,"Payday Loan, Home Equity Loan, Debt Consolidation Loan, and Student Loan",-3,8,9.19,0,Good,64.53,37.6815376,16 Years and 6 Months,No,170.5429655,284.8650413,LowspentSmallvaluepayments,359.2348265,Standard,,,,,,,,,,,,
March,274,Katharina Bartn,39,63101.14,5246.428333,3,4,3,4,"Payday Loan, Home Equity Loan, Debt Consolidation Loan, and Student Loan",2,8,9.19,5,Good,64.53,38.01845258,16 Years and 7 Months,No,170.5429655,395.8359189,LowspentLargevaluepayments,228.2639489,Standard,,,,,,,,,,,,
April,274,Katharina Bartn,39,63101.14,5246.428333,3,4,3,4,"Payday Loan, Home Equity Loan, Debt Consolidation Loan, and Student Loan",2,9,5.19,5,Good,64.53,25.78668911,16 Years and 8 Months,No,170.5429655,291.3998881,LowspentLargevaluepayments,332.6999797,Standard,,,,,,,,,,,,
May,274,Katharina Bartn,39,63101.14,5246.428333,3,4,3,4,"Payday Loan, Home Equity Loan, Debt Consolidation Loan, and Student Loan",3,8,9.19,5,Good,64.53,32.81499035,16 Years and 9 Months,No,170.5429655,385.9702404,LowspentSmallvaluepayments,258.1296275,Standard,,,,,,,,,,,,
June,274,,40,63101.14,5246.428333,3,4,2882,4,"Payday Loan, Home Equity Loan, Debt Consolidation Loan, and Student Loan",0,8,9.19,5,Good,64.53,36.89944546,NA,No,170.5429655,134.4078929,!@9#%8,459.691975,Standard,,,,,,,,,,,,
July,274,Katharina Bartn,40,63101.14,5246.428333,3,4,3,4,"Payday Loan, Home Equity Loan, Debt Consolidation Loan, and Student Loan",2,8_,9.19,5,_,64.53,30.62958334,16 Years and 11 Months,No,170.5429655,287.4300309,Low_spent_Medium_value_payments,346.669837,Standard,,,,,,,,,,,,
August,274,,-500,63101.14,,3,4,3,4,"Payday Loan, Home Equity Loan, Debt Consolidation Loan, and Student Loan",1,8,9.19,5,_,64.53,28.4753026,17 Years and 0 Months,No,170.5429655,260.4069592,High_spent_Small_value_payments,353.6929087,Standard,,,,,,,,,,,,
January,275,Lopezl,15,33453.08,0,744,10,23,2,"Not Specified, and Debt Consolidation Loan",16,8,9.3,8,,1498.09,23.29680781,11 Years and 10 Months,Yes,30.75983367,202.7599122,LowspentMediumvaluepayments,312.3559208,Poor,,,,,,,,,,,,
February,275,,15,33453.08,2658.756667,10,10,23,-100,"Not Specified, and Debt Consolidation Loan",16,8,9.3,8,Standard,1498.09,33.47449638,11 Years and 11 Months,Yes,30.75983367,195.0917482,LowspentLargevaluepayments,310.0240848,Poor,,,,,,,,,,,,
March,275,Lopezl,15,33453.08,2658.756667,10,10,23,2,"Not Specified, and Debt Consolidation Loan",16,8,7.3,8,Standard,1498.09,26.7973611,NA,Yes,30.75983367,211.6521777,LowspentSmallvaluepayments,313.4636553,Poor,,,,,,,,,,,,
April,275,Lopezl,15,33453.08,2658.756667,10,10,23,2,"Not Specified, and Debt Consolidation Loan",16,8,9.3,8,Standard,1498.09,34.05010982,12 Years and 1 Months,Yes,30.75983367,72.01386208,HighspentMediumvaluepayments,413.1019709,Standard,,,,,,,,,,,,
May,275,Lopezl,15,33453.08,2658.756667,10,10,23,2,"Not Specified, and Debt Consolidation Loan",16,7,9.3,8,Standard,1498.09,38.2315833,12 Years and 2 Months,Yes,30.75983367,51.44424564,HighspentMediumvaluepayments,433.6715874,Standard,,,,,,,,,,,,
June,275,Lopezl,15,33453.08,2658.756667,10,10,23,2,"Not Specified, and Debt Consolidation Loan",16,8,9.3,8,,1498.09,35.64566376,12 Years and 3 Months,Yes,30.75983367,49.36085235,HighspentMediumvaluepayments,435.7549806,Standard,,,,,,,,,,,,
July,275,Lopezl,15,33453.08,2658.756667,10,10,23,2,"Not Specified, and Debt Consolidation Loan",16,5,9.3,8,Standard,1498.09,27.68167974,12 Years and 4 Months,Yes,30.75983367,119.7506482,Low_spent_Medium_value_payments,395.3651848,Standard,,,,,,,,,,,,
August,275,Lopezl,16,33453.08,2658.756667,10,10,23,2,"Not Specified, and Debt Consolidation Loan",16,8,11.3,8,Standard,1498.09,23.91224288,12 Years and 5 Months,Yes,30.75983367,329.0798711,Low_spent_Small_value_payments,196.0359619,Poor,,,,,,,,,,,,
January,276,Lawrencef,42,83845.7,6958.141667,5,7,4,2,"Credit-Builder Loan, and Auto Loan",8,8,3.59,0,Good,49.6,41.23738067,24 Years and 11 Months,No,107.3811304,168.3306948,HighspentLargevaluepayments,660.1023414,Good,,,,,,,,,,,,
February,276,Lawrencef,42,83845.7,6958.141667,5,7,4,2,"Credit-Builder Loan, and Auto Loan",3,8,3.59,0,Good,49.6,33.47782495,25 Years and 0 Months,No,107.3811304,282.4634325,LowspentMediumvaluepayments,585.9696037,Good,,,,,,,,,,,,
March,276,Lawrencef,42,83845.7,6958.141667,5,7,4,2,"Credit-Builder Loan, and Auto Loan",5,8,3.59,0,,49.6,34.26221952,25 Years and 1 Months,No,107.3811304,312.3779546,LowspentLargevaluepayments,546.0550817,Good,,,,,,,,,,,,
April,276,Lawrencef,42,83845.7,6958.141667,5,7,4,2,"Credit-Builder Loan, and Auto Loan",8,8,3.59,0,Good,49.6,38.00136005,25 Years and 2 Months,No,107.3811304,400.8593368,LowspentLargevaluepayments,457.5736994,Good,,,,,,,,,,,,
May,276,Lawrencef,43,83845.7,6958.141667,5,7,4,2,"Credit-Builder Loan, and Auto Loan",8,11,3.59,0,Good,49.6,27.2598974,25 Years and 3 Months,No,107.3811304,246.9704492,LowspentMediumvaluepayments,621.4625871,Good,,,,,,,,,,,,
June,276,Lawrencef,43,83845.7,6958.141667,5,7,4,2,"Credit-Builder Loan, and Auto Loan",8,8,3.59,0,Good,49.6,38.25109402,25 Years and 4 Months,NM,107.3811304,10000,HighspentMediumvaluepayments,630.0704001,Good,,,,,,,,,,,,
July,276,Lawrencef,43,83845.7,6958.141667,5,7,4,-100,"Credit-Builder Loan, and Auto Loan",8,8,3.59,4,Good,49.6,41.04474968,25 Years and 5 Months,No,107.3811304,131.2784028,High_spent_Large_value_payments,697.1546335,Good,,,,,,,,,,,,
August,276,Lawrencef,43,83845.7,6958.141667,5,7,4,2,"Credit-Builder Loan, and Auto Loan",8,8,3.59,4,Good,49.6,39.36555541,25 Years and 6 Months,No,107.3811304,328.0290482,Low_spent_Medium_value_payments,540.4039881,Good,,,,,,,,,,,,
January,277,Shalal-Esaf,36,108415,8848.583333,3,5,16,1,Not Specified,14,17,16.33,4,Standard,1075.84,33.68198915,26 Years and 10 Months,Yes,76.85756306,64.2920881,!@9#%8,983.7086822,Standard,,,,,,,,,,,,
February,277,,36,108415,8848.583333,1139,5,16,1,Not Specified,14,17,16.33,4,Standard,1075.84,33.0534057,26 Years and 11 Months,Yes,76.85756306,178.6439196,HighspentLargevaluepayments,869.3568506,Standard,,,,,,,,,,,,
March,277,Shalal-Esaf,36,108415,8848.583333,3,5,16,1,Not Specified,14,17,16.33,4,,1075.84,36.11455566,27 Years and 0 Months,Yes,76.85756306,889.6997544,LowspentSmallvaluepayments,208.3010158,Standard,,,,,,,,,,,,
April,277,Shalal-Esaf,36,108415,8848.583333,3,5,16,1,Not Specified,14,17,16.33,4,Standard,1075.84,31.53656498,NA,Yes,76.85756306,87.9243998,HighspentLargevaluepayments,960.0763705,Standard,,,,,,,,,,,,
May,277,Shalal-Esaf,36,108415,8848.583333,3,5,16,1,Not Specified,14,18,16.33,4,Standard,1075.84,35.1894661,27 Years and 2 Months,Yes,76.85756306,286.349475,LowspentLargevaluepayments,791.6512953,Standard,,,,,,,,,,,,
June,277,Shalal-Esaf,36,108415,8848.583333,3,5,16,1,Not Specified,12,17,16.33,6,Standard,1075.84,41.09955058,27 Years and 3 Months,Yes,76.85756306,335.0391632,HighspentMediumvaluepayments,722.9616071,Standard,,,,,,,,,,,,
July,277,Shalal-Esaf,36,108415,8848.583333,3,5,16,1,Not Specified,14,17_,16.33,6,_,1075.84,30.02674577,NA,Yes,76.85756306,10000,Low_spent_Medium_value_payments,215.3316384,Good,,,,,,,,,,,,
August,277,Shalal-Esaf,-500,108415,8848.583333,3,5,16,1,Not Specified,14,20,16.33,6,Standard,1075.84,32.82270369,NA,Yes,76.85756306,413.8064215,High_spent_Small_value_payments,654.1943488,Good,,,,,,,,,,,,
January,278,Carewl,52,32663.41,2879.950833,1,5,3,4,"Personal Loan, Mortgage Loan, Not Specified, and Home Equity Loan",3,5,1.28,1,,1067.3,32.18554016,16 Years and 4 Months,No,55.40536574,39.11311135,HighspentLargevaluepayments,433.4766062,Standard,,,,,,,,,,,,
February,278,Carewl,52,32663.41,2879.950833,1,5,3,4,"Personal Loan, Mortgage Loan, Not Specified, and Home Equity Loan",8,6,1.28,1,Good,1067.3,36.87038354,16 Years and 5 Months,No,55.40536574,235.7948486,LowspentSmallvaluepayments,286.794869,Standard,,,,,,,,,,,,
March,278,Carewl,52,32663.41,2879.950833,1,5,3,4,"Personal Loan, Mortgage Loan, Not Specified, and Home Equity Loan",8,,1.28,2,Good,1067.3,38.22831563,16 Years and 6 Months,No,55.40536574,155.3141708,LowspentSmallvaluepayments,367.2755468,Standard,,,,,,,,,,,,
April,278,Carewl,52,32663.41,2879.950833,1,5,3,4,"Personal Loan, Mortgage Loan, Not Specified, and Home Equity Loan",3,3,1.28,2,Good,1067.3,38.75234803,16 Years and 7 Months,No,55.40536574,136.5573279,LowspentMediumvaluepayments,376.0323897,Standard,,,,,,,,,,,,
May,278,,52,32663.41,2879.950833,1,5,3,4,"Personal Loan, Mortgage Loan, Not Specified, and Home Equity Loan",8,8,2.28,2,Good,1067.3,24.68167302,16 Years and 8 Months,No,55.40536574,188.6988302,LowspentMediumvaluepayments,323.8908874,Standard,,,,,,,,,,,,
June,278,Carewl,52,32663.41,2879.950833,1,5,3,4,"Personal Loan, Mortgage Loan, Not Specified, and Home Equity Loan",8,5,1.28,2,Good,1067.3,30.57227379,16 Years and 9 Months,No,55.40536574,138.3712613,LowspentSmallvaluepayments,384.2184563,Standard,,,,,,,,,,,,
July,278,Carewl,52,32663.41,2879.950833,1,5,3,4,"Personal Loan, Mortgage Loan, Not Specified, and Home Equity Loan",3,5,1.28,2,Good,1067.3,35.46636982,16 Years and 10 Months,No,55.40536574,,High_spent_Medium_value_payments,363.7444651,Good,,,,,,,,,,,,
August,278,Carewl,52,32663.41,2879.950833,1,5,3,4,"Personal Loan, Mortgage Loan, Not Specified, and Home Equity Loan",8,4,1.28,2,Good,1067.3,36.43261914,16 Years and 11 Months,No,55.40536574,337.122172,Low_spent_Small_value_payments,185.4675456,Good,,,,,,,,,,,,
January,279,Daniel Flynnu,45,132537.24,10831.77,3,2,12,1,Mortgage Loan,12,-1,0.69,1,Good,382.04,44.60422041,29 Years and 5 Months,No,60.51014978,210.3501254,HighspentLargevaluepayments,1052.316725,Good,,,,,,,,,,,,
February,279,Daniel Flynnu,45,132537.24,10831.77,3,2,12,1,Mortgage Loan,12,1,0.69,1,,382.04,27.63665027,29 Years and 6 Months,No,60.51014978,589.2997913,HighspentSmallvaluepayments,693.3670589,Good,,,,,,,,,,,,
March,279,Daniel Flynnu,45,132537.24,10831.77,3,2,12,-100,Mortgage Loan,12,0,0.69,1,Good,382.04,38.30821266,29 Years and 7 Months,NM,60.51014978,476.2254772,LowspentMediumvaluepayments,826.441373,Good,,,,,,,,,,,,
April,279,Daniel Flynnu,45,132537.24,10831.77,3,2,12,1,Mortgage Loan,12,,0.69,1,Good,382.04,33.29551126,29 Years and 8 Months,No,60.51014978,966.2252443,LowspentMediumvaluepayments,336.4416059,Good,,,,,,,,,,,,
May,279,Daniel Flynnu,45,132537.24,10831.77,3,2,12,1,Mortgage Loan,8,0,0.69,1,,382.04,41.84859964,29 Years and 9 Months,No,60.51014978,200.6940012,HighspentMediumvaluepayments,1071.972849,Good,,,,,,,,,,,,
June,279,Daniel Flynnu,45,132537.24,10831.77,3,2,12,1,Mortgage Loan,9,2,0.69,1,,382.04,34.66121669,29 Years and 10 Months,No,60.51014978,10000,HighspentLargevaluepayments,1176.400285,Standard,,,,,,,,,,,,
July,279,Daniel Flynnu,45,132537.24,10831.77,3,2,12,1,Mortgage Loan,12,3,0.69,1,Good,382.04,37.12497183,NA,No,60.51014978,364.4648609,Low_spent_Medium_value_payments,938.2019893,Good,,,,,,,,,,,,
August,279,,45,132537.24,10111.96258,3,2,12,1,Mortgage Loan,12,1,0.69,1,Good,382.04,36.55721365,30 Years and 0 Months,No,780.3175743,762.7394904,Low_spent_Medium_value_payments,539.9273599,Good,,,,,,,,,,,,
January,280,Yaog,30,17850.56,1391.546667,8,5,18,9,"Mortgage Loan, Not Specified, Credit-Builder Loan, Auto Loan, Payday Loan, Credit-Builder Loan, Home Equity Loan, Debt Consolidation Loan, and Mortgage Loan",25,20,13.11,11,Bad,3380.69,40.5821768,7 Years and 8 Months,Yes,127.2236916,22.45317291,HighspentLargevaluepayments,229.4778021,Poor,,,,,,,,,,,,
February,280,Yaog,30,17850.56,1391.546667,8,5,18,9,"Mortgage Loan, Not Specified, Credit-Builder Loan, Auto Loan, Payday Loan, Credit-Builder Loan, Home Equity Loan, Debt Consolidation Loan, and Mortgage Loan",25,22,7.11,11,Bad,3380.69,29.14436832,7 Years and 9 Months,Yes,127.2236916,127.0464694,LowspentSmallvaluepayments,174.8845056,Standard,,,,,,,,,,,,
March,280,Yaog,30,17850.56,1391.546667,8,5,18,9,"Mortgage Loan, Not Specified, Credit-Builder Loan, Auto Loan, Payday Loan, Credit-Builder Loan, Home Equity Loan, Debt Consolidation Loan, and Mortgage Loan",25,20,7.11,11,Bad,3380.69,37.54814707,7 Years and 10 Months,Yes,127.2236916,131.0620748,LowspentMediumvaluepayments,160.8689002,Poor,,,,,,,,,,,,
April,280,Yaog,30,17850.56,1391.546667,8,5,18,9,"Mortgage Loan, Not Specified, Credit-Builder Loan, Auto Loan, Payday Loan, Credit-Builder Loan, Home Equity Loan, Debt Consolidation Loan, and Mortgage Loan",25,20,7.11,11,Bad,3380.69,34.20274776,7 Years and 11 Months,NM,127.2236916,72.05366523,HighspentSmallvaluepayments,199.8773098,Poor,,,,,,,,,,,,
May,280,Yaog,30,17850.56,1391.546667,8,5,4614,9,"Mortgage Loan, Not Specified, Credit-Builder Loan, Auto Loan, Payday Loan, Credit-Builder Loan, Home Equity Loan, Debt Consolidation Loan, and Mortgage Loan",25,20,7.11,11,Bad,3380.69,28.38686797,8 Years and 0 Months,Yes,127.2236916,73.21581342,HighspentSmallvaluepayments,198.7151616,Poor,,,,,,,,,,,,
June,280,Yaog,30,17850.56,1391.546667,8,5,18,9,"Mortgage Loan, Not Specified, Credit-Builder Loan, Auto Loan, Payday Loan, Credit-Builder Loan, Home Equity Loan, Debt Consolidation Loan, and Mortgage Loan",24,21,7.11,11,Bad,3380.69,32.3512144,8 Years and 1 Months,Yes,127.2236916,181.9309244,LowspentSmallvaluepayments,120.0000506,Poor,,,,,,,,,,,,
July,280,Yaog,30,17850.56,,8,5,18,9,"Mortgage Loan, Not Specified, Credit-Builder Loan, Auto Loan, Payday Loan, Credit-Builder Loan, Home Equity Loan, Debt Consolidation Loan, and Mortgage Loan",24,20,7.11,11,Bad,3380.69,36.34231072,8 Years and 2 Months,Yes,127.2236916,,High_spent_Large_value_payments,236.9476556,Poor,,,,,,,,,,,,
August,280,Yaog,31,17850.56,1391.546667,1414,5,18,-100,"Mortgage Loan, Not Specified, Credit-Builder Loan, Auto Loan, Payday Loan, Credit-Builder Loan, Home Equity Loan, Debt Consolidation Loan, and Mortgage Loan",27,20_,7.11,11,Bad,3380.69,29.19405846,8 Years and 3 Months,Yes,127.2236916,59.02680235,Low_spent_Small_value_payments,242.9041727,Poor,,,,,,,,,,,,
January,281,ernardot,33,15713.83,1313.485833,7,8,23,2,"Home Equity Loan, and Credit-Builder Loan",46,11,12.39,6,Standard,2271.53,33.91448311,10 Years and 5 Months,Yes,20.30880921,85.34019888,LowspentSmallvaluepayments,315.6995752,Poor,,,,,,,,,,,,
February,281,ernardot,33,15713.83,1313.485833,7,8,23,2,"Home Equity Loan, and Credit-Builder Loan",46,12,12.39,6,Standard,2271.53,23.64512154,10 Years and 6 Months,Yes,20.30880921,32.92466409,HighspentMediumvaluepayments,328.11511,Poor,,,,,,,,,,,,
March,281,ernardot,33,15713.83,1313.485833,7,8,23,2,"Home Equity Loan, and Credit-Builder Loan",46,11,12.39,6,,2271.53,41.12704546,10 Years and 7 Months,Yes,20.30880921,60.38800088,LowspentMediumvaluepayments,330.6517732,Poor,,,,,,,,,,,,
April,281,ernardot,33,15713.83,1313.485833,7,8,23,2,"Home Equity Loan, and Credit-Builder Loan",46,9,12.39,6,,2271.53,24.39026039,10 Years and 8 Months,Yes,20.30880921,107.9986638,LowspentMediumvaluepayments,283.0411103,Poor,,,,,,,,,,,,
May,281,ernardot,33,15713.83,1313.485833,831,8,23,2,"Home Equity Loan, and Credit-Builder Loan",49,14,12.39,6,Standard,2271.53,30.15490757,10 Years and 9 Months,Yes,20.30880921,103.2465967,LowspentSmallvaluepayments,297.7931774,Poor,,,,,,,,,,,,
June,281,ernardot,33,15713.83,1313.485833,7,8,23,2,"Home Equity Loan, and Credit-Builder Loan",46,11,12.39,6,Standard,2271.53,30.87311341,10 Years and 10 Months,Yes,20.30880921,10000,LowspentMediumvaluepayments,353.5211359,Poor,,,,,,,,,,,,
July,281,ernardot,33,15713.83,1313.485833,7,8,23,2,"Home Equity Loan, and Credit-Builder Loan",41,9,12.39,6,Standard,2271.53,41.17031874,10 Years and 11 Months,NM,20.30880921,10000,Low_spent_Small_value_payments,273.5231084,Standard,,,,,,,,,,,,
August,281,,33,15713.83,1313.485833,7,8,23,2,"Home Equity Loan, and Credit-Builder Loan",46,12,14.39,7,Standard,2271.53,32.03458599,11 Years and 0 Months,Yes,20.30880921,28.75335033,High_spent_Large_value_payments,322.2864238,Standard,,,,,,,,,,,,
January,282,Nate Raymondd,30,62050.89,5386.9075,8,7,22,7,"Personal Loan, Credit-Builder Loan, Student Loan, Student Loan, Credit-Builder Loan, Student Loan, and Home Equity Loan",18,22,14.95,9,Bad,4293.32,27.67344611,5 Years and 5 Months,Yes,286.959221,,LowspentSmallvaluepayments,0,Poor,,,,,,,,,,,,
February,282,Nate Raymondd,30,62050.89,5386.9075,8,7,22,7,"Personal Loan, Credit-Builder Loan, Student Loan, Student Loan, Credit-Builder Loan, Student Loan, and Home Equity Loan",18,22,9.95,13,Bad,4293.32,29.46236778,5 Years and 6 Months,Yes,286.959221,120.3930044,HighspentLargevaluepayments,371.3385246,Poor,,,,,,,,,,,,
March,282,Nate Raymondd,31,62050.89,5386.9075,8,7,2550,7,"Personal Loan, Credit-Builder Loan, Student Loan, Student Loan, Credit-Builder Loan, Student Loan, and Home Equity Loan",18,21,9.95,13,Bad,4293.32,33.26211037,5 Years and 7 Months,Yes,286.959221,360.6017563,HighspentSmallvaluepayments,151.1297727,Poor,,,,,,,,,,,,
April,282,,31,62050.89,5386.9075,8,7,22,7,"Personal Loan, Credit-Builder Loan, Student Loan, Student Loan, Credit-Builder Loan, Student Loan, and Home Equity Loan",18,22,9.95,13,,4293.32,26.3075933,5 Years and 8 Months,Yes,286.959221,228.7290538,!@9#%8,313.0024752,Poor,,,,,,,,,,,,
May,282,Nate Raymondd,31,62050.89,5386.9075,8,7,22,7,"Personal Loan, Credit-Builder Loan, Student Loan, Student Loan, Credit-Builder Loan, Student Loan, and Home Equity Loan",18,22,10.95,13,Bad,4293.32,38.91335455,NA,Yes,286.959221,105.3180198,HighspentLargevaluepayments,386.4135092,Poor,,,,,,,,,,,,
June,282,Nate Raymondd,31,62050.89,5386.9075,8,7,22,7,"Personal Loan, Credit-Builder Loan, Student Loan, Student Loan, Credit-Builder Loan, Student Loan, and Home Equity Loan",18,24,9.95,13,Bad,4293.32,32.77245824,5 Years and 10 Months,NM,286.959221,337.2042979,HighspentSmallvaluepayments,174.5272311,Standard,,,,,,,,,,,,
July,282,Nate Raymondd,31,62050.89,5386.9075,8,7,22,7,"Personal Loan, Credit-Builder Loan, Student Loan, Student Loan, Credit-Builder Loan, Student Loan, and Home Equity Loan",18,24,9.95,13,Bad,4293.32,34.02213873,5 Years and 11 Months,Yes,286.959221,527.7013996,Low_spent_Small_value_payments,14.0301294,Standard,,,,,,,,,,,,
August,282,Nate Raymondd,31,62050.89,5386.9075,8,7,22,7,"Personal Loan, Credit-Builder Loan, Student Loan, Student Loan, Credit-Builder Loan, Student Loan, and Home Equity Loan",18,23,9.95,13,Bad,4293.32,25.80109764,6 Years and 0 Months,NM,286.959221,119.0840222,High_spent_Medium_value_payments,382.6475068,Poor,,,,,,,,,,,,
January,283,ill Rigbys,36,18744.4,1410.033333,8,7,29,9,"Credit-Builder Loan, Not Specified, Personal Loan, Debt Consolidation Loan, Debt Consolidation Loan, Student Loan, Auto Loan, Student Loan, and Mortgage Loan",17,24,20.17,7,,4432.68,26.793362,5 Years and 7 Months,Yes,139.9403852,145.2447007,LowspentSmallvaluepayments,145.8182474,Standard,,,,,,,,,,,,
February,283,,36,18744.4,1410.033333,8,7,29,9,"Credit-Builder Loan, Not Specified, Personal Loan, Debt Consolidation Loan, Debt Consolidation Loan, Student Loan, Auto Loan, Student Loan, and Mortgage Loan",17,23,20.17,7,Bad,4432.68,36.17556889,5 Years and 8 Months,Yes,139.9403852,125.9641228,LowspentMediumvaluepayments,155.0988253,Standard,,,,,,,,,,,,
March,283,ill Rigbys,36,18744.4,1410.033333,8,7,29,9,"Credit-Builder Loan, Not Specified, Personal Loan, Debt Consolidation Loan, Debt Consolidation Loan, Student Loan, Auto Loan, Student Loan, and Mortgage Loan",17,22,20.17,7,Bad,4432.68,37.20294061,NA,Yes,139.9403852,83.71065495,LowspentMediumvaluepayments,197.3522932,Standard,,,,,,,,,,,,
April,283,ill Rigbys,36,18744.4,1410.033333,8,7,29,9,"Credit-Builder Loan, Not Specified, Personal Loan, Debt Consolidation Loan, Debt Consolidation Loan, Student Loan, Auto Loan, Student Loan, and Mortgage Loan",17,24,20.17,12,Bad,4432.68,27.58671365,5 Years and 10 Months,Yes,139.9403852,62.3716437,!@9#%8,228.6913044,Standard,,,,,,,,,,,,
May,283,ill Rigbys,36,18744.4,1410.033333,8,7,29,9,"Credit-Builder Loan, Not Specified, Personal Loan, Debt Consolidation Loan, Debt Consolidation Loan, Student Loan, Auto Loan, Student Loan, and Mortgage Loan",17,26,17.17,12,,4432.68,27.21727487,5 Years and 11 Months,Yes,139.9403852,37.87691806,LowspentMediumvaluepayments,243.1860301,Standard,,,,,,,,,,,,
June,283,ill Rigbys,36,18744.4,1410.033333,8,7,29,9,"Credit-Builder Loan, Not Specified, Personal Loan, Debt Consolidation Loan, Debt Consolidation Loan, Student Loan, Auto Loan, Student Loan, and Mortgage Loan",13,23,20.17,12,Bad,4432.68,33.76278212,6 Years and 0 Months,Yes,139.9403852,179.8566713,LowspentSmallvaluepayments,111.2062768,Standard,,,,,,,,,,,,
July,283,ill Rigbys,36,18744.4,1410.033333,8,7,29,9,"Credit-Builder Loan, Not Specified, Personal Loan, Debt Consolidation Loan, Debt Consolidation Loan, Student Loan, Auto Loan, Student Loan, and Mortgage Loan",12,22,20.17,12,Bad,4432.68,23.75855343,6 Years and 1 Months,Yes,139.9403852,176.5941368,Low_spent_Small_value_payments,114.4688114,Standard,,,,,,,,,,,,
August,283,ill Rigbys,37,18744.4_,1410.033333,8,7,29,9,"Credit-Builder Loan, Not Specified, Personal Loan, Debt Consolidation Loan, Debt Consolidation Loan, Student Loan, Auto Loan, Student Loan, and Mortgage Loan",21,23,20.17,12,Bad,4432.68,29.57143168,6 Years and 2 Months,Yes,139.9403852,65.69335413,Low_spent_Small_value_payments,225.369594,Standard,,,,,,,,,,,,
January,284,Huww,38,12070.845,1088.90375,8,5,8,4,"Student Loan, Home Equity Loan, Payday Loan, and Home Equity Loan",17,15,2.96,1,Standard,759.86,31.39543108,28 Years and 3 Months,Yes,31.3499696,39.99861057,LowspentMediumvaluepayments,317.5417948,Standard,,,,,,,,,,,,
February,284,Huww,38,12070.845,1088.90375,8,5,5627,4,"Student Loan, Home Equity Loan, Payday Loan, and Home Equity Loan",18,,2.96,1,Standard,759.86,28.59584786,28 Years and 4 Months,Yes,31.3499696,49.22807948,LowspentMediumvaluepayments,308.3123259,Standard,,,,,,,,,,,,
March,284,Huww,38,12070.845,1088.90375,8,5,8,4,"Student Loan, Home Equity Loan, Payday Loan, and Home Equity Loan",14,12,2.96,1,Standard,759.86,28.83078169,28 Years and 5 Months,Yes,31.3499696,75.90196409,LowspentSmallvaluepayments,291.6384413,Standard,,,,,,,,,,,,
April,284,Huww,38,12070.845,1088.90375,8,5,8,4,"Student Loan, Home Equity Loan, Payday Loan, and Home Equity Loan",18,12,9.96,1,,759.86,26.03213559,28 Years and 6 Months,Yes,31.3499696,74.52135838,!@9#%8,273.019047,Standard,,,,,,,,,,,,
May,284,Huww,38,12070.845,1088.90375,8,5,8,4,"Student Loan, Home Equity Loan, Payday Loan, and Home Equity Loan",18,12,2.96,1,Standard,759.86,22.58810616,28 Years and 7 Months,Yes,31.3499696,114.4028087,LowspentSmallvaluepayments,253.1375967,Standard,,,,,,,,,,,,
June,284,Huww,38,12070.845,1088.90375,8,5,8,-100,"Student Loan, Home Equity Loan, Payday Loan, and Home Equity Loan",16,12,2.96,4,,759.86,31.52864922,28 Years and 8 Months,NM,31.3499696,103.5663154,!@9#%8,253.97409,Standard,,,,,,,,,,,,
July,284,Huww,38,12070.845,1088.90375,8,5,8,4,"Student Loan, Home Equity Loan, Payday Loan, and Home Equity Loan",19,12,2.96,4,Standard,759.86,25.25181941,28 Years and 9 Months,NM,31.3499696,64.57579118,Low_spent_Large_value_payments,282.9646142,Standard,,,,,,,,,,,,
August,284,Huww,38,12070.845,1088.90375,8,5,8,4,"Student Loan, Home Equity Loan, Payday Loan, and Home Equity Loan",18,12,2.96,4,_,759.86,25.40908415,28 Years and 10 Months,Yes,31.3499696,76.93505249,Low_spent_Medium_value_payments,280.6053529,Standard,,,,,,,,,,,,
January,285,Huntt,21,38539.57,3438.630833,4,2,3,1,Mortgage Loan,4,1,8.42,0,Good,526.62,27.34780113,29 Years and 7 Months,No,22.68327917,277.018349,LowspentMediumvaluepayments,324.1614552,Good,,,,,,,,,,,,
February,285,Huntt,21,38539.57,3438.630833,4,2,3,472,Mortgage Loan,4,1,8.42,0,Good,526.62,30.03999795,29 Years and 8 Months,No,22.68327917,285.2820709,LowspentSmallvaluepayments,325.8977333,Good,,,,,,,,,,,,
March,285,Huntt,21,38539.57,3438.630833,4,2,3,-100,Mortgage Loan,8,-2,,0,Good,526.62,39.48930933,29 Years and 9 Months,NM,22.68327917,243.2758564,!@9#%8,367.9039477,Good,,,,,,,,,,,,
April,285,Huntt,21,38539.57,3438.630833,4,2,3,1,Mortgage Loan,1,4,8.42,0,,526.62,40.12095141,29 Years and 10 Months,No,22.68327917,81.09418711,HighspentMediumvaluepayments,490.0856171,Good,,,,,,,,,,,,
May,285,Huntt,21,38539.57,3438.630833,4,2,3,1,Mortgage Loan,8,1,8.42,0,Good,526.62,35.45774286,29 Years and 11 Months,NM,22.68327917,303.0276653,LowspentMediumvaluepayments,298.1521389,Good,,,,,,,,,,,,
June,285,,22,38539.57,3438.630833,4,2,3,1,Mortgage Loan,4,-2,8.42,0,,526.62,37.79778327,30 Years and 0 Months,No,22.68327917,381.4716401,LowspentSmallvaluepayments,229.7081641,Good,,,,,,,,,,,,
July,285,Huntt,22,38539.57,3438.630833,4,2,3,1,Mortgage Loan,4,1,8.42,0,Good,526.62,23.81299083,30 Years and 1 Months,No,22.68327917,119.6698477,High_spent_Medium_value_payments,451.5099565,Good,,,,,,,,,,,,
August,285,Huntt,22,38539.57,3438.630833,4,2,3,1,Mortgage Loan,8,2,8.42,0,Good,526.62,34.70031951,30 Years and 2 Months,NM,22.68327917,119.6456108,High_spent_Medium_value_payments,451.5341933,Good,,,,,,,,,,,,
January,286,Ernest Schuyderl,47,48411.24,4306.27,8,3,3,4,"Mortgage Loan, Home Equity Loan, Home Equity Loan, and Mortgage Loan",17,10,4.04,1,Good,821.27,31.97170242,18 Years and 3 Months,No,82.22147115,167.273391,HighspentMediumvaluepayments,431.1321379,Good,,,,,,,,,,,,
February,286,Ernest Schuyderl,47,48411.24,4306.27,8,3,3,4,"Mortgage Loan, Home Equity Loan, Home Equity Loan, and Mortgage Loan",17,12,3.04,1,Good,821.27,38.88271127,18 Years and 4 Months,No,82.22147115,57.00582377,HighspentLargevaluepayments,531.3997051,Good,,,,,,,,,,,,
March,286,Ernest Schuyderl,47,48411.24,4306.27,8,3,3,4,"Mortgage Loan, Home Equity Loan, Home Equity Loan, and Mortgage Loan",16,8,1.04,1,Good,821.27,34.66055202,18 Years and 5 Months,No,82.22147115,56.99305698,HighspentMediumvaluepayments,541.4124719,Good,,,,,,,,,,,,
April,286,Ernest Schuyderl,47,48411.24,4306.27,8,3,3,4,"Mortgage Loan, Home Equity Loan, Home Equity Loan, and Mortgage Loan",17,14,4.04,1,Good,821.27,32.37493076,18 Years and 6 Months,No,82.22147115,152.9237598,HighspentMediumvaluepayments,445.4817691,Standard,,,,,,,,,,,,
May,286,Ernest Schuyderl,47,48411.24,4306.27,8,3,3,4,"Mortgage Loan, Home Equity Loan, Home Equity Loan, and Mortgage Loan",17,11,4.04,1,Good,821.27,39.82697124,18 Years and 7 Months,No,82.22147115,179.7661872,HighspentMediumvaluepayments,418.6393417,Standard,,,,,,,,,,,,
June,286,Ernest Schuyderl,47,48411.24,4306.27,8,3,3,4,"Mortgage Loan, Home Equity Loan, Home Equity Loan, and Mortgage Loan",22,11,4.04,1,Good,821.27,31.8308255,18 Years and 8 Months,No,82.22147115,,LowspentSmallvaluepayments,148.8596481,Good,,,,,,,,,,,,
July,286,Ernest Schuyderl,47,48411.24,,8,3,3,4,"Mortgage Loan, Home Equity Loan, Home Equity Loan, and Mortgage Loan",17,,4.04,1,Good,821.27,39.20978085,18 Years and 9 Months,No,82.22147115,40.13372244,High_spent_Large_value_payments,548.2718064,Good,,,,,,,,,,,,
August,286,Ernest Schuyderl,47,48411.24,4306.27,8,3,3,4,"Mortgage Loan, Home Equity Loan, Home Equity Loan, and Mortgage Loan",17,11,4.04,3,Good,821.27,31.09377623,18 Years and 10 Months,No,82.22147115,326.5091908,Low_spent_Medium_value_payments,301.8963381,Good,,,,,,,,,,,,
January,287,James Pomfretu,23,47275.96,4238.663333,6,3,4,4,"Payday Loan, Auto Loan, Personal Loan, and Credit-Builder Loan",16,18,9.43,2,Good,302.1,32.40579414,22 Years and 2 Months,No,121.9288772,75.56461377,HighspentMediumvaluepayments,476.3728424,Good,,,,,,,,,,,,
February,287,James Pomfretu,23,47275.96,4238.663333,6,3,4,1017,"Payday Loan, Auto Loan, Personal Loan, and Credit-Builder Loan",18,18,4.43,2,Good,302.1,34.88354091,22 Years and 3 Months,No,121.9288772,469.732373,LowspentSmallvaluepayments,122.2050832,Good,,,,,,,,,,,,
March,287,James Pomfretu,23,47275.96,4238.663333,6,3,4,4,"Payday Loan, Auto Loan, Personal Loan, and Credit-Builder Loan",18,18,9.43,2,Good,302.1,30.4054129,22 Years and 4 Months,No,121.9288772,74.36499752,HighspentSmallvaluepayments,487.5724586,Standard,,,,,,,,,,,,
April,287,James Pomfretu,23,47275.96,4238.663333,6,3,4,4,"Payday Loan, Auto Loan, Personal Loan, and Credit-Builder Loan",18,18,9.43,2,,302.1,30.20330333,22 Years and 5 Months,NM,121.9288772,52.30567881,HighspentLargevaluepayments,489.6317773,Good,,,,,,,,,,,,
May,287,James Pomfretu,23,47275.96,4238.663333,6,3,4,4,"Payday Loan, Auto Loan, Personal Loan, and Credit-Builder Loan",18,18,9.43,2,Good,302.1,39.83414802,22 Years and 6 Months,No,121.9288772,10000,LowspentSmallvaluepayments,292.9082294,Good,,,,,,,,,,,,
June,287,James Pomfretu,23,47275.96,4238.663333,6,3,4,4,"Payday Loan, Auto Loan, Personal Loan, and Credit-Builder Loan",18,18,15.43,2,,302.1,24.42710438,22 Years and 7 Months,No,121.9288772,96.07291031,HighspentLargevaluepayments,445.8645458,Good,,,,,,,,,,,,
July,287,James Pomfretu,24,47275.96,4238.663333,6,3,4,4,"Payday Loan, Auto Loan, Personal Loan, and Credit-Builder Loan",18,20,9.43,3,Good,302.1,36.95763163,22 Years and 8 Months,No,121.9288772,87.27612235,!@9#%8,464.6613338,Good,,,,,,,,,,,,
August,287,,24_,47275.96,4238.663333,6,3,4,945,"Payday Loan, Auto Loan, Personal Loan, and Credit-Builder Loan",18,18,9.43,3,Good,302.1,23.33122534,22 Years and 9 Months,No,121.9288772,,High_spent_Large_value_payments,471.3693537,Good,,,,,,,,,,,,
January,288,Levinec,42,30232.28,2342.356667,5,3,4,4,"Mortgage Loan, Mortgage Loan, Mortgage Loan, and Credit-Builder Loan",0,1867,4.94,2,Good,1483.59,25.7442157,31 Years and 5 Months,NM,98.46945408,,HighspentMediumvaluepayments,308.192603,Good,,,,,,,,,,,,
February,288,Levinec,42,30232.28,2342.356667,5,3,4,4,"Mortgage Loan, Mortgage Loan, Mortgage Loan, and Credit-Builder Loan",1,-1,4.94,2,,1483.59,24.71093038,31 Years and 6 Months,No,98.46945408,80.5435778,HighspentMediumvaluepayments,305.2226348,Good,,,,,,,,,,,,
March,288,Levinec,42,30232.28,2342.356667,5,3,4,4,"Mortgage Loan, Mortgage Loan, Mortgage Loan, and Credit-Builder Loan",0,1,4.94,2,Good,1483.59,24.34439331,31 Years and 7 Months,NM,98.46945408,32.84142071,HighspentLargevaluepayments,342.9247919,Good,,,,,,,,,,,,
April,288,Levinec,42,30232.28,2342.356667,5,3,215,-100,"Mortgage Loan, Mortgage Loan, Mortgage Loan, and Credit-Builder Loan",0,4,4.94,2,Good,1483.59,27.47298422,31 Years and 8 Months,No,8341,134.767797,LowspentSmallvaluepayments,290.9984156,Standard,,,,,,,,,,,,
May,288,Levinec,42,30232.28,2342.356667,5,3,4,4,"Mortgage Loan, Mortgage Loan, Mortgage Loan, and Credit-Builder Loan",0,,3.94,2,Good,1483.59,35.91089356,NA,NM,98.46945408,119.3413868,LowspentLargevaluepayments,286.4248258,Standard,,,,,,,,,,,,
June,288,Levinec,42,30232.28,2342.356667,5,3,4,4,"Mortgage Loan, Mortgage Loan, Mortgage Loan, and Credit-Builder Loan",-5,1,4.94,2,,1483.59,28.78391817,31 Years and 10 Months,No,98.46945408,203.7837495,LowspentSmallvaluepayments,221.9824631,Standard,,,,,,,,,,,,
July,288,Levinec,42,30232.28,,5,3,4,4,"Mortgage Loan, Mortgage Loan, Mortgage Loan, and Credit-Builder Loan",0,1,3.94,2,_,1483.59,35.18439424,31 Years and 11 Months,NM,98.46945408,139.1206062,Low_spent_Medium_value_payments,276.6456064,Standard,,,,,,,,,,,,
August,288,Levinec,42,22409880,,5,3,4,4,"Mortgage Loan, Mortgage Loan, Mortgage Loan, and Credit-Builder Loan",0,1,6.94,2,Good,1483.59,34.95902065,32 Years and 0 Months,No,98.46945408,287.6464317,Low_spent_Small_value_payments,138.1197809,Standard,,,,,,,,,,,,
January,289,Emilym,27,33314.96,2955.246667,10,5,18,7,"Mortgage Loan, Student Loan, Auto Loan, Student Loan, Not Specified, Mortgage Loan, and Student Loan",33,26,16.82,6,Bad,3271.84,34.20617681,0 Years and 1 Months,Yes,98.19308987,184.6666856,LowspentSmallvaluepayments,302.6648912,Poor,,,,,,,,,,,,
February,289,Emilym,27,33314.96,2955.246667,10,5,438,7,"Mortgage Loan, Student Loan, Auto Loan, Student Loan, Not Specified, Mortgage Loan, and Student Loan",33,24,22.82,6,Bad,3271.84,31.33007825,0 Years and 2 Months,NM,98.19308987,91.24228771,!@9#%8,366.0892891,Poor,,,,,,,,,,,,
March,289,Emilym,27,33314.96,2955.246667,10,5,18,7,"Mortgage Loan, Student Loan, Auto Loan, Student Loan, Not Specified, Mortgage Loan, and Student Loan",37,24,16.82,6,Bad,3271.84,25.87367382,0 Years and 3 Months,Yes,98.19308987,10000,LowspentMediumvaluepayments,212.4776154,Poor,,,,,,,,,,,,
April,289,Emilym,27,33314.96,2955.246667,10,5,18,7,"Mortgage Loan, Student Loan, Auto Loan, Student Loan, Not Specified, Mortgage Loan, and Student Loan",33,24,16.82,6,,3271.84,36.11551748,0 Years and 4 Months,Yes,98.19308987,258.9981629,LowspentSmallvaluepayments,228.3334139,Poor,,,,,,,,,,,,
May,289,Emilym,27,33314.96,2955.246667,10,5,18,7,"Mortgage Loan, Student Loan, Auto Loan, Student Loan, Not Specified, Mortgage Loan, and Student Loan",35,25,16.82,6,Bad,3271.84,37.33982135,0 Years and 5 Months,Yes,98.19308987,390.3183914,LowspentSmallvaluepayments,97.01318539,Poor,,,,,,,,,,,,
June,289,Emilym,27,33314.96,2955.246667,10,5,18,7,"Mortgage Loan, Student Loan, Auto Loan, Student Loan, Not Specified, Mortgage Loan, and Student Loan",33,27,16.82,6,Bad,3271.84,39.18038583,0 Years and 6 Months,Yes,98.19308987,69.07804175,HighspentLargevaluepayments,368.253535,Poor,,,,,,,,,,,,
July,289,Emilym,28,33314.96,2955.246667,10,5,18,7,"Mortgage Loan, Student Loan, Auto Loan, Student Loan, Not Specified, Mortgage Loan, and Student Loan",38,24,16.82,6,_,3271.84_,28.98608464,0 Years and 7 Months,Yes,98.19308987,,High_spent_Medium_value_payments,399.3503434,Poor,,,,,,,,,,,,
August,289,Emilym,28,33314.96,,10,5,18,7,"Mortgage Loan, Student Loan, Auto Loan, Student Loan, Not Specified, Mortgage Loan, and Student Loan",32,24,16.82,6,_,3271.84,22.78560579,0 Years and 8 Months,Yes,98.19308987,102.9909421,High_spent_Small_value_payments,354.3406347,Poor,,,,,,,,,,,,
January,290,Reiji Muraio,44,7599.035,898.2529167,7,9,27,6,"Personal Loan, Payday Loan, Home Equity Loan, Payday Loan, Mortgage Loan, and Credit-Builder Loan",35,19,-3.52,7,Bad,2198.82,24.42928971,17 Years and 4 Months,Yes,29.39552203,98.81828233,LowspentSmallvaluepayments,251.6114873,Poor,,,,,,,,,,,,
February,290,Reiji Muraio,44,7599.035,898.2529167,1613,9,27,6,"Personal Loan, Payday Loan, Home Equity Loan, Payday Loan, Mortgage Loan, and Credit-Builder Loan",35,20,9.48,7,,2198.82,33.44497849,NA,NM,29.39552203,35.8438101,LowspentMediumvaluepayments,304.5859595,Poor,,,,,,,,,,,,
March,290,Reiji Muraio,44,7599.035,898.2529167,7,9,27,6,"Personal Loan, Payday Loan, Home Equity Loan, Payday Loan, Mortgage Loan, and Credit-Builder Loan",35,23,3.48,7,Bad,2198.82,35.91863008,17 Years and 6 Months,Yes,29.39552203,25.62301659,LowspentMediumvaluepayments,314.806753,Poor,,,,,,,,,,,,
April,290,Reiji Muraio,44,7599.035,898.2529167,7,9,27,6,"Personal Loan, Payday Loan, Home Equity Loan, Payday Loan, Mortgage Loan, and Credit-Builder Loan",33,20,3.48,7,Bad,2198.82,31.54533316,17 Years and 7 Months,Yes,29.39552203,109.9266911,LowspentSmallvaluepayments,240.5030786,Poor,,,,,,,,,,,,
May,290,Reiji Muraio,44,7599.035,898.2529167,7,9,27,6,"Personal Loan, Payday Loan, Home Equity Loan, Payday Loan, Mortgage Loan, and Credit-Builder Loan",35,20,3.48,7,,2198.82,24.92937452,17 Years and 8 Months,Yes,29.39552203,120.018727,LowspentSmallvaluepayments,230.4110426,Standard,,,,,,,,,,,,
June,290,Reiji Muraio,44,7599.035,898.2529167,7,9,27,6,"Personal Loan, Payday Loan, Home Equity Loan, Payday Loan, Mortgage Loan, and Credit-Builder Loan",35,21,3.48,7,Bad,2198.82,34.06409856,17 Years and 9 Months,Yes,29.39552203,16.2907539,HighspentMediumvaluepayments,294.1390157,Poor,,,,,,,,,,,,
July,290,Reiji Muraio,44,7599.035,898.2529167,7,9,27,6,"Personal Loan, Payday Loan, Home Equity Loan, Payday Loan, Mortgage Loan, and Credit-Builder Loan",35,20,3.48,7,Bad,2198.82,27.96688648,17 Years and 10 Months,Yes,29.39552203,23.43686423,High_spent_Small_value_payments,296.9929054,Poor,,,,,,,,,,,,
August,290,Reiji Muraio,45,7599.035,898.2529167,7,9,27,146,"Personal Loan, Payday Loan, Home Equity Loan, Payday Loan, Mortgage Loan, and Credit-Builder Loan",35,20,3.48,7,Bad,2198.82,36.25729019,17 Years and 11 Months,Yes,29.39552203,67.99418121,Low_spent_Large_value_payments,262.4355884,Poor,,,,,,,,,,,,
January,291,Blamontg,18,97640.4,898.2529167,5,7,6,4,"Auto Loan, Auto Loan, Student Loan, and Credit-Builder Loan",19,14,9.86,4,,80.5,37.11345666,10 Years and 10 Months,Yes,259.8059369,727.9822228,LowspentMediumvaluepayments,95.68184031,Standard,,,,,,,,,,,,
February,291,Blamontg,18,97640.4,8034.7,5,7,6,4,"Auto Loan, Auto Loan, Student Loan, and Credit-Builder Loan",19,,9.86,4,Standard,80.5,39.28646441,10 Years and 11 Months,NM,259.8059369,173.4952741,HighspentLargevaluepayments,610.168789,Standard,,,,,,,,,,,,
March,291,Blamontg,19,97640.4,8034.7,5,7,6,4,"Auto Loan, Auto Loan, Student Loan, and Credit-Builder Loan",19,12,,4,Standard,80.5,40.50296066,11 Years and 0 Months,Yes,259.8059369,171.9704541,HighspentLargevaluepayments,611.6936091,Standard,,,,,,,,,,,,
April,291,,19,97640.4,8034.7,5,7,6,4,"Auto Loan, Auto Loan, Student Loan, and Credit-Builder Loan",19,17,9.86,,Standard,80.5,28.76961204,11 Years and 1 Months,Yes,259.8059369,141.8642813,HighspentMediumvaluepayments,651.7997819,Poor,,,,,,,,,,,,
May,291,Blamontg,19,97640.4,8034.7,5,7,6,4,"Auto Loan, Auto Loan, Student Loan, and Credit-Builder Loan",19,11,15.86,4,Standard,80.5,32.79002094,11 Years and 2 Months,NM,259.8059369,223.6558851,HighspentMediumvaluepayments,570.008178,Poor,,,,,,,,,,,,
June,291,Blamontg,19,97640.4,8034.7,5,7,6,4,"Auto Loan, Auto Loan, Student Loan, and Credit-Builder Loan",19,14,16.86,4,Standard,80.5,30.97145649,11 Years and 3 Months,NM,259.8059369,99.73933287,HighspentMediumvaluepayments,693.9247303,Poor,,,,,,,,,,,,
July,291,Blamontg,19,97640.4,,5,7,6,4,"Auto Loan, Auto Loan, Student Loan, and Credit-Builder Loan",19,12,9.86,4,Standard,80.5,31.39030536,11 Years and 4 Months,Yes,259.8059369,183.9353205,High_spent_Large_value_payments,599.7287426,Poor,,,,,,,,,,,,
August,291,,19,97640.4,8034.7,5,7,6,4,"Auto Loan, Auto Loan, Student Loan, and Credit-Builder Loan",19,14,9.86,4,Standard,80.5,25.91202308,11 Years and 5 Months,Yes,259.8059369,356.4875127,Low_spent_Medium_value_payments,467.1765504,Standard,,,,,,,,,,,,
January,292,Jonathanq,33,75881.16,6535.43,10,6,16,6,"Credit-Builder Loan, Debt Consolidation Loan, Personal Loan, Payday Loan, Payday Loan, and Student Loan",29,19,9.94,11,Bad,2321.23,32.08164606,10 Years and 2 Months,Yes,232.3847176,94.59513166,HighspentMediumvaluepayments,576.5631508,Poor,,,,,,,,,,,,
February,292,Jonathanq,33,75881.16,6535.43,10,6,16,6,"Credit-Builder Loan, Debt Consolidation Loan, Personal Loan, Payday Loan, Payday Loan, and Student Loan",34,19,9.94,11,Bad,2321.23,30.73000587,10 Years and 3 Months,Yes,232.3847176,333.4966539,LowspentMediumvaluepayments,367.6616286,Poor,,,,,,,,,,,,
March,292,Jonathanq,33,75881.16,6535.43,10,6,16,6,"Credit-Builder Loan, Debt Consolidation Loan, Personal Loan, Payday Loan, Payday Loan, and Student Loan",32,22,9.94,11,Bad,2321.23,34.23130426,10 Years and 4 Months,Yes,232.3847176,128.1096506,HighspentLargevaluepayments,533.0486318,Poor,,,,,,,,,,,,
April,292,Jonathanq,33,75881.16,6535.43,741,6,16,6,"Credit-Builder Loan, Debt Consolidation Loan, Personal Loan, Payday Loan, Payday Loan, and Student Loan",29,,9.94,11,,2321.23,27.30701089,10 Years and 5 Months,Yes,232.3847176,451.3351651,LowspentSmallvaluepayments,259.8231174,Poor,,,,,,,,,,,,
May,292,Jonathanq,34,75881.16,6535.43,10,6,16,6,"Credit-Builder Loan, Debt Consolidation Loan, Personal Loan, Payday Loan, Payday Loan, and Student Loan",32,20,9.94,11,Bad,2321.23,25.84011766,10 Years and 6 Months,Yes,232.3847176,474.0644699,!@9#%8,227.0938125,Poor,,,,,,,,,,,,
June,292,Jonathanq,34,75881.16,6535.43,121,6,16,6,"Credit-Builder Loan, Debt Consolidation Loan, Personal Loan, Payday Loan, Payday Loan, and Student Loan",32,18,9.94,11,Bad,2321.23,37.03194976,10 Years and 7 Months,Yes,232.3847176,512.7324609,LowspentSmallvaluepayments,198.4258216,Poor,,,,,,,,,,,,
July,292,Jonathanq,34,75881.16,6535.43,10,6,16,6,"Credit-Builder Loan, Debt Consolidation Loan, Personal Loan, Payday Loan, Payday Loan, and Student Loan",32,22,9.94,11,Bad,2321.23,28.01101444,10 Years and 8 Months,Yes,232.3847176,262.0164446,Low_spent_Medium_value_payments,439.1418379,Poor,,,,,,,,,,,,
August,292,Jonathanq,34,75881.16,6535.43,10,6,2565,6,"Credit-Builder Loan, Debt Consolidation Loan, Personal Loan, Payday Loan, Payday Loan, and Student Loan",32,21,9.94,11,_,2321.23,23.43467187,10 Years and 9 Months,NM,232.3847176,509.8968823,Low_spent_Medium_value_payments,191.2614002,Poor,,,,,,,,,,,,
January,293,,28,36490.98,2828.915,4,5,8,4,"Payday Loan, Debt Consolidation Loan, Not Specified, and Personal Loan",21,18,,7,Standard,581.05,28.92477168,11 Years and 9 Months,NM,92.35158352,54.60230189,HighspentLargevaluepayments,375.9376146,Standard,,,,,,,,,,,,
February,293,Mark Shades,28,36490.98,2828.915,4,5,8,4,"Payday Loan, Debt Consolidation Loan, Not Specified, and Personal Loan",21,,9.75,7,Standard,581.05,24.63901022,11 Years and 10 Months,Yes,92.35158352,58.63332278,HighspentMediumvaluepayments,381.9065937,Standard,,,,,,,,,,,,
March,293,Mark Shades,28,36490.98,2828.915,4,5,8,4,"Payday Loan, Debt Consolidation Loan, Not Specified, and Personal Loan",26,,9.75,,Standard,581.05,30.87646093,11 Years and 11 Months,Yes,92.35158352,340.8374323,LowspentSmallvaluepayments,139.7024842,Standard,,,,,,,,,,,,
April,293,Mark Shades,28,36490.98,2828.915,4,5,8,-100,"Payday Loan, Debt Consolidation Loan, Not Specified, and Personal Loan",21,19,7.75,7,,581.05,27.72370675,12 Years and 0 Months,Yes,92.35158352,44.45868647,HighspentMediumvaluepayments,396.08123,Standard,,,,,,,,,,,,
May,293,Mark Shades,28,36490.98,2828.915,4,5,8,4,"Payday Loan, Debt Consolidation Loan, Not Specified, and Personal Loan",21,19,2.75,7,Standard,581.05,25.17990331,12 Years and 1 Months,Yes,92.35158352,50.74827411,HighspentMediumvaluepayments,389.7916424,Standard,,,,,,,,,,,,
June,293,Mark Shades,28,36490.98,2828.915,4,5,8,4,"Payday Loan, Debt Consolidation Loan, Not Specified, and Personal Loan",21,19,9.75,12,Standard,581.05,31.72598972,12 Years and 2 Months,NM,92.35158352,130.0193046,HighspentSmallvaluepayments,320.5206119,Standard,,,,,,,,,,,,
July,293,Mark Shades,28,36490.98,2828.915,4,5,8,4,"Payday Loan, Debt Consolidation Loan, Not Specified, and Personal Loan",21,21,9.75,12,_,581.05,40.29464722,12 Years and 3 Months,Yes,92.35158352,178.4631323,High_spent_Small_value_payments,272.0767842,Standard,,,,,,,,,,,,
August,293,Mark Shades,29,36490.98,2828.915,4,5,8,4,"Payday Loan, Debt Consolidation Loan, Not Specified, and Personal Loan",19,19,7.75,12,Standard,581.05,36.28711306,12 Years and 4 Months,Yes,92.35158352,72.89077069,Low_spent_Large_value_payments,387.6491458,Standard,,,,,,,,,,,,
January,294,Fooa,18,30743.6,2557.966667,5,4,5,1,Debt Consolidation Loan,24,16,14.76,4,,401.53,37.06629091,7 Years and 3 Months,Yes,20.42494218,38.01437647,HighspentLargevaluepayments,437.357348,Standard,,,,,,,,,,,,
February,294,Fooa,18,30743.6,2557.966667,5,4,5,1,Debt Consolidation Loan,24,13,14.76,4,,401.53,24.15575589,7 Years and 4 Months,Yes,20.42494218,80.79006992,HighspentSmallvaluepayments,414.5816546,Standard,,,,,,,,,,,,
March,294,Fooa,18,30743.6,2557.966667,5,4,5,1,Debt Consolidation Loan,22,13,14.76,,Standard,401.53,24.87346005,7 Years and 5 Months,Yes,20.42494218,174.6332528,HighspentSmallvaluepayments,320.7384717,Standard,,,,,,,,,,,,
April,294,Fooa,18,30743.6,2557.966667,5,4,5,1,Debt Consolidation Loan,24,13,14.76,4,Standard,401.53,28.35545826,7 Years and 6 Months,Yes,20.42494218,82.91104926,HighspentMediumvaluepayments,402.4606752,Standard,,,,,,,,,,,,
May,294,Fooa,19,30743.6,2557.966667,5,4,5,-100,Debt Consolidation Loan,24,13,17.76,4,Standard,401.53,25.96814116,7 Years and 7 Months,Yes,20.42494218,56.11761972,HighspentLargevaluepayments,419.2541048,Standard,,,,,,,,,,,,
June,294,Fooa,19,30743.6,2557.966667,5,4,5,1,Debt Consolidation Loan,21,11,14.76,5,Standard,401.53,28.93201033,NA,Yes,20.42494218,301.1361952,LowspentSmallvaluepayments,224.2355293,Standard,,,,,,,,,,,,
July,294,Fooa,19,30743.6,2557.966667,5,4,5,1,Debt Consolidation Loan,23,13,14.76,5,Standard,401.53,36.82346933,7 Years and 9 Months,Yes,20.42494218,35.9334543,High_spent_Medium_value_payments,449.4382702,Standard,,,,,,,,,,,,
August,294,Fooa,19,30743.6,2557.966667,5,4,5,1,Debt Consolidation Loan,23,16,14.76,5,Standard,401.53,26.22228122,7 Years and 10 Months,Yes,20.42494218,53.6882176,High_spent_Large_value_payments,421.6835069,Standard,,,,,,,,,,,,
January,295,Henryh,21,177150.4,14710.53333,2,6,6,4,"Auto Loan, Mortgage Loan, Credit-Builder Loan, and Home Equity Loan",5,12,1.47,4,Good,429.86,41.35399191,21 Years and 1 Months,NM,472.2784577,296.504285,HighspentLargevaluepayments,942.2705906,Good,,,,,,,,,,,,
February,295,Henryh,21,177150.4,14710.53333,2,6,6,4,"Auto Loan, Mortgage Loan, Credit-Builder Loan, and Home Equity Loan",3,,1.47,4,Good,429.86,37.49865221,21 Years and 2 Months,NM,472.2784577,,LowspentLargevaluepayments,0,Good,,,,,,,,,,,,
March,295,Henryh,21,177150.4,14710.53333,2,6,6,4,"Auto Loan, Mortgage Loan, Credit-Builder Loan, and Home Equity Loan",5,13,1.47,4,,429.86,30.31822751,21 Years and 3 Months,No,472.2784577,1299.584468,LowspentMediumvaluepayments,0,Standard,,,,,,,,,,,,
April,295,,21,177150.4,14710.53333,2,6,6,-100,"Auto Loan, Mortgage Loan, Credit-Builder Loan, and Home Equity Loan",5,13,1.47,4,Good,429.86,40.53493432,NA,No,472.2784577,220.1060734,HighspentLargevaluepayments,1018.668802,Standard,,,,,,,,,,,,
May,295,,21,177150.4,14710.53333,2,6,6,4,"Auto Loan, Mortgage Loan, Credit-Builder Loan, and Home Equity Loan",4,11,1.47,4,Good,429.86,31.64492775,NA,No,472.2784577,816.9023299,!@9#%8,471.8725457,Standard,,,,,,,,,,,,
June,295,Henryh,22,177150.4,14710.53333,2,6,6,4,"Auto Loan, Mortgage Loan, Credit-Builder Loan, and Home Equity Loan",5,11,1.47,4,Good,429.86,34.02798747,21 Years and 6 Months,No,472.2784577,606.3935648,HighspentMediumvaluepayments,642.3813108,Standard,,,,,,,,,,,,
July,295,Henryh,22,177150.4,14710.53333,2,264,6,4,"Auto Loan, Mortgage Loan, Credit-Builder Loan, and Home Equity Loan",5,14,3.47,4,Good,429.86,25.22679887,21 Years and 7 Months,No,472.2784577,1674.337665,Low_spent_Small_value_payments,0,Standard,,,,,,,,,,,,
August,295,Henryh,22,177150.4,14710.53333,2,6,6,4,"Auto Loan, Mortgage Loan, Credit-Builder Loan, and Home Equity Loan",2,11,1.47,4,Good,429.86,39.22051717,21 Years and 8 Months,No,472.2784577,156.3928007,High_spent_Large_value_payments,1082.382075,Standard,,,,,,,,,,,,
January,296,Rucinskiw,26,110264,14710.53333,8,6,19,7,"Home Equity Loan, Not Specified, Home Equity Loan, Home Equity Loan, Debt Consolidation Loan, Debt Consolidation Loan, and Mortgage Loan",29,13,16.6,7,Standard,642.65,29.92644153,12 Years and 8 Months,Yes,364.2904002,121.57314,HighspentLargevaluepayments,676.7031265,Standard,,,,,,,,,,,,
February,296,Rucinskiw,26,110264,9225.666667,8,6,19,7,"Home Equity Loan, Not Specified, Home Equity Loan, Home Equity Loan, Debt Consolidation Loan, Debt Consolidation Loan, and Mortgage Loan",29,14,14.6,7,Standard,642.65,41.04281847,NA,NM,364.2904002,,LowspentMediumvaluepayments,414.4336655,Standard,,,,,,,,,,,,
March,296,Rucinskiw,26,110264,9225.666667,8,6,19,7,"Home Equity Loan, Not Specified, Home Equity Loan, Home Equity Loan, Debt Consolidation Loan, Debt Consolidation Loan, and Mortgage Loan",29,14,14.6,7,Standard,642.65,33.53355701,12 Years and 10 Months,Yes,364.2904002,,LowspentMediumvaluepayments,307.4248023,Standard,,,,,,,,,,,,
April,296,Rucinskiw,26,110264,9225.666667,8,6,19,7,"Home Equity Loan, Not Specified, Home Equity Loan, Home Equity Loan, Debt Consolidation Loan, Debt Consolidation Loan, and Mortgage Loan",29,14,,7,Standard,642.65,34.01034058,12 Years and 11 Months,Yes,364.2904002,147.332202,!@9#%8,650.9440645,Good,,,,,,,,,,,,
May,296,Rucinskiw,26,110264,9225.666667,8,6,19,7,"Home Equity Loan, Not Specified, Home Equity Loan, Home Equity Loan, Debt Consolidation Loan, Debt Consolidation Loan, and Mortgage Loan",28,14,14.6,7,,642.65,29.24192867,13 Years and 0 Months,Yes,364.2904002,477.9202906,LowspentLargevaluepayments,350.3559758,Good,,,,,,,,,,,,
June,296,Rucinskiw,26,110264,9225.666667,8,6,19,7,"Home Equity Loan, Not Specified, Home Equity Loan, Home Equity Loan, Debt Consolidation Loan, Debt Consolidation Loan, and Mortgage Loan",29,14,14.6,7,Standard,642.65,33.79501246,13 Years and 1 Months,NM,364.2904002,669.8898104,LowspentLargevaluepayments,158.386456,Standard,,,,,,,,,,,,
July,296,Rucinskiw,26,110264,9225.666667,8,6,19,7,"Home Equity Loan, Not Specified, Home Equity Loan, Home Equity Loan, Debt Consolidation Loan, Debt Consolidation Loan, and Mortgage Loan",29,15,_,12,_,642.65,39.7065551,13 Years and 2 Months,Yes,364.2904002,79.45974051,!@9#%8,718.8165259,Good,,,,,,,,,,,,
August,296,Rucinskiw,26,110264,9225.666667,8,6,19,7,"Home Equity Loan, Not Specified, Home Equity Loan, Home Equity Loan, Debt Consolidation Loan, Debt Consolidation Loan, and Mortgage Loan",27,14,14.6,12,Standard,642.65,38.27844622,NA,Yes,364.2904002,447.3622112,High_spent_Small_value_payments,370.9140552,Good,,,,,,,,,,,,
January,297,,14,32128.24,2693.353333,6,4,12,7,"Mortgage Loan, Personal Loan, Mortgage Loan, Mortgage Loan, Payday Loan, Home Equity Loan, and Debt Consolidation Loan",16,20,10.61,8,Standard,465.04,36.6154338,7 Years and 1 Months,Yes,103.4562133,239.3017729,LowspentSmallvaluepayments,216.5773472,Standard,,,,,,,,,,,,
February,297,Leikau,14,32128.24,2693.353333,6,4,12,7,"Mortgage Loan, Personal Loan, Mortgage Loan, Mortgage Loan, Payday Loan, Home Equity Loan, and Debt Consolidation Loan",19,20,10.61,8,Standard,465.04,34.94970762,7 Years and 2 Months,Yes,103.4562133,46.5822452,HighspentMediumvaluepayments,369.2968749,Standard,,,,,,,,,,,,
March,297,Leikau,14,32128.24,2693.353333,6,4,12,7,"Mortgage Loan, Personal Loan, Mortgage Loan, Mortgage Loan, Payday Loan, Home Equity Loan, and Debt Consolidation Loan",19,20,10.61,8,Standard,465.04,29.84952942,7 Years and 3 Months,Yes,103.4562133,137.6555082,HighspentSmallvaluepayments,288.2236119,Standard,,,,,,,,,,,,
April,297,Leikau,14,32128.24,2693.353333,6,4,12,7,"Mortgage Loan, Personal Loan, Mortgage Loan, Mortgage Loan, Payday Loan, Home Equity Loan, and Debt Consolidation Loan",19,20,10.61,8,Standard,465.04,27.96667496,7 Years and 4 Months,Yes,103.4562133,212.7184255,!@9#%8,223.1606946,Standard,,,,,,,,,,,,
May,297,Leikau,14,32128.24,2693.353333,6,4,2091,7,"Mortgage Loan, Personal Loan, Mortgage Loan, Mortgage Loan, Payday Loan, Home Equity Loan, and Debt Consolidation Loan",19,20,10.61,8,Standard,465.04,36.04695238,7 Years and 5 Months,Yes,103.4562133,151.7952645,HighspentSmallvaluepayments,274.0838556,Standard,,,,,,,,,,,,
June,297,Leikau,14,32128.24,2693.353333,6,4,12,7,"Mortgage Loan, Personal Loan, Mortgage Loan, Mortgage Loan, Payday Loan, Home Equity Loan, and Debt Consolidation Loan",19,18,,8,Standard,465.04,33.89757457,7 Years and 6 Months,Yes,103.4562133,74.18108118,LowspentLargevaluepayments,361.6980389,Standard,,,,,,,,,,,,
July,297,Leikau,14,32128.24,2693.353333,6,4,12,7_,"Mortgage Loan, Personal Loan, Mortgage Loan, Mortgage Loan, Payday Loan, Home Equity Loan, and Debt Consolidation Loan",19,,10.61,8,Standard,465.04,28.93670652,7 Years and 7 Months,Yes,103.4562133,152.4140595,Low_spent_Large_value_payments,283.4650606,Standard,,,,,,,,,,,,
August,297,Leikau,14,32128.24,2693.353333,6,4,4892,7,"Mortgage Loan, Personal Loan, Mortgage Loan, Mortgage Loan, Payday Loan, Home Equity Loan, and Debt Consolidation Loan",19,20,10.61,8,Standard,465.04,35.75913887,7 Years and 8 Months,Yes,103.4562133,56.6485166,High_spent_Medium_value_payments,359.2306035,Standard,,,,,,,,,,,,
January,298,Clareb,23,151722.56,12352.54667,5,5,2,2,"Auto Loan, and Student Loan",14,3,2.89,1,,218.25,36.89580297,21 Years and 5 Months,No,164.9520794,1359.394441,LowspentSmallvaluepayments,0.908145844,Good,,,,,,,,,,,,
February,298,Clareb,23,151722.56,12352.54667,5,5,2,2,"Auto Loan, and Student Loan",14,3,2.89,1,Good,218.25,25.59606601,21 Years and 6 Months,No,164.9520794,1072.889719,LowspentSmallvaluepayments,287.4128682,Good,,,,,,,,,,,,
March,298,,23,151722.56,12352.54667,5,5,2,2,"Auto Loan, and Student Loan",14,4,2.89,1,Good,218.25,44.10124847,21 Years and 7 Months,No,164.9520794,205.411665,HighspentMediumvaluepayments,1114.890922,Good,,,,,,,,,,,,
April,298,Clareb,23,151722.56,12352.54667,5,5,2,2,"Auto Loan, and Student Loan",16,3,2.89,1,Good,218.25,37.29468171,21 Years and 8 Months,NM,164.9520794,121.4080824,HighspentLargevaluepayments,1188.894505,Standard,,,,,,,,,,,,
May,298,Clareb,23,151722.56,12352.54667,5,5,2,2,"Auto Loan, and Student Loan",14,5,2.89,1,,218.25,41.29413849,21 Years and 9 Months,No,164.9520794,318.5533615,HighspentMediumvaluepayments,1001.749226,Standard,,,,,,,,,,,,
June,298,Clareb,23,151722.56,12352.54667,5,5,2,2,"Auto Loan, and Student Loan",11,0,2.89,1,Good,218.25,36.67160928,21 Years and 10 Months,No,164.9520794,683.8709535,LowspentMediumvaluepayments,666.4316339,Standard,,,,,,,,,,,,
July,298,Clareb,23,151722.56,12352.54667,5,5,2,2,"Auto Loan, and Student Loan",14,0,2.89,1,_,218.25,35.79905867,21 Years and 11 Months,No,4040,297.1291924,High_spent_Small_value_payments,1033.173395,Good,,,,,,,,,,,,
August,298,Clareb,23,151722.56,12352.54667,5,5,2,2,"Auto Loan, and Student Loan",11,0,2.89,1,Good,218.25,21.49586225,22 Years and 0 Months,No,164.9520794,1385.081349,Low_spent_Small_value_payments,0,Good,,,,,,,,,,,,
January,299,,26,62316.63,4895.0525,8,4,7,2,"Payday Loan, and Debt Consolidation Loan",12,11,6.94,1,Standard,417.27,28.73289527,26 Years and 3 Months,NM,82.73317699,441.3438381,LowspentLargevaluepayments,235.4282349,Standard,,,,,,,,,,,,
February,299,Araxiab,26,62316.63,4895.0525,8,4,7,2,"Payday Loan, and Debt Consolidation Loan",16,11,0.94,1,Standard,417.27,35.0404506,26 Years and 4 Months,NM,82.73317699,243.3579014,LowspentLargevaluepayments,433.4141716,Standard,,,,,,,,,,,,
March,299,Araxiab,26,62316.63,4895.0525,8,4,7,2,"Payday Loan, and Debt Consolidation Loan",8,11,0.94,1,,417.27,36.97242072,26 Years and 5 Months,No,82.73317699,73.31445607,HighspentLargevaluepayments,573.4576169,Standard,,,,,,,,,,,,
April,299,Araxiab,26,62316.63,4895.0525,8,4,7,2,"Payday Loan, and Debt Consolidation Loan",12,11,0.94,1,,417.27,26.34933907,NA,No,82.73317699,86.08430299,HighspentLargevaluepayments,560.68777,Standard,,,,,,,,,,,,
May,299,Araxiab,26,62316.63,4895.0525,8,4,7,2,"Payday Loan, and Debt Consolidation Loan",12,,0.94,1,Standard,417.27,33.99439238,26 Years and 7 Months,No,82.73317699,93.13362812,HighspentMediumvaluepayments,563.6384449,Standard,,,,,,,,,,,,
June,299,,26,62316.63,4895.0525,8,137,7,2,"Payday Loan, and Debt Consolidation Loan",12,11,0.94,1,Standard,417.27,35.12914398,26 Years and 8 Months,NM,82.73317699,10000,HighspentMediumvaluepayments,495.5625,Standard,,,,,,,,,,,,
July,299,Araxiab,26,62316.63,,8,4,7,2,"Payday Loan, and Debt Consolidation Loan",12,11,0.94,1,Standard,417.27,33.19945268,26 Years and 9 Months,No,82.73317699,64.10651843,!@9#%8,582.6655546,Standard,,,,,,,,,,,,
August,299,,27,62316.63,4895.0525,8,4,7,2,"Payday Loan, and Debt Consolidation Loan",12,9,0.94,1,Standard,417.27,39.00423496,26 Years and 10 Months,No,82.73317699,146.4301795,High_spent_Medium_value_payments,510.3418935,Standard,,,,,,,,,,,,
January,300,Rie Ishigurot,43,19310.62,1630.218333,9,6,34,-100,"Debt Consolidation Loan, Mortgage Loan, Student Loan, Auto Loan, and Payday Loan",47,,12.87,10,Standard,1306.08,35.56911984,9 Years and 8 Months,Yes,71.36509611,152.2541641,LowspentLargevaluepayments,209.4025731,Standard,,,,,,,,,,,,
February,300,Rie Ishigurot,43,19310.62,1630.218333,9,6,34,5,"Debt Consolidation Loan, Mortgage Loan, Student Loan, Auto Loan, and Payday Loan",47,9,12.87,10,,1306.08,36.94904074,9 Years and 9 Months,Yes,71.36509611,14.45150678,!@9#%8,317.2052304,Standard,,,,,,,,,,,,
March,300,Rie Ishigurot,43,19310.62,1630.218333,9,6,34,5,"Debt Consolidation Loan, Mortgage Loan, Student Loan, Auto Loan, and Payday Loan",47,8,12.87,10,Standard,1306.08,35.42993267,9 Years and 10 Months,Yes,71.36509611,80.85126883,LowspentSmallvaluepayments,300.8054684,Poor,,,,,,,,,,,,
April,300,Rie Ishigurot,43,19310.62,1463.093138,9,6,34,5,"Debt Consolidation Loan, Mortgage Loan, Student Loan, Auto Loan, and Payday Loan",49,9,13.87,10,Standard,1306.08,28.1088224,9 Years and 11 Months,Yes,238.490291,103.2071557,LowspentSmallvaluepayments,278.4495815,Standard,,,,,,,,,,,,
May,300,Rie Ishigurot,43,19310.62,1463.093138,9,6,34,5,"Debt Consolidation Loan, Mortgage Loan, Student Loan, Auto Loan, and Payday Loan",47,9,12.87,10,,1306.08,24.63317528,10 Years and 0 Months,Yes,238.490291,47.54862903,HighspentMediumvaluepayments,294.1081082,Poor,,,,,,,,,,,,
June,300,Rie Ishigurot,43,19310.62,1463.093138,9,6,34,5,"Debt Consolidation Loan, Mortgage Loan, Student Loan, Auto Loan, and Payday Loan",47,,19.87,10,Standard,1306.08,26.23504472,NA,Yes,238.490291,67.10128288,LowspentMediumvaluepayments,304.5554543,Poor,,,,,,,,,,,,
July,300,,43,19310.62,1463.093138,9,6,34,-100,"Debt Consolidation Loan, Mortgage Loan, Student Loan, Auto Loan, and Payday Loan",43,,_,10,Standard,1306.08,26.8758944,10 Years and 2 Months,Yes,238.490291,123.3979891,Low_spent_Large_value_payments,238.2587481,Standard,,,,,,,,,,,,
August,300,Rie Ishigurot,-500,19310.62,1463.093138,9,6,34,5,"Debt Consolidation Loan, Mortgage Loan, Student Loan, Auto Loan, and Payday Loan",47,10,12.87,10,Standard,1306.08,25.61167291,10 Years and 3 Months,Yes,238.490291,10000,High_spent_Medium_value_payments,283.9897658,Standard,,,,,,,,,,,,
January,301,Euan Rochai,47,94511.79,7717.9825,5,3,9,0,,1,9,7.29,0,Good,1315.6,29.42768535,18 Years and 2 Months,No,0,605.6547311,LowspentLargevaluepayments,436.1435189,Good,,,,,,,,,,,,
February,301,Euan Rochai,47,94511.79,7717.9825,5,3,9,0,,5,9,7.29,0,Good,1315.6,36.6038721,18 Years and 3 Months,NM,0,498.8840842,LowspentSmallvaluepayments,562.9141658,Good,,,,,,,,,,,,
March,301,Euan Rochai,47,94511.79,7717.9825,5,3,9,0,,1,9,7.29,0,,1315.6,33.5182484,18 Years and 4 Months,No,0,101.0140736,HighspentLargevaluepayments,910.7841764,Good,,,,,,,,,,,,
April,301,Euan Rochai,47,94511.79,7717.9825,5,3,9,0,,1,9,0.29,0,Good,1315.6,35.79875055,18 Years and 5 Months,No,0,10000,HighspentMediumvaluepayments,884.2136583,Standard,,,,,,,,,,,,
May,301,Euan Rochai,47,94511.79,7717.9825,5,3,9,0,,1,9,7.29,0,,1315.6,36.56463004,NA,No,0,217.9098531,HighspentMediumvaluepayments,803.8883969,Good,,,,,,,,,,,,
June,301,Euan Rochai,47,94511.79,7717.9825,5,3,9,0,,1,9,7.29,0,Good,1315.6,40.56005902,18 Years and 7 Months,No,0,441.4676753,LowspentMediumvaluepayments,610.3305747,Good,,,,,,,,,,,,
July,301,Euan Rochai,47,94511.79,7717.9825,5,3,9,0,,1,9,_,0,Good,1315.6,28.20246793,18 Years and 8 Months,No,0,213.4895249,High_spent_Medium_value_payments,808.3087251,Good,,,,,,,,,,,,
August,301,Euan Rochai,47,94511.79,7717.9825,5,3,9,0,,1,7,7.29,0,_,1315.6,25.95782485,18 Years and 9 Months,No,0,379.8988637,Low_spent_Medium_value_payments,671.8993863,Good,,,,,,,,,,,,
January,302,Matthiasr,49,96275.84,8101.986667,6,6,19,1,Not Specified,7,18,0.94,1,Standard,999.36,41.18918061,26 Years and 2 Months,Yes,64.96133685,148.3607103,HighspentMediumvaluepayments,846.8766195,Standard,,,,,,,,,,,,
February,302,Matthiasr,50,96275.84,8101.986667,6,6,19,1,Not Specified,7,18,6.94,1,,999.36,36.86495685,26 Years and 3 Months,Yes,64.96133685,,HighspentLargevaluepayments,897.7089303,Standard,,,,,,,,,,,,
March,302,Matthiasr,50,96275.84,8101.986667,6,6,19,1,Not Specified,7,20,6.94,,Standard,999.36,32.09475286,26 Years and 4 Months,Yes,64.96133685,187.6973828,HighspentLargevaluepayments,797.539947,Standard,,,,,,,,,,,,
April,302,Matthiasr,50,96275.84,8101.986667,6,6,19,1,Not Specified,8,18,6.94,1,Standard,999.36,30.00696045,26 Years and 5 Months,Yes,64.96133685,598.2463611,LowspentMediumvaluepayments,426.9909687,Standard,,,,,,,,,,,,
May,302,Matthiasr,50,96275.84,8101.986667,6,6,19,1,Not Specified,7,18,6.94,5,Standard,999.36,38.81916502,26 Years and 6 Months,NM,64.96133685,287.4350579,HighspentSmallvaluepayments,717.802272,Standard,,,,,,,,,,,,
June,302,,50,96275.84,8101.986667,6,6,19,1,Not Specified,7,18,6.94,5,Standard,999.36,35.02903695,26 Years and 7 Months,Yes,64.96133685,472.1294437,HighspentSmallvaluepayments,533.1078861,Standard,,,,,,,,,,,,
July,302,Matthiasr,50,96275.84,8101.986667,6,6,19,1,Not Specified,7,18,7.94,5,Standard,999.36,34.02709256,26 Years and 8 Months,Yes,64.96133685,160.2306395,High_spent_Medium_value_payments,835.0066903,Poor,,,,,,,,,,,,
August,302,Matthiasr,50,96275.84,8101.986667,6,6,19,1,Not Specified,7,18,2.94,5,Standard,999.36,28.33900508,26 Years and 9 Months,NM,64.96133685,129.8319667,!@9#%8,855.4053631,Standard,,,,,,,,,,,,
January,303,Julien Toyerb,36,57219.92,4511.326667,8,6,33,6,"Student Loan, Not Specified, Home Equity Loan, Not Specified, Personal Loan, and Personal Loan",16,23,19.25,9,Bad,4935.76,31.64836156,3 Years and 1 Months,Yes,159.2958242,10000,LowspentSmallvaluepayments,327.1006707,Standard,,,,,,,,,,,,
February,303,Julien Toyerb,36,57219.92,4511.326667,8,6,33,6,"Student Loan, Not Specified, Home Equity Loan, Not Specified, Personal Loan, and Personal Loan",16,25,19.25,9,,4935.76,26.00505418,3 Years and 2 Months,NM,159.2958242,150.1177375,HighspentMediumvaluepayments,391.7191049,Standard,,,,,,,,,,,,
March,303,Julien Toyerb,36,57219.92,4511.326667,8,6,33,6,"Student Loan, Not Specified, Home Equity Loan, Not Specified, Personal Loan, and Personal Loan",16,23,19.25,9,Bad,4935.76,26.38603801,3 Years and 3 Months,Yes,159.2958242,,LowspentMediumvaluepayments,195.9407533,Standard,,,,,,,,,,,,
April,303,Julien Toyerb,36,57219.92,4511.326667,8,6,33,6,"Student Loan, Not Specified, Home Equity Loan, Not Specified, Personal Loan, and Personal Loan",20,25,19.25,13,,4935.76,39.31417541,3 Years and 4 Months,Yes,159.2958242,218.8882329,LowspentMediumvaluepayments,352.9486096,Standard,,,,,,,,,,,,
May,303,Julien Toyerb,36,57219.92,4511.326667,8,6,33,6,"Student Loan, Not Specified, Home Equity Loan, Not Specified, Personal Loan, and Personal Loan",19,23,19.25,13,Bad,4935.76,41.4513038,3 Years and 5 Months,Yes,159.2958242,76.24300407,HighspentMediumvaluepayments,465.5938384,Standard,,,,,,,,,,,,
June,303,Julien Toyerb,36,57219.92,4511.326667,8,6,33,6,"Student Loan, Not Specified, Home Equity Loan, Not Specified, Personal Loan, and Personal Loan",12,23,19.25,13,,4935.76,35.29294862,3 Years and 6 Months,Yes,159.2958242,417.6121083,LowspentMediumvaluepayments,154.2247342,Standard,,,,,,,,,,,,
July,303,Julien Toyerb,36,57219.92,4511.326667,8,6,33,6,"Student Loan, Not Specified, Home Equity Loan, Not Specified, Personal Loan, and Personal Loan",16,22,19.25,13,Bad,4935.76,41.10981719,NA,Yes,159.2958242,39.52354957,High_spent_Large_value_payments,492.3132929,Standard,,,,,,,,,,,,
August,303,Julien Toyerb,36_,57219.92,4511.326667,8,6,33,6,"Student Loan, Not Specified, Home Equity Loan, Not Specified, Personal Loan, and Personal Loan",18,24,19.25,13,Bad,4935.76,32.71172172,3 Years and 8 Months,Yes,159.2958242,63.2418493,High_spent_Medium_value_payments,478.5949932,Standard,,,,,,,,,,,,
January,304,McLeodc,30,80591.2,6453.933333,4,4,32,2,"Student Loan, and Auto Loan",27,8,9.62,7,,2024.84,25.86304545,13 Years and 2 Months,Yes,97.89725769,512.9191895,!@9#%8,314.5768861,Poor,,,,,,,,,,,,
February,304,McLeodc,30,80591.2,6453.933333,4,4,32,2,"Student Loan, and Auto Loan",30,8,9.62,7,Standard,2024.84,31.09206148,13 Years and 3 Months,Yes,97.89725769,653.1526743,LowspentMediumvaluepayments,174.3434014,Poor,,,,,,,,,,,,
March,304,McLeodc,30,80591.2,6453.933333,4,4,32,2,"Student Loan, and Auto Loan",27,6,9.62,7,,2024.84,30.68590475,NA,Yes,97.89725769,133.6741155,HighspentMediumvaluepayments,663.8219601,Poor,,,,,,,,,,,,
April,304,McLeodc,30,80591.2,6453.933333,4,4,32,2,"Student Loan, and Auto Loan",23,8,5.62,7,,2024.84,31.05761873,13 Years and 5 Months,Yes,97.89725769,496.1273305,LowspentMediumvaluepayments,331.3687451,Standard,,,,,,,,,,,,
May,304,McLeodc,30,80591.2,6453.933333,4,4,32,2,"Student Loan, and Auto Loan",27,8,16.62,7,Standard,2024.84,28.02563436,13 Years and 6 Months,Yes,97.89725769,193.355651,HighspentMediumvaluepayments,604.1404247,Poor,,,,,,,,,,,,
June,304,McLeodc,30,80591.2,6453.933333,4,4,32,2,"Student Loan, and Auto Loan",31,8,10.62,7,Standard,2024.84,36.04651025,13 Years and 7 Months,Yes,97.89725769,613.7810167,LowspentMediumvaluepayments,213.715059,Poor,,,,,,,,,,,,
July,304,McLeodc,30,80591.2,6453.933333,4,4,32,2,"Student Loan, and Auto Loan",25,10,9.62,8,_,2024.84,27.98424203,NA,Yes,97.89725769,451.7446761,Low_spent_Small_value_payments,385.7513995,Poor,,,,,,,,,,,,
August,304,McLeodc,31,80591.2,6453.933333,4,4,32,2,"Student Loan, and Auto Loan",27,8,9.62,8,_,2024.84,31.90599197,13 Years and 9 Months,Yes,97.89725769,565.2692953,Low_spent_Medium_value_payments,262.2267803,Poor,,,,,,,,,,,,
January,305,Barberm,30,73434.92,5849.576667,1,5,5,4,"Payday Loan, Credit-Builder Loan, Auto Loan, and Personal Loan",11,3,11.93,0,,192.45,34.83859367,15 Years and 7 Months,No,214.4301784,137.1585196,HighspentSmallvaluepayments,493.3689687,Standard,,,,,,,,,,,,
February,305,Barberm,30,73434.92,5849.576667,1,5,5,4,"Payday Loan, Credit-Builder Loan, Auto Loan, and Personal Loan",6,3,11.93,0,,192.45,36.1086868,15 Years and 8 Months,No,71450,131.5162914,HighspentLargevaluepayments,479.0111969,Standard,,,,,,,,,,,,
March,305,Barberm,30,73434.92,5849.576667,1,5,5,4,"Payday Loan, Credit-Builder Loan, Auto Loan, and Personal Loan",6,3,16.93,0,Good,192.45,25.86800318,15 Years and 9 Months,No,214.4301784,,LowspentSmallvaluepayments,0,Standard,,,,,,,,,,,,
April,305,Barberm,30,73434.92,5849.576667,1,5,5,4,"Payday Loan, Credit-Builder Loan, Auto Loan, and Personal Loan",6,3,11.93,0,Good,192.45,33.50086296,15 Years and 10 Months,No,30358,562.4491165,LowspentSmallvaluepayments,98.07837174,Standard,,,,,,,,,,,,
May,305,Barberm,30,73434.92,5849.576667,1,5,5,4,"Payday Loan, Credit-Builder Loan, Auto Loan, and Personal Loan",6,2,11.93,0,Good,192.45,23.62059845,15 Years and 11 Months,No,214.4301784,10000,LowspentSmallvaluepayments,263.7883286,Standard,,,,,,,,,,,,
June,305,Barberm,30,73434.92,5849.576667,1,5,5,4,"Payday Loan, Credit-Builder Loan, Auto Loan, and Personal Loan",6,3,11.93,0,Good,192.45,27.38044179,16 Years and 0 Months,No,214.4301784,470.7278529,LowspentLargevaluepayments,169.7996354,Standard,,,,,,,,,,,,
July,305,Barberm,30_,73434.92,5849.576667,1,5,5,4,"Payday Loan, Credit-Builder Loan, Auto Loan, and Personal Loan",10,4_,11.93,1515,Good,192.45,25.46894354,16 Years and 1 Months,No,214.4301784,229.9307849,High_spent_Medium_value_payments,390.5967034,Standard,,,,,,,,,,,,
August,305,Barberm,31,73434.92,5849.576667,1,5,5,-100,"Payday Loan, Credit-Builder Loan, Auto Loan, and Personal Loan",6,3,11.93,0,Good,192.45,33.73402364,16 Years and 2 Months,No,214.4301784,171.9089389,!@9#%8,448.6185493,Standard,,,,,,,,,,,,
January,306,Investment Correspondentu,21,53916.84,4735.07,8,7,28,8,"Home Equity Loan, Auto Loan, Personal Loan, Auto Loan, Mortgage Loan, Mortgage Loan, Personal Loan, and Home Equity Loan",59,21,2.99,6,Bad,2560.45,38.33959106,4 Years and 5 Months,NM,300.2300406,,LowspentMediumvaluepayments,3.512807587,Poor,,,,,,,,,,,,
February,306,Investment Correspondentu,21,53916.84,4735.07,8,7,28,8,"Home Equity Loan, Auto Loan, Personal Loan, Auto Loan, Mortgage Loan, Mortgage Loan, Personal Loan, and Home Equity Loan",57,21,2.99,6,Bad,2560.45,30.54932501,4 Years and 6 Months,Yes,300.2300406,207.691648,HighspentSmallvaluepayments,225.5853114,Poor,,,,,,,,,,,,
March,306,Investment Correspondentu,21,53916.84,4735.07,8,7,28,8,"Home Equity Loan, Auto Loan, Personal Loan, Auto Loan, Mortgage Loan, Mortgage Loan, Personal Loan, and Home Equity Loan",57,21,2.99,6,Bad,2560.45,31.68540978,4 Years and 7 Months,Yes,300.2300406,231.3024053,LowspentLargevaluepayments,211.9745541,Poor,,,,,,,,,,,,
April,306,Investment Correspondentu,21,53916.84,4735.07,8,7,28,-100,"Home Equity Loan, Auto Loan, Personal Loan, Auto Loan, Mortgage Loan, Mortgage Loan, Personal Loan, and Home Equity Loan",58,21,2.99,6,Bad,2560.45,29.98530902,4 Years and 8 Months,Yes,300.2300406,82.4879027,HighspentMediumvaluepayments,340.7890567,Poor,,,,,,,,,,,,
May,306,,21,53916.84,4735.07,8,7,28,8,"Home Equity Loan, Auto Loan, Personal Loan, Auto Loan, Mortgage Loan, Mortgage Loan, Personal Loan, and Home Equity Loan",56,18,2.99,418,,2560.45,39.40657473,4 Years and 9 Months,Yes,300.2300406,169.8803677,HighspentMediumvaluepayments,253.3965917,Poor,,,,,,,,,,,,
June,306,,21,53916.84,4735.07,8,7,28,8,"Home Equity Loan, Auto Loan, Personal Loan, Auto Loan, Mortgage Loan, Mortgage Loan, Personal Loan, and Home Equity Loan",57,21,-1.01,6,Bad,2560.45,34.91951337,NA,Yes,300.2300406,163.5861726,HighspentMediumvaluepayments,259.6907868,Poor,,,,,,,,,,,,
July,306,Investment Correspondentu,21,53916.84,4735.07,8,7,28,8,"Home Equity Loan, Auto Loan, Personal Loan, Auto Loan, Mortgage Loan, Mortgage Loan, Personal Loan, and Home Equity Loan",57,22,2.99,6,Bad,2560.45,33.75179935,4 Years and 11 Months,Yes,300.2300406,75.21324358,High_spent_Large_value_payments,338.0637158,Poor,,,,,,,,,,,,
August,306,Investment Correspondentu,21,53916.84,4735.07,8,7,28,8,"Home Equity Loan, Auto Loan, Personal Loan, Auto Loan, Mortgage Loan, Mortgage Loan, Personal Loan, and Home Equity Loan",57,21,2.99,6,Bad,2560.45,28.26870269,5 Years and 0 Months,NM,300.2300406,96.70205299,High_spent_Medium_value_payments,326.5749064,Poor,,,,,,,,,,,,
January,307,Ridleyc,34,53071.47,4656.6225,8,5,5645,8,"Student Loan, Student Loan, Mortgage Loan, Payday Loan, Home Equity Loan, Mortgage Loan, Credit-Builder Loan, and Student Loan",44,19,8.05,10,Bad,1740.38,36.26215986,NA,NM,208.483448,60.72245822,!@9#%8,446.4563437,Poor,,,,,,,,,,,,
February,307,,34,53071.47,4656.6225,8,5,21,8,"Student Loan, Student Loan, Mortgage Loan, Payday Loan, Home Equity Loan, Mortgage Loan, Credit-Builder Loan, and Student Loan",44,17,4.05,10,,1740.38,29.99882275,18 Years and 8 Months,Yes,208.483448,77.57109206,HighspentMediumvaluepayments,429.6077099,Poor,,,,,,,,,,,,
March,307,Ridleyc,34,53071.47,4656.6225,8,5,21,8,"Student Loan, Student Loan, Mortgage Loan, Payday Loan, Home Equity Loan, Mortgage Loan, Credit-Builder Loan, and Student Loan",49,19,8.05,10,Bad,1740.38,32.13739225,18 Years and 9 Months,Yes,208.483448,451.5421441,LowspentSmallvaluepayments,95.63665782,Poor,,,,,,,,,,,,
April,307,Ridleyc,35,53071.47,4656.6225,8,5,21,8,"Student Loan, Student Loan, Mortgage Loan, Payday Loan, Home Equity Loan, Mortgage Loan, Credit-Builder Loan, and Student Loan",44,19,8.05,10,Bad,1740.38,25.45298988,18 Years and 10 Months,Yes,67482,76.30682513,HighspentLargevaluepayments,420.8719768,Standard,,,,,,,,,,,,
May,307,Ridleyc,35,53071.47,4656.6225,8,5,21,8,"Student Loan, Student Loan, Mortgage Loan, Payday Loan, Home Equity Loan, Mortgage Loan, Credit-Builder Loan, and Student Loan",44,19,15.05,10,Bad,1740.38,32.76322061,18 Years and 11 Months,Yes,208.483448,215.979395,!@9#%8,321.199407,Poor,,,,,,,,,,,,
June,307,Ridleyc,35,53071.47,4656.6225,8,5,21,8,"Student Loan, Student Loan, Mortgage Loan, Payday Loan, Home Equity Loan, Mortgage Loan, Credit-Builder Loan, and Student Loan",42,19,8.05,10,Bad,1740.38,37.73826282,19 Years and 0 Months,Yes,208.483448,182.3194493,HighspentSmallvaluepayments,334.8593526,Poor,,,,,,,,,,,,
July,307,Ridleyc,35,53071.47,4656.6225,8,5,21,8,"Student Loan, Student Loan, Mortgage Loan, Payday Loan, Home Equity Loan, Mortgage Loan, Credit-Builder Loan, and Student Loan",46,19,11.05,10,Bad,1740.38,28.58506016,19 Years and 1 Months,Yes,208.483448,120.3218997,Low_spent_Large_value_payments,406.8569022,Standard,,,,,,,,,,,,
August,307,,35,53071.47,4656.6225,8,5,2620,8,"Student Loan, Student Loan, Mortgage Loan, Payday Loan, Home Equity Loan, Mortgage Loan, Credit-Builder Loan, and Student Loan",44,19,8.05,10,Bad,1740.38,26.52877462,19 Years and 2 Months,Yes,54574,191.2148172,Low_spent_Medium_value_payments,345.9639848,Poor,,,,,,,,,,,,
January,308,Paulr,42,69692.16,6034.68,9,5,32,7,"Personal Loan, Personal Loan, Auto Loan, Debt Consolidation Loan, Mortgage Loan, Auto Loan, and Personal Loan",15,21,17.66,9,Bad,2128.87,26.79924889,NA,Yes,395.8793931,121.8483595,HighspentMediumvaluepayments,335.7402473,Poor,,,,,,,,,,,,
February,308,,42,69692.16,6034.68,9,5,32,7,"Personal Loan, Personal Loan, Auto Loan, Debt Consolidation Loan, Mortgage Loan, Auto Loan, and Personal Loan",15,21,14.66,9,Bad,2128.87,27.18427743,12 Years and 10 Months,Yes,395.8793931,10000,LowspentMediumvaluepayments,186.3521003,Poor,,,,,,,,,,,,
March,308,Paulr,42,69692.16,6034.68,9,5,32,7,"Personal Loan, Personal Loan, Auto Loan, Debt Consolidation Loan, Mortgage Loan, Auto Loan, and Personal Loan",15,21,14.66,9,Bad,2128.87,32.73365882,12 Years and 11 Months,Yes,395.8793931,99.85887515,HighspentLargevaluepayments,347.7297317,Standard,,,,,,,,,,,,
April,308,Paulr,42,69692.16,6034.68,9,5,32,7,"Personal Loan, Personal Loan, Auto Loan, Debt Consolidation Loan, Mortgage Loan, Auto Loan, and Personal Loan",15,21,14.66,9,Bad,2128.87,26.75124852,13 Years and 0 Months,Yes,395.8793931,10000,HighspentMediumvaluepayments,258.1306176,Poor,,,,,,,,,,,,
May,308,Paulr,42,69692.16,6034.68,9,5,32,7,"Personal Loan, Personal Loan, Auto Loan, Debt Consolidation Loan, Mortgage Loan, Auto Loan, and Personal Loan",19,21,19.66,9,,2128.87,29.51343015,13 Years and 1 Months,Yes,395.8793931,252.9426653,HighspentMediumvaluepayments,204.6459415,Standard,,,,,,,,,,,,
June,308,Paulr,42,69692.16,6034.68,9,1387,32,7,"Personal Loan, Personal Loan, Auto Loan, Debt Consolidation Loan, Mortgage Loan, Auto Loan, and Personal Loan",15,21,14.66,9,Bad,2128.87,28.50645994,13 Years and 2 Months,Yes,395.8793931,258.9739483,HighspentSmallvaluepayments,208.6146586,Poor,,,,,,,,,,,,
July,308,Paulr,42,69692.16,6034.68,9,5,32,7,"Personal Loan, Personal Loan, Auto Loan, Debt Consolidation Loan, Mortgage Loan, Auto Loan, and Personal Loan",18,21,14.66,9,Bad,2128.87,27.27519098,13 Years and 3 Months,Yes,395.8793931,10000,High_spent_Medium_value_payments,236.107501,Poor,,,,,,,,,,,,
August,308,Paulr,42,69692.16,6034.68,9,5,32,7,"Personal Loan, Personal Loan, Auto Loan, Debt Consolidation Loan, Mortgage Loan, Auto Loan, and Personal Loan",15,21,14.66,9,Bad,2128.87,25.41554681,13 Years and 4 Months,Yes,395.8793931,222.1975582,Low_spent_Large_value_payments,255.3910486,Poor,,,,,,,,,,,,
January,309,da Costaa,33,15735.68,1043.306667,3,6,7,2,"Personal Loan, and Student Loan",24,12,19.08,5,Standard,1574.91,32.42520937,8 Years and 10 Months,Yes,21.35618485,10000,LowspentSmallvaluepayments,309.8095381,Standard,,,,,,,,,,,,
February,309,da Costaa,34,15735.68,1043.306667,3,6,7,2,"Personal Loan, and Student Loan",19,12,19.08,5,,1574.91,28.42267116,8 Years and 11 Months,Yes,21.35618485,30.63041905,LowspentLargevaluepayments,322.3440628,Standard,,,,,,,,,,,,
March,309,da Costaa,34,15735.68,1043.306667,3,6,7,2,"Personal Loan, and Student Loan",19,11,19.08,5,Standard,1574.91,23.2047954,9 Years and 0 Months,Yes,21.35618485,51.12416516,LowspentLargevaluepayments,301.8503167,Standard,,,,,,,,,,,,
April,309,da Costaa,34,15735.68,1043.306667,3,6,7,2,"Personal Loan, and Student Loan",19,13,19.08,5,Standard,1574.91,31.5897405,9 Years and 1 Months,Yes,21.35618485,101.084499,LowspentSmallvaluepayments,271.8899828,Standard,,,,,,,,,,,,
May,309,da Costaa,34,15735.68,1043.306667,3,6,7,2,"Personal Loan, and Student Loan",19,12,19.08,7,Standard,1574.91,31.30750079,9 Years and 2 Months,NM,21.35618485,42.1256533,HighspentMediumvaluepayments,290.8488285,Standard,,,,,,,,,,,,
June,309,da Costaa,34,15735.68,1043.306667,3,6,7,2,"Personal Loan, and Student Loan",19,12,19.08,7,Standard,1574.91,28.91158726,9 Years and 3 Months,Yes,21.35618485,101.2555231,LowspentSmallvaluepayments,271.7189587,Standard,,,,,,,,,,,,
July,309,da Costaa,34,15735.68,1043.306667,3,6,7,2,"Personal Loan, and Student Loan",19,12,21.08,7,Standard,1574.91,24.55080382,9 Years and 4 Months,Yes,21.35618485,32.62047803,High_spent_Medium_value_payments,300.3540038,Standard,,,,,,,,,,,,
August,309,da Costaa,34,15735.68,1043.306667,3,6,7,2,"Personal Loan, and Student Loan",19,9,19.08,7,Standard,1574.91,26.23477671,9 Years and 5 Months,NM,21.35618485,12.49458031,High_spent_Medium_value_payments,320.4799015,Standard,,,,,,,,,,,,
January,310,Johnm,31,20502.64,1588.553333,8,10,28,8,"Home Equity Loan, Auto Loan, Personal Loan, Personal Loan, Mortgage Loan, Auto Loan, Debt Consolidation Loan, and Personal Loan",19,16,25.18,11,Bad,4182.21,32.71470197,1 Years and 5 Months,Yes,87.46214102,68.0771681,HighspentSmallvaluepayments,263.3160242,Standard,,,,,,,,,,,,
February,310,Johnm,31,20502.64,1588.553333,8,10,28,8,"Home Equity Loan, Auto Loan, Personal Loan, Personal Loan, Mortgage Loan, Auto Loan, Debt Consolidation Loan, and Personal Loan",19,16,29.18,11,,4182.21,24.33770964,1 Years and 6 Months,Yes,87.46214102,201.1728577,LowspentSmallvaluepayments,160.2203346,Standard,,,,,,,,,,,,
March,310,Johnm,31,20502.64,1588.553333,8,10,28,8,"Home Equity Loan, Auto Loan, Personal Loan, Personal Loan, Mortgage Loan, Auto Loan, Debt Consolidation Loan, and Personal Loan",19,,27.18,15,Bad,4182.21,25.12687838,1 Years and 7 Months,Yes,87.46214102,148.7138907,LowspentSmallvaluepayments,212.6793016,Standard,,,,,,,,,,,,
April,310,Johnm,32,20502.64,1588.553333,8,10,28,8,"Home Equity Loan, Auto Loan, Personal Loan, Personal Loan, Mortgage Loan, Auto Loan, Debt Consolidation Loan, and Personal Loan",17,16,25.18,15,Bad,4182.21,34.49616325,1 Years and 8 Months,Yes,87.46214102,117.1593531,LowspentSmallvaluepayments,244.2338392,Standard,,,,,,,,,,,,
May,310,Johnm,32,20502.64,1588.553333,8,10,28,8,"Home Equity Loan, Auto Loan, Personal Loan, Personal Loan, Mortgage Loan, Auto Loan, Debt Consolidation Loan, and Personal Loan",19,16,25.18,15,Bad,4182.21,34.715337,1 Years and 9 Months,Yes,87.46214102,119.267897,LowspentSmallvaluepayments,242.1252953,Standard,,,,,,,,,,,,
June,310,Johnm,32,20502.64,1588.553333,8,10,28,8,"Home Equity Loan, Auto Loan, Personal Loan, Personal Loan, Mortgage Loan, Auto Loan, Debt Consolidation Loan, and Personal Loan",19,19,25.18,15,Bad,4182.21,25.94442492,1 Years and 10 Months,Yes,87.46214102,63.96982525,LowspentLargevaluepayments,277.4233671,Standard,,,,,,,,,,,,
July,310,Johnm,-500,20502.64,1588.553333,8,10,28,8,"Home Equity Loan, Auto Loan, Personal Loan, Personal Loan, Mortgage Loan, Auto Loan, Debt Consolidation Loan, and Personal Loan",19,14,25.18,15,Bad,4182.21,23.98519424,1 Years and 11 Months,Yes,87.46214102,123.8727965,Low_spent_Small_value_payments,237.5203958,Standard,,,,,,,,,,,,
August,310,,32_,20502.64,1588.553333,8,10,28,8,"Home Equity Loan, Auto Loan, Personal Loan, Personal Loan, Mortgage Loan, Auto Loan, Debt Consolidation Loan, and Personal Loan",14,18,25.18,15,_,4182.21,26.59964197,2 Years and 0 Months,Yes,87.46214102,63.46105889,Low_spent_Medium_value_payments,287.9321334,Standard,,,,,,,,,,,,
January,311,,53,55662.64,4900.553333,4,6,6,3,"Student Loan, Credit-Builder Loan, and Credit-Builder Loan",27,2250,17.06,2,Standard,1078.02,26.97982892,22 Years and 4 Months,Yes,90.94994557,423.729524,LowspentSmallvaluepayments,265.3758638,Standard,,,,,,,,,,,,
February,311,Vinocurw,53,55662.64,4900.553333,4,6,6,3,"Student Loan, Credit-Builder Loan, and Credit-Builder Loan",27,19,11.06,2,,1078.02,36.84437481,22 Years and 5 Months,Yes,90.94994557,139.3655821,HighspentMediumvaluepayments,509.7398056,Standard,,,,,,,,,,,,
March,311,,54,55662.64,4900.553333,4,6,6,3,"Student Loan, Credit-Builder Loan, and Credit-Builder Loan",28,19,11.06,2,Standard,1078.02,28.31822426,22 Years and 6 Months,Yes,90.94994557,44.57131426,HighspentLargevaluepayments,594.5340735,Standard,,,,,,,,,,,,
April,311,Vinocurw,54,55662.64,4900.553333,4,6,6,3,"Student Loan, Credit-Builder Loan, and Credit-Builder Loan",22,19,11.06,2,Standard,1078.02,34.13460737,22 Years and 7 Months,Yes,90.94994557,77.64173629,HighspentMediumvaluepayments,571.4636515,Standard,,,,,,,,,,,,
May,311,Vinocurw,54,55662.64,4900.553333,4,6,6,3,"Student Loan, Credit-Builder Loan, and Credit-Builder Loan",32,19,11.06,2,Standard,1078.02,38.69836479,22 Years and 8 Months,Yes,90.94994557,339.3782531,LowspentSmallvaluepayments,349.7271346,Standard,,,,,,,,,,,,
June,311,Vinocurw,54,55662.64,4900.553333,4,6,6,3,"Student Loan, Credit-Builder Loan, and Credit-Builder Loan",27,19,18.06,2,Standard,1078.02,37.21961663,22 Years and 9 Months,Yes,90.94994557,204.8036289,HighspentSmallvaluepayments,454.3017589,Standard,,,,,,,,,,,,
July,311,,54,55662.64,4900.553333,4,6,6,3,"Student Loan, Credit-Builder Loan, and Credit-Builder Loan",25,16,11.06,2,Standard,1078.02,30.48954329,NA,Yes,90.94994557,104.3946853,High_spent_Small_value_payments,554.7107025,Standard,,,,,,,,,,,,
August,311,,54,55662.64,4900.553333,4,6,6,3,"Student Loan, Credit-Builder Loan, and Credit-Builder Loan",32,20,11.06,2,Standard,1078.02,31.74617,NA,Yes,90.94994557,,Low_spent_Medium_value_payments,549.3941955,Standard,,,,,,,,,,,,
January,312,Hudsonl,20,19758.84,1901.57,7,5,32,8,"Auto Loan, Credit-Builder Loan, Home Equity Loan, Debt Consolidation Loan, Mortgage Loan, Home Equity Loan, Auto Loan, and Not Specified",51,24,0.76,9,Bad,1352.88,24.61385176,14 Years and 10 Months,Yes,71.69473985,39.60399979,HighspentSmallvaluepayments,338.8582604,Poor,,,,,,,,,,,,
February,312,Hudsonl,20,19758.84,1901.57,7,5,32,8,"Auto Loan, Credit-Builder Loan, Home Equity Loan, Debt Consolidation Loan, Mortgage Loan, Home Equity Loan, Auto Loan, and Not Specified",54,24,2.76,9,,1352.88,33.82384274,14 Years and 11 Months,Yes,71.69473985,,HighspentSmallvaluepayments,284.8232874,Poor,,,,,,,,,,,,
March,312,Hudsonl,20,19758.84,1901.57,7,1307,32,8,"Auto Loan, Credit-Builder Loan, Home Equity Loan, Debt Consolidation Loan, Mortgage Loan, Home Equity Loan, Auto Loan, and Not Specified",51,22,2.76,9,Bad,1352.88,37.56938827,NA,Yes,71.69473985,71.16605209,HighspentSmallvaluepayments,307.2962081,Poor,,,,,,,,,,,,
April,312,Hudsonl,20,19758.84,1901.57,7,5,32,8,"Auto Loan, Credit-Builder Loan, Home Equity Loan, Debt Consolidation Loan, Mortgage Loan, Home Equity Loan, Auto Loan, and Not Specified",51,24,0.76,516,Bad,1352.88,38.0330947,15 Years and 1 Months,Yes,71.69473985,70.90258244,HighspentMediumvaluepayments,297.5596777,Poor,,,,,,,,,,,,
May,312,,20,19758.84,1901.57,7,5,32,8,"Auto Loan, Credit-Builder Loan, Home Equity Loan, Debt Consolidation Loan, Mortgage Loan, Home Equity Loan, Auto Loan, and Not Specified",53,24,2.76,14,Bad,1352.88,29.49994573,15 Years and 2 Months,NM,71.69473985,156.064738,LowspentSmallvaluepayments,252.3975221,Poor,,,,,,,,,,,,
June,312,Hudsonl,20,19758.84,1901.57,7,5,32,-100,"Auto Loan, Credit-Builder Loan, Home Equity Loan, Debt Consolidation Loan, Mortgage Loan, Home Equity Loan, Auto Loan, and Not Specified",51,24,2.76,14,Bad,1352.88,35.34448591,15 Years and 3 Months,Yes,71.69473985,51.30001566,HighspentMediumvaluepayments,317.1622445,Poor,,,,,,,,,,,,
July,312,Hudsonl,20,19758.84,1901.57,7,5,32,8,"Auto Loan, Credit-Builder Loan, Home Equity Loan, Debt Consolidation Loan, Mortgage Loan, Home Equity Loan, Auto Loan, and Not Specified",51,24,2.76,14,_,1352.88,37.50922676,15 Years and 4 Months,Yes,71.69473985,173.7449136,Low_spent_Large_value_payments,214.7173465,Poor,,,,,,,,,,,,
August,312,Hudsonl,20,19758.84,1901.57,7,5,32,8_,"Auto Loan, Credit-Builder Loan, Home Equity Loan, Debt Consolidation Loan, Mortgage Loan, Home Equity Loan, Auto Loan, and Not Specified",51,22,2.76,14,Bad,1352.88,39.00379807,15 Years and 5 Months,Yes,71.69473985,53.41737331,High_spent_Small_value_payments,325.0448868,Poor,,,,,,,,,,,,
January,313,Chuckl,26,55000.62,4526.385,3,6,12,-100,,18,16,0.88,0,Standard,815.35,25.69837462,15 Years and 11 Months,No,0,115.8077544,HighspentLargevaluepayments,576.8307456,Standard,,,,,,,,,,,,
February,313,Chuckl,27,55000.62,4526.385,3,6,12,0,,18,16,0.88,0,Standard,815.35,26.10975903,NA,No,0,66.67637344,HighspentMediumvaluepayments,635.9621266,Standard,,,,,,,,,,,,
March,313,Chuckl,27,55000.62,4526.385,3,6,12,0,,18,,0.88,0,Standard,815.35,36.73896575,16 Years and 1 Months,No,0,238.3169155,HighspentSmallvaluepayments,474.3215845,Standard,,,,,,,,,,,,
April,313,Chuckl,27,55000.62,4526.385,3,6,12,0,,18,16,6.88,0,,815.35,40.27927892,16 Years and 2 Months,No,0,384.9574075,LowspentLargevaluepayments,337.6810925,Standard,,,,,,,,,,,,
May,313,Chuckl,27,55000.62,4526.385,3,6,12,0,,18,18,0.88,0,Standard,815.35,40.58150123,NA,No,0,343.8246379,LowspentSmallvaluepayments,398.8138621,Standard,,,,,,,,,,,,
June,313,,27,55000.62,4526.385,3,6,12,0,,18,17,0.88,0,Standard,815.35,30.20528474,16 Years and 4 Months,No,0,600.5157206,LowspentSmallvaluepayments,142.1227794,Standard,,,,,,,,,,,,
July,313,Chuckl,27,55000.62,4526.385,3,6,12,0,,18,14,0.88,0,Standard,815.35,40.41751022,NA,No,0,104.8663227,High_spent_Medium_value_payments,597.7721773,Standard,,,,,,,,,,,,
August,313,Chuckl,27,55000.62,4526.385,3,6,12,0_,,17,14,2.88,0,Standard,815.35,28.35034423,16 Years and 6 Months,No,0,71.2221547,High_spent_Medium_value_payments,631.4163453,Standard,,,,,,,,,,,,
January,314,Jennifer Ablans,16,10352.745,861.72875,3,5,6,7,"Personal Loan, Mortgage Loan, Student Loan, Personal Loan, Debt Consolidation Loan, Mortgage Loan, and Debt Consolidation Loan",27,17,15.99,6,Standard,343.41,35.87601682,5 Years and 1 Months,Yes,36.62937698,30.77363547,LowspentSmallvaluepayments,308.7698626,Standard,,,,,,,,,,,,
February,314,,16,10352.745,861.72875,3,5,6,7,"Personal Loan, Mortgage Loan, Student Loan, Personal Loan, Debt Consolidation Loan, Mortgage Loan, and Debt Consolidation Loan",27,17,15.99,6,,343.41,30.80812489,5 Years and 2 Months,Yes,11782,78.88989848,LowspentMediumvaluepayments,250.6535995,Standard,,,,,,,,,,,,
March,314,Jennifer Ablans,16,10352.745,861.72875,3,5,6,7,"Personal Loan, Mortgage Loan, Student Loan, Personal Loan, Debt Consolidation Loan, Mortgage Loan, and Debt Consolidation Loan",27,17,15.99,6,Standard,343.41,35.99482434,5 Years and 3 Months,Yes,36.62937698,102.841486,LowspentSmallvaluepayments,236.702012,Standard,,,,,,,,,,,,
April,314,Jennifer Ablans,16,10352.745,861.72875,3,5,6,7,"Personal Loan, Mortgage Loan, Student Loan, Personal Loan, Debt Consolidation Loan, Mortgage Loan, and Debt Consolidation Loan",27,17,15.99,6,Standard,343.41,37.4221037,5 Years and 4 Months,NM,36.62937698,56.00327691,LowspentSmallvaluepayments,283.5402211,Standard,,,,,,,,,,,,
May,314,,16,10352.745,861.72875,3,5,6,7,"Personal Loan, Mortgage Loan, Student Loan, Personal Loan, Debt Consolidation Loan, Mortgage Loan, and Debt Consolidation Loan",30,17,16.99,8,,343.41,39.58099898,5 Years and 5 Months,Yes,36.62937698,71.6905836,LowspentSmallvaluepayments,267.8529144,Standard,,,,,,,,,,,,
June,314,Jennifer Ablans,16,10352.745,861.72875,3,5,6,7,"Personal Loan, Mortgage Loan, Student Loan, Personal Loan, Debt Consolidation Loan, Mortgage Loan, and Debt Consolidation Loan",27,14,15.99,8,,343.41,26.88143495,5 Years and 6 Months,Yes,36.62937698,89.08421224,LowspentSmallvaluepayments,250.4592858,Standard,,,,,,,,,,,,
July,314,Jennifer Ablans,17,10352.745,861.72875,3,5,6,7,"Personal Loan, Mortgage Loan, Student Loan, Personal Loan, Debt Consolidation Loan, Mortgage Loan, and Debt Consolidation Loan",27,17,15.99,8,Standard,343.41,36.60012821,5 Years and 7 Months,Yes,36.62937698,,Low_spent_Small_value_payments,266.5804487,Standard,,,,,,,,,,,,
August,314,Jennifer Ablans,17,10352.745,,3,5,6,7,"Personal Loan, Mortgage Loan, Student Loan, Personal Loan, Debt Consolidation Loan, Mortgage Loan, and Debt Consolidation Loan",27,17,15.99,8,_,343.41,24.34312355,5 Years and 8 Months,Yes,36.62937698,113.9136568,Low_spent_Small_value_payments,225.6298412,Standard,,,,,,,,,,,,
January,315,Horowitzq,34,50811.27,0,6,4,20,3,"Home Equity Loan, Student Loan, and Credit-Builder Loan",18,15,8.01,5,,1274.59,27.20809798,5 Years and 9 Months,NM,107.3294636,86.26076834,HighspentMediumvaluepayments,495.1370181,Poor,,,,,,,,,,,,
February,315,Horowitzq,34,50811.27,4387.2725,6,4,5639,3,"Home Equity Loan, Student Loan, and Credit-Builder Loan",18,16,9.01,5,,1274.59,34.9571975,5 Years and 10 Months,Yes,107.3294636,211.9968361,LowspentLargevaluepayments,389.4009503,Poor,,,,,,,,,,,,
March,315,Horowitzq,34,50811.27,4387.2725,6,4,20,3,"Home Equity Loan, Student Loan, and Credit-Builder Loan",13,16,13.01,5,Standard,1274.59,24.70910186,NA,Yes,107.3294636,257.0148922,LowspentSmallvaluepayments,364.3828943,Poor,,,,,,,,,,,,
April,315,Horowitzq,34,50811.27,4387.2725,6,4,20,3,"Home Equity Loan, Student Loan, and Credit-Builder Loan",23,14,8.01,,Standard,1274.59,25.90052163,6 Years and 0 Months,Yes,107.3294636,114.9084207,HighspentMediumvaluepayments,466.4893657,Standard,,,,,,,,,,,,
May,315,Horowitzq,34,50811.27,4387.2725,6,4,20,3,"Home Equity Loan, Student Loan, and Credit-Builder Loan",18,14,1.01,5,Standard,1274.59,33.54365955,6 Years and 1 Months,Yes,107.3294636,112.5710723,HighspentMediumvaluepayments,468.8267141,Standard,,,,,,,,,,,,
June,315,Horowitzq,34,50811.27,4387.2725,6,4,20,3,"Home Equity Loan, Student Loan, and Credit-Builder Loan",18,14,8.01,5,Standard,1274.59,32.43121733,6 Years and 2 Months,Yes,107.3294636,44.45414946,HighspentLargevaluepayments,526.943637,Standard,,,,,,,,,,,,
July,315,Horowitzq,34,50811.27,4387.2725,6,4,20,3,"Home Equity Loan, Student Loan, and Credit-Builder Loan",18,14,8.01,5,Standard,1274.59,39.12212165,6 Years and 3 Months,Yes,107.3294636,87.40521371,High_spent_Medium_value_payments,493.9925727,Standard,,,,,,,,,,,,
August,315,Horowitzq,34,50811.27,4387.2725,6,4,20,3,"Home Equity Loan, Student Loan, and Credit-Builder Loan",18,14,8.01,5,Standard,1274.59,36.19643285,6 Years and 4 Months,Yes,22779,99.15461152,High_spent_Large_value_payments,472.2431749,Standard,,,,,,,,,,,,
January,316,John McCrankq,27,59448.04,4870.003333,9,7,23,6,"Auto Loan, Debt Consolidation Loan, Debt Consolidation Loan, Credit-Builder Loan, Credit-Builder Loan, and Home Equity Loan",35,23,9.05,6,Bad,3825.82,28.41107636,13 Years and 4 Months,Yes,183.8344311,273.5780408,HighspentSmallvaluepayments,289.5878614,Poor,,,,,,,,,,,,
February,316,John McCrankq,27,59448.04,4870.003333,9,7,23,6,"Auto Loan, Debt Consolidation Loan, Debt Consolidation Loan, Credit-Builder Loan, Credit-Builder Loan, and Home Equity Loan",40,19,6.05,6,Bad,3825.82,28.15267287,13 Years and 5 Months,Yes,183.8344311,210.4452026,LowspentLargevaluepayments,362.7206996,Standard,,,,,,,,,,,,
March,316,John McCrankq,27,59448.04,4870.003333,9,7,23,6,"Auto Loan, Debt Consolidation Loan, Debt Consolidation Loan, Credit-Builder Loan, Credit-Builder Loan, and Home Equity Loan",36,22,13.05,6,,3825.82,32.49179779,13 Years and 6 Months,Yes,183.8344311,,HighspentMediumvaluepayments,492.8741035,Poor,,,,,,,,,,,,
April,316,John McCrankq,27,59448.04,4339.36173,9,7,23,6,"Auto Loan, Debt Consolidation Loan, Debt Consolidation Loan, Credit-Builder Loan, Credit-Builder Loan, and Home Equity Loan",35,21,6.05,6,Bad,3825.82,30.14869082,13 Years and 7 Months,Yes,714.4760346,565.4289733,LowspentSmallvaluepayments,27.73692894,Standard,,,,,,,,,,,,
May,316,John McCrankq,28,59448.04,4339.36173,9,7,3826,6,"Auto Loan, Debt Consolidation Loan, Debt Consolidation Loan, Credit-Builder Loan, Credit-Builder Loan, and Home Equity Loan",32,21,6.05,6,Bad,3825.82,24.31122779,13 Years and 8 Months,Yes,714.4760346,290.3177977,LowspentMediumvaluepayments,292.8481046,Standard,,,,,,,,,,,,
June,316,John McCrankq,28,59448.04,4339.36173,9,7,23,6,"Auto Loan, Debt Consolidation Loan, Debt Consolidation Loan, Credit-Builder Loan, Credit-Builder Loan, and Home Equity Loan",35,21,6.05,6,Bad,3825.82,30.94823768,13 Years and 9 Months,Yes,714.4760346,,LowspentLargevaluepayments,149.9906632,Standard,,,,,,,,,,,,
July,316,,28,59448.04_,4339.36173,9,7,23,6,"Auto Loan, Debt Consolidation Loan, Debt Consolidation Loan, Credit-Builder Loan, Credit-Builder Loan, and Home Equity Loan",34,21,6.05,6,Bad,3825.82,30.44736906,13 Years and 10 Months,Yes,714.4760346,391.2555674,Low_spent_Large_value_payments,181.9103348,Standard,,,,,,,,,,,,
August,316,John McCrankq,28,59448.04,4339.36173,9,7,23,6,"Auto Loan, Debt Consolidation Loan, Debt Consolidation Loan, Credit-Builder Loan, Credit-Builder Loan, and Home Equity Loan",35,21,1.05,6,Bad,3825.82,39.36103214,13 Years and 11 Months,Yes,714.4760346,92.74095749,High_spent_Large_value_payments,450.4249447,Standard,,,,,,,,,,,,
January,317,Melissaj,47,18549.28,1698.773333,4,4,6,0,,13,3,3.22,0,Good,1247.3,32.9616636,19 Years and 11 Months,NM,62989,98.89260912,LowspentLargevaluepayments,340.9847242,Good,,,,,,,,,,,,
February,317,Melissaj,47,18549.28,1698.773333,4,4,6,0,,13,0,3.22,0,Good,1247.3,32.90267401,20 Years and 0 Months,NM,0,17.64112298,HighspentLargevaluepayments,392.2362104,Good,,,,,,,,,,,,
March,317,Melissaj,47,18549.28,1698.773333,4,4,6,0,,17,0,3.22,0,Good,1247.3,28.12386762,20 Years and 1 Months,No,0,81.43914072,LowspentSmallvaluepayments,378.4381926,Standard,,,,,,,,,,,,
April,317,Melissaj,47,18549.28,1698.773333,4,4,6,0,,13,0,,0,Good,1247.3,35.31401117,20 Years and 2 Months,No,0,50.39486694,LowspentMediumvaluepayments,399.4824664,Standard,,,,,,,,,,,,
May,317,Melissaj,47,18549.28,1698.773333,4,4,6,0,,13,0,3.22,0,Good,1247.3,26.40603353,20 Years and 3 Months,No,4721,28.29478712,HighspentMediumvaluepayments,391.5825462,Good,,,,,,,,,,,,
June,317,Melissaj,47,5444147,1698.773333,4,4,6,0,,13,,3.22,0,Good,1247.3,36.65438819,20 Years and 4 Months,No,0,129.5064735,LowspentSmallvaluepayments,330.3708599,Good,,,,,,,,,,,,
July,317,Melissaj,47,18549.28,,4,4,6,0,,13,0,3.22,0,Good,1247.3,37.42549721,20 Years and 5 Months,No,0,58.09541541,High_spent_Medium_value_payments,361.7819179,Standard,,,,,,,,,,,,
August,317,Melissaj,47,18549.28,1698.773333,4,4,6,0,,13,0,3.22,0,Good,1247.3,36.68212249,20 Years and 6 Months,No,0,107.2860906,Low_spent_Medium_value_payments,342.5912427,Good,,,,,,,,,,,,
January,318,Choe,49,134810.13,10998.1775,5,7,6,2,"Payday Loan, and Auto Loan",1,3,10.54,4,Good,744.97,29.87962269,32 Years and 1 Months,No,199.8420985,806.8608461,LowspentMediumvaluepayments,373.1148054,Standard,,,,,,,,,,,,
February,318,Choe,49,134810.13,10998.1775,5,7,6,2,"Payday Loan, and Auto Loan",4,0,10.54,4,Good,744.97,29.87176362,32 Years and 2 Months,No,199.8420985,766.7799329,LowspentMediumvaluepayments,413.1957186,Good,,,,,,,,,,,,
March,318,Choe,49,134810.13,10998.1775,5,7,6,2,"Payday Loan, and Auto Loan",2,1,10.54,9,Good,744.97,40.73910114,32 Years and 3 Months,No,199.8420985,325.2486865,HighspentSmallvaluepayments,834.726965,Good,,,,,,,,,,,,
April,318,,49,134810.13,10998.1775,5,7,6,2,"Payday Loan, and Auto Loan",2,1,10.54,9,Good,744.97,36.25644555,NA,No,199.8420985,652.5902258,LowspentMediumvaluepayments,527.3854257,Standard,,,,,,,,,,,,
May,318,Choe,50,134810.13,10998.1775,5,7,6,2,"Payday Loan, and Auto Loan",2,4,10.54,9,,744.97,43.13051049,32 Years and 5 Months,No,199.8420985,312.7363581,LowspentMediumvaluepayments,867.2392934,Standard,,,,,,,,,,,,
June,318,Choe,50,134810.13,10998.1775,5,7,6,2,"Payday Loan, and Auto Loan",2,1,12.54,9,Good,744.97,38.92442299,32 Years and 6 Months,No,199.8420985,279.6363767,HighspentMediumvaluepayments,870.3392748,Standard,,,,,,,,,,,,
July,318,Choe,50,134810.13,10998.1775,5,7,6,2,"Payday Loan, and Auto Loan",2,1,10.54,9,Good,744.97,36.66370327,32 Years and 7 Months,NM,199.8420985,682.1866556,Low_spent_Small_value_payments,507.7889959,Good,,,,,,,,,,,,
August,318,Choe,50,134810.13,10998.1775,5,7,6,2,"Payday Loan, and Auto Loan",2,1,10.54,9,Good,744.97,31.00299069,32 Years and 8 Months,No,199.8420985,207.1219274,High_spent_Small_value_payments,952.8537241,Good,,,,,,,,,,,,
January,319,Bena,27,162550.32,13731.86,0,5,11,1,Student Loan,13,8,0.68,,Good,789.13,36.5283912,16 Years and 2 Months,No,76.18230461,146.0267596,HighspentMediumvaluepayments,1400.976936,Good,,,,,,,,,,,,
February,319,Bena,27,162550.32,13731.86,0,5,11,-100,Student Loan,15,,0.68,2,Good,789.13,36.02308694,16 Years and 3 Months,No,76.18230461,322.9702887,HighspentLargevaluepayments,1214.033407,Standard,,,,,,,,,,,,
March,319,Bena,27,162550.32,13731.86,0,5,11,1,Student Loan,13,8,0.68,2,Good,789.13,35.04406228,16 Years and 4 Months,No,76.18230461,101.6600796,!@9#%8,1435.343616,Good,,,,,,,,,,,,
April,319,,27,162550.32,13731.86,0,5,11,1,Student Loan,12,8,0.68,2,,789.13,47.96956024,16 Years and 5 Months,No,76.18230461,241.0992135,HighspentSmallvaluepayments,1315.904482,Good,,,,,,,,,,,,
May,319,Bena,27,162550.32,13731.86,0,5,11,1,Student Loan,9,10,0.68,4,,789.13,35.80246147,16 Years and 6 Months,No,76.18230461,,LowspentMediumvaluepayments,1072.552925,Good,,,,,,,,,,,,
June,319,Bena,27,162550.32,13731.86,0,5,11,1,Student Loan,18,8,0.68,4,,789.13,38.03282138,16 Years and 7 Months,No,76.18230461,571.4854909,HighspentMediumvaluepayments,975.5182045,Good,,,,,,,,,,,,
July,319,Bena,28,162550.32,13731.86,0,447,11,1,Student Loan,17,8,-0.32,4,Good,789.13,38.04238308,16 Years and 8 Months,No,76.18230461,1151.688782,Low_spent_Medium_value_payments,425.3149136,Good,,,,,,,,,,,,
August,319,Bena,28,162550.32,13731.86,0,5,11,1,Student Loan,13,8,0.68,4,Good,789.13,34.100926,16 Years and 9 Months,No,76.18230461,488.9825296,Low_spent_Medium_value_payments,1088.021166,Good,,,,,,,,,,,,
January,320,Henryu,20,102596.64,8718.72,4,5,8,0,,24,2,5.61,1,,1033.59,41.49850224,20 Years and 7 Months,No,0,211.7125666,HighspentLargevaluepayments,900.1594334,Standard,,,,,,,,,,,,
February,320,,20,102596.64,8718.72,4,5,8,0,,19,4,5.61,1,Good,1033.59,44.22447855,20 Years and 8 Months,No,0,135.5267124,HighspentLargevaluepayments,976.3452876,Poor,,,,,,,,,,,,
March,320,Henryu,20,102596.64,8718.72,665,5,8,0,,23,2,5.61,1,Good,1033.59,27.51797771,20 Years and 9 Months,No,0,190.8314049,HighspentLargevaluepayments,921.0405951,Poor,,,,,,,,,,,,
April,320,Henryu,20,102596.64,8718.72,4,5,8,0,,26,4,5.61,1,Good,1033.59,44.93121975,20 Years and 10 Months,No,0,195.0625204,HighspentLargevaluepayments,916.8094796,Poor,,,,,,,,,,,,
May,320,Henryu,20,102596.64,8718.72,4,5,8,0,,24,5,5.61,1,Good,1033.59,46.2937028,NA,No,55470,61.64215703,HighspentLargevaluepayments,1050.229843,Standard,,,,,,,,,,,,
June,320,Henryu,20,102596.64,8718.72,4,5,8,0,,24,2,0.61,4,Good,1033.59,39.87407899,NA,No,0,64.15779849,HighspentLargevaluepayments,1047.714202,Poor,,,,,,,,,,,,
July,320,Henryu,20,102596.63999999998_,8718.72,4,5,8,0,,24,2,5.61,4,Good,1033.59,30.17252518,21 Years and 1 Months,No,0,96.77668616,High_spent_Large_value_payments,1015.095314,Standard,,,,,,,,,,,,
August,320,Henryu,20_,102596.64,8718.72,4,5,8,0,,24,2,11.61,4,Good,1033.59,29.30258721,21 Years and 2 Months,No,0,348.3441977,High_spent_Medium_value_payments,773.5278023,Poor,,,,,,,,,,,,
January,321,,31,14884.465,1538.372083,8,5,1,4,"Not Specified, Not Specified, Home Equity Loan, and Student Loan",25,17,6.79,4,Good,1122.86,26.31939198,28 Years and 1 Months,No,37.78683849,57.72786348,LowspentMediumvaluepayments,338.3225064,Poor,,,,,,,,,,,,
February,321,,31,14884.465,1538.372083,8,5,1,4,"Not Specified, Not Specified, Home Equity Loan, and Student Loan",24,18,8.79,4,Good,1122.86,38.93601916,28 Years and 2 Months,No,37.78683849,131.07955,LowspentSmallvaluepayments,274.9708199,Poor,,,,,,,,,,,,
March,321,,31,14884.465,1538.372083,8,5,1,4,"Not Specified, Not Specified, Home Equity Loan, and Student Loan",25,17,6.79,4,Good,1122.86,35.54806105,NA,No,37.78683849,171.7102297,LowspentSmallvaluepayments,234.3401401,Standard,,,,,,,,,,,,
April,321,Frankc,31,14884.465,1538.372083,8,5,1,563,"Not Specified, Not Specified, Home Equity Loan, and Student Loan",25,16,6.79,4,,1122.86,35.14489108,28 Years and 4 Months,No,37.78683849,55.58661182,LowspentMediumvaluepayments,340.463758,Poor,,,,,,,,,,,,
May,321,Frankc,31,14884.465,1538.372083,8,5,1,4,"Not Specified, Not Specified, Home Equity Loan, and Student Loan",25,14,6.79,4,Good,1122.86,29.29814927,28 Years and 5 Months,No,37.78683849,128.2418398,LowspentMediumvaluepayments,267.8085301,Poor,,,,,,,,,,,,
June,321,Frankc,31,14884.465,1538.372083,8,5,1,4,"Not Specified, Not Specified, Home Equity Loan, and Student Loan",25,17,6.79,4,,1122.86,28.82336882,28 Years and 6 Months,No,37.78683849,165.4691676,LowspentSmallvaluepayments,240.5812022,Poor,,,,,,,,,,,,
July,321,Frankc,31,14884.465,,8,5,1,4,"Not Specified, Not Specified, Home Equity Loan, and Student Loan",25,17,6.79,4,_,1122.86,34.55873212,28 Years and 7 Months,NM,37.78683849,69.33016912,Low_spent_Small_value_payments,336.7202007,Poor,,,,,,,,,,,,
August,321,Frankc,31_,14884.465,1538.372083,8,5,1,4,"Not Specified, Not Specified, Home Equity Loan, and Student Loan",25,15,6.79,4,Good,1122.86,36.24883043,28 Years and 8 Months,NM,37.78683849,183.7398268,Low_spent_Small_value_payments,222.310543,Poor,,,,,,,,,,,,
January,322,Brs,39,31732.61,2899.384167,4,4,1,4,"Personal Loan, Credit-Builder Loan, Not Specified, and Debt Consolidation Loan",30,10,3.37,3,Good,1404.06,39.9291405,29 Years and 11 Months,No,100.9154077,39.35478893,!@9#%8,399.66822,Poor,,,,,,,,,,,,
February,322,Brs,39,31732.61,2899.384167,4,4,1,4,"Personal Loan, Credit-Builder Loan, Not Specified, and Debt Consolidation Loan",32,10,7.37,3,,1404.06,23.40744887,30 Years and 0 Months,NM,100.9154077,92.53224266,LowspentMediumvaluepayments,376.4907663,Standard,,,,,,,,,,,,
March,322,Brs,39,31732.61,2899.384167,4,4,1,4,"Personal Loan, Credit-Builder Loan, Not Specified, and Debt Consolidation Loan",30,10,3.37,3,Good,1404.06,29.54729677,30 Years and 1 Months,No,100.9154077,51.48058165,HighspentLargevaluepayments,377.5424273,Standard,,,,,,,,,,,,
April,322,Brs,39,31732.61,2899.384167,4,4,1,4,"Personal Loan, Credit-Builder Loan, Not Specified, and Debt Consolidation Loan",30,10,3.37,3,Good,1404.06,30.14333948,30 Years and 2 Months,No,100.9154077,127.4011606,LowspentSmallvaluepayments,351.6218484,Standard,,,,,,,,,,,,
May,322,Brs,39,31732.61,2899.384167,4,4,1,4,"Personal Loan, Credit-Builder Loan, Not Specified, and Debt Consolidation Loan",30,10,3.37,4,Good,1404.06,27.78039054,30 Years and 3 Months,No,100.9154077,70.23296462,HighspentLargevaluepayments,358.7900443,Poor,,,,,,,,,,,,
June,322,Brs,39,31732.61,2899.384167,4,4,1,4,"Personal Loan, Credit-Builder Loan, Not Specified, and Debt Consolidation Loan",30,10,3.37,4,Good,1404.06,33.70987478,30 Years and 4 Months,No,100.9154077,255.9691484,LowspentMediumvaluepayments,213.0538605,Poor,,,,,,,,,,,,
July,322,Brs,39,31732.61,2899.384167,4,158,1,4,"Personal Loan, Credit-Builder Loan, Not Specified, and Debt Consolidation Loan",30,10,3.37,4,_,1404.06,35.03886691,30 Years and 5 Months,No,100.9154077,171.1828689,Low_spent_Large_value_payments,287.84014,Poor,,,,,,,,,,,,
August,322,Brs,39,31732.61,2899.384167,4,4,1,4,"Personal Loan, Credit-Builder Loan, Not Specified, and Debt Consolidation Loan",30,12,3.37,4,Good,1404.06,24.71851254,30 Years and 6 Months,NM,100.9154077,263.9397724,Low_spent_Medium_value_payments,205.0832365,Poor,,,,,,,,,,,,
January,323,Wolde Katel,46,50847.22,4156.268333,3,6,17,1,Credit-Builder Loan,2,18,6.4,0,,486.71,28.16592179,22 Years and 7 Months,Yes,23.78387813,146.2525941,LowspentMediumvaluepayments,525.5903611,Standard,,,,,,,,,,,,
February,323,Wolde Katel,46,50847.22,4156.268333,3,6,17,1,Credit-Builder Loan,10,,6.4,0,Standard,486.71,32.60012371,22 Years and 8 Months,Yes,23.78387813,112.1982194,HighspentSmallvaluepayments,539.6447358,Standard,,,,,,,,,,,,
March,323,,46,50847.22,4156.268333,3,6,17,341,Credit-Builder Loan,6,18,6.4,0,Standard,486.71,29.98192277,22 Years and 9 Months,NM,23.78387813,54.53134806,HighspentLargevaluepayments,577.3116071,Standard,,,,,,,,,,,,
April,323,Wolde Katel,46,50847.22,4156.268333,3,6,17,1,Credit-Builder Loan,6,18,6.4,0,Standard,486.71,42.37251786,NA,Yes,23.78387813,104.8698746,HighspentLargevaluepayments,526.9730806,Standard,,,,,,,,,,,,
May,323,,46,50847.22,4156.268333,3,6,17,1,Credit-Builder Loan,9,19,6.4,0,,486.71,33.72492552,22 Years and 11 Months,Yes,23.78387813,400.1931517,LowspentMediumvaluepayments,271.6498035,Standard,,,,,,,,,,,,
June,323,Wolde Katel,46,50847.22,4156.268333,3,6,17,1,Credit-Builder Loan,6,18,,0,,486.71,30.7492159,23 Years and 0 Months,Yes,23.78387813,293.4234473,LowspentMediumvaluepayments,378.4195079,Standard,,,,,,,,,,,,
July,323,Wolde Katel,46,50847.22,4156.268333,3,6,17,1_,Credit-Builder Loan,6,19,6.4,0,Standard,486.71,33.69517455,23 Years and 1 Months,Yes,23.78387813,108.466084,High_spent_Medium_value_payments,533.3768712,Standard,,,,,,,,,,,,
August,323,Wolde Katel,46,50847.22,4156.268333,3,6,4831,1,Credit-Builder Loan,2,18,6.4,0,Standard,486.71,36.56803929,23 Years and 2 Months,Yes,23.78387813,385.7174292,!@9#%8,276.125526,Standard,,,,,,,,,,,,
January,324,Tim Gaynorq,33,9349.475,772.1229167,6,6,19,9,"Debt Consolidation Loan, Payday Loan, Credit-Builder Loan, Auto Loan, Credit-Builder Loan, Home Equity Loan, Credit-Builder Loan, Payday Loan, and Mortgage Loan",41,18,24.98,9,Bad,4833.08,23.68663313,3 Years and 3 Months,Yes,52.06513502,35.73150545,LowspentLargevaluepayments,259.4156512,Standard,,,,,,,,,,,,
February,324,Tim Gaynorq,33,9349.475,772.1229167,6,6,19,9,"Debt Consolidation Loan, Payday Loan, Credit-Builder Loan, Auto Loan, Credit-Builder Loan, Home Equity Loan, Credit-Builder Loan, Payday Loan, and Mortgage Loan",39,16,24.98,9,Bad,4833.08,26.97107875,3 Years and 4 Months,Yes,52.06513502,46.56537263,!@9#%8,268.581784,Standard,,,,,,,,,,,,
March,324,Tim Gaynorq,33,9349.475,772.1229167,6,6,19,-100,"Debt Consolidation Loan, Payday Loan, Credit-Builder Loan, Auto Loan, Credit-Builder Loan, Home Equity Loan, Credit-Builder Loan, Payday Loan, and Mortgage Loan",39,17,24.98,9,Bad,4833.08,35.73122996,3 Years and 5 Months,Yes,52.06513502,16.8415769,HighspentMediumvaluepayments,258.3055797,Standard,,,,,,,,,,,,
April,324,Tim Gaynorq,33,9349.475,772.1229167,6,6,19,9,"Debt Consolidation Loan, Payday Loan, Credit-Builder Loan, Auto Loan, Credit-Builder Loan, Home Equity Loan, Credit-Builder Loan, Payday Loan, and Mortgage Loan",39,20,24.98,9,,4833.08,33.55276575,3 Years and 6 Months,Yes,52.06513502,47.13656835,LowspentSmallvaluepayments,268.0105883,Poor,,,,,,,,,,,,
May,324,Tim Gaynorq,33,9349.475,772.1229167,6,6,19,9,"Debt Consolidation Loan, Payday Loan, Credit-Builder Loan, Auto Loan, Credit-Builder Loan, Home Equity Loan, Credit-Builder Loan, Payday Loan, and Mortgage Loan",39,15,24.98,9,Bad,4833.08,34.89284185,3 Years and 7 Months,NM,52.06513502,37.78970502,LowspentSmallvaluepayments,277.3574516,Standard,,,,,,,,,,,,
June,324,Tim Gaynorq,33,9349.475,772.1229167,6,6,19,9,"Debt Consolidation Loan, Payday Loan, Credit-Builder Loan, Auto Loan, Credit-Builder Loan, Home Equity Loan, Credit-Builder Loan, Payday Loan, and Mortgage Loan",39,,24.98,9,Bad,4833.08,34.98613157,NA,Yes,52.06513502,39.58768095,LowspentMediumvaluepayments,265.5594757,Poor,,,,,,,,,,,,
July,324,Tim Gaynorq,33,9349.475,772.1229167,6,6,19,9,"Debt Consolidation Loan, Payday Loan, Credit-Builder Loan, Auto Loan, Credit-Builder Loan, Home Equity Loan, Credit-Builder Loan, Payday Loan, and Mortgage Loan",39,17,24.98,9,Bad,4833.08,37.10108513,3 Years and 9 Months,Yes,52.06513502,83.09591034,!@9#%8,232.0512463,Poor,,,,,,,,,,,,
August,324,Tim Gaynorq,33,9349.475,772.1229167,6,6,19,9,"Debt Consolidation Loan, Payday Loan, Credit-Builder Loan, Auto Loan, Credit-Builder Loan, Home Equity Loan, Credit-Builder Loan, Payday Loan, and Mortgage Loan",39,15,24.98,9,Bad,4833.08,29.17082469,3 Years and 10 Months,Yes,52.06513502,11.12510578,High_spent_Medium_value_payments,264.0220509,Poor,,,,,,,,,,,,
January,325,Andream,43,135115.44,11444.62,4,6,18,2,"Student Loan, and Student Loan",21,9,-3.58,0,Standard,269.46,35.74443414,18 Years and 5 Months,Yes,204.6182236,10000,HighspentLargevaluepayments,886.2938642,Standard,,,,,,,,,,,,
February,325,Andream,43,135115.44,11444.62,4,6,2232,2,"Student Loan, and Student Loan",17,9,1.42,0,Standard,269.46,34.85955013,18 Years and 6 Months,NM,204.6182236,1079.474357,LowspentSmallvaluepayments,150.3694199,Standard,,,,,,,,,,,,
March,325,Andream,43,135115.44,11444.62,4,6,18,2,"Student Loan, and Student Loan",16,11,1.42,0,Standard,269.46,31.24785577,NA,Yes,204.6182236,1048.397194,LowspentLargevaluepayments,161.4465826,Standard,,,,,,,,,,,,
April,325,Andream,44,135115.44,11444.62,4,6,18,2,"Student Loan, and Student Loan",21,9,1.42,2,Standard,269.46,31.68657487,18 Years and 8 Months,Yes,204.6182236,183.5209924,HighspentLargevaluepayments,996.322784,Poor,,,,,,,,,,,,
May,325,,44,135115.44,11444.62,4,6,18,2,"Student Loan, and Student Loan",17,9,1.42,2,Standard,269.46,39.6510773,18 Years and 9 Months,Yes,204.6182236,288.6554033,HighspentMediumvaluepayments,901.1883731,Standard,,,,,,,,,,,,
June,325,Andream,44,135115.44,11444.62,4,6,18,2,"Student Loan, and Student Loan",19,9,1.42,2,Standard,269.46,42.55547608,18 Years and 10 Months,NM,204.6182236,479.6036351,LowspentMediumvaluepayments,740.2401413,Poor,,,,,,,,,,,,
July,325,Andream,-500,135115.44,11444.62,4,6,18,2,"Student Loan, and Student Loan",17,9,1.42,2,Standard,269.46,33.76747181,18 Years and 11 Months,Yes,204.6182236,124.7215131,High_spent_Large_value_payments,1055.122263,Standard,,,,,,,,,,,,
August,325,Andream,44,135115.44,11444.62,4,6,18,2,"Student Loan, and Student Loan",17,9,1.42,2,Standard,269.46,27.12433363,19 Years and 0 Months,Yes,204.6182236,1113.506333,Low_spent_Medium_value_payments,106.3374433,Standard,,,,,,,,,,,,
January,326,Andreasm,34,66169.56,5799.13,8,6,12,3,"Payday Loan, Debt Consolidation Loan, and Not Specified",15,14,10.6,7,,198.53,31.52048941,25 Years and 3 Months,Yes,126.7894615,127.9396928,HighspentMediumvaluepayments,575.1838457,Standard,,,,,,,,,,,,
February,326,Andreasm,34,66169.56,5799.13,8,6,12,3,"Payday Loan, Debt Consolidation Loan, and Not Specified",15,14,10.6,7,Standard,198.53,28.37863502,25 Years and 4 Months,Yes,126.7894615,344.6720228,HighspentSmallvaluepayments,368.4515157,Standard,,,,,,,,,,,,
March,326,Andreasm,34,66169.56,5799.13,8,6,12,3,"Payday Loan, Debt Consolidation Loan, and Not Specified",10,14,10.6,7,Standard,198.53,30.29485373,25 Years and 5 Months,Yes,126.7894615,41.67108038,HighspentLargevaluepayments,651.4524581,Standard,,,,,,,,,,,,
April,326,Andreasm,34,66169.56,5799.13,8,6,12,3,"Payday Loan, Debt Consolidation Loan, and Not Specified",15,14,10.6,7,,198.53,40.01564884,25 Years and 6 Months,Yes,126.7894615,,LowspentLargevaluepayments,532.8750022,Standard,,,,,,,,,,,,
May,326,Andreasm,34,66169.56,5799.13,8,6,12,3,"Payday Loan, Debt Consolidation Loan, and Not Specified",15,14,10.6,7,Standard,198.53,27.6248603,25 Years and 7 Months,Yes,126.7894615,217.122165,LowspentMediumvaluepayments,516.0013735,Standard,,,,,,,,,,,,
June,326,Andreasm,34,66169.56,5799.13,8,6,12,3,"Payday Loan, Debt Consolidation Loan, and Not Specified",15,14,10.6,7,Standard,198.53,26.78424596,25 Years and 8 Months,Yes,126.7894615,484.2706322,LowspentLargevaluepayments,238.8529063,Standard,,,,,,,,,,,,
July,326,Andreasm,34,66169.56,5799.13,8,6,12,3,"Payday Loan, Debt Consolidation Loan, and Not Specified",16,16,_,7,Standard,198.53,35.03772353,NA,Yes,126.7894615,337.4486153,Low_spent_Large_value_payments,385.6749232,Standard,,,,,,,,,,,,
August,326,Andreasm,34,66169.56,5799.13,8,1141,12,3,"Payday Loan, Debt Consolidation Loan, and Not Specified",16,14,10.6,7,Standard,198.53,33.57758006,25 Years and 10 Months,Yes,126.7894615,186.1203788,Low_spent_Medium_value_payments,547.0031597,Standard,,,,,,,,,,,,
January,327,McCooll,43,56760.51,4999.0425,6,5,19,9,"Student Loan, Not Specified, Student Loan, Debt Consolidation Loan, Debt Consolidation Loan, Home Equity Loan, Payday Loan, Mortgage Loan, and Not Specified",43,24,25.7,11,Bad,4701.09,34.60750805,6 Years and 3 Months,NM,401.1213841,72.29548058,HighspentMediumvaluepayments,276.4873853,Poor,,,,,,,,,,,,
February,327,McCooll,44,56760.51,4999.0425,6,5,2200,9,"Student Loan, Not Specified, Student Loan, Debt Consolidation Loan, Debt Consolidation Loan, Home Equity Loan, Payday Loan, Mortgage Loan, and Not Specified",40,24,28.7,11,Bad,4701.09,31.71257459,6 Years and 4 Months,Yes,401.1213841,238.0492226,LowspentSmallvaluepayments,150.7336433,Poor,,,,,,,,,,,,
March,327,McCooll,44,56760.51,4999.0425,6,5,19,9,"Student Loan, Not Specified, Student Loan, Debt Consolidation Loan, Debt Consolidation Loan, Home Equity Loan, Payday Loan, Mortgage Loan, and Not Specified",41,27,28.7,,Bad,4701.09,33.56193533,6 Years and 5 Months,Yes,401.1213841,165.7624041,HighspentMediumvaluepayments,183.0204618,Poor,,,,,,,,,,,,
April,327,McCooll,44,56760.51,4999.0425,6,5,19,9,"Student Loan, Not Specified, Student Loan, Debt Consolidation Loan, Debt Consolidation Loan, Home Equity Loan, Payday Loan, Mortgage Loan, and Not Specified",43,24,28.7,11,Bad,4701.09,34.97457372,6 Years and 6 Months,Yes,401.1213841,55.91007241,HighspentMediumvaluepayments,292.8727935,Poor,,,,,,,,,,,,
May,327,McCooll,44,56760.51,4999.0425,6,5,19,9,"Student Loan, Not Specified, Student Loan, Debt Consolidation Loan, Debt Consolidation Loan, Home Equity Loan, Payday Loan, Mortgage Loan, and Not Specified",40,24,28.7,11,Bad,4701.09,34.25408858,NA,Yes,401.1213841,622.1943163,LowspentSmallvaluepayments,0,Poor,,,,,,,,,,,,
June,327,McCooll,44,56760.51,4999.0425,6,5,19,9,"Student Loan, Not Specified, Student Loan, Debt Consolidation Loan, Debt Consolidation Loan, Home Equity Loan, Payday Loan, Mortgage Loan, and Not Specified",40,24,28.7,12,Bad,4701.09,36.77028101,6 Years and 8 Months,Yes,401.1213841,459.1717358,LowspentSmallvaluepayments,0,Poor,,,,,,,,,,,,
July,327,McCooll,44,56760.51,4999.0425,6,5,19,-100,"Student Loan, Not Specified, Student Loan, Debt Consolidation Loan, Debt Consolidation Loan, Home Equity Loan, Payday Loan, Mortgage Loan, and Not Specified",40,24,28.7,12,Bad,4701.09,36.16969254,6 Years and 9 Months,NM,401.1213841,125.7158428,High_spent_Medium_value_payments,223.0670231,Poor,,,,,,,,,,,,
August,327,McCooll,44,56760.51,4999.0425,6,5,19,9,"Student Loan, Not Specified, Student Loan, Debt Consolidation Loan, Debt Consolidation Loan, Home Equity Loan, Payday Loan, Mortgage Loan, and Not Specified",40,24,28.7,12,Bad,4701.09,36.30890336,6 Years and 10 Months,Yes,401.1213841,33.64875615,!@9#%8,305.1341097,Poor,,,,,,,,,,,,
January,328,Elvina Nawagunaq,32,108223.62,8775.635,5,6,7,2,"Not Specified, and Not Specified",9,13,11.53,3,,977.19,34.30884371,26 Years and 9 Months,Yes,127.9292135,1134.73594,LowspentSmallvaluepayments,0,Standard,,,,,,,,,,,,
February,328,Elvina Nawagunaq,32,108223.62,8775.635,5,6,7,2,"Not Specified, and Not Specified",9,12,11.53,3,Standard,977.19,35.38110109,26 Years and 10 Months,Yes,127.9292135,227.8256118,HighspentLargevaluepayments,761.8086747,Standard,,,,,,,,,,,,
March,328,Elvina Nawagunaq,32,108223.62,8775.635,5,6,7,2,"Not Specified, and Not Specified",9,12,11.53,3,,977.19,29.16380909,26 Years and 11 Months,Yes,127.9292135,314.8937787,LowspentSmallvaluepayments,724.7405078,Standard,,,,,,,,,,,,
April,328,Elvina Nawagunaq,32,108223.62,8775.635,5,6,7,2,"Not Specified, and Not Specified",9,12,11.53,3,Standard,977.19,31.20278392,27 Years and 0 Months,Yes,127.9292135,159.7722026,HighspentLargevaluepayments,829.8620839,Standard,,,,,,,,,,,,
May,328,Elvina Nawagunaq,32,108223.62,8775.635,5,6,7,2,"Not Specified, and Not Specified",10,14,11.53,3,,977.19,37.18354611,27 Years and 1 Months,Yes,127.9292135,218.2998588,HighspentLargevaluepayments,771.3344277,Standard,,,,,,,,,,,,
June,328,Elvina Nawagunaq,32,108223.62,8775.635,5,6,7,2,"Not Specified, and Not Specified",9,12,11.53,3,Standard,977.19,32.83578984,27 Years and 2 Months,Yes,127.9292135,538.8080231,LowspentSmallvaluepayments,500.8262634,Standard,,,,,,,,,,,,
July,328,Elvina Nawagunaq,32,108223.62,8775.635,5,6,7,2_,"Not Specified, and Not Specified",9,12,11.53,3,Standard,977.19,33.70247542,27 Years and 3 Months,Yes,127.9292135,598.2489361,Low_spent_Medium_value_payments,431.3853504,Standard,,,,,,,,,,,,
August,328,Elvina Nawagunaq,33,108223.62,8775.635,5,6,7,2,"Not Specified, and Not Specified",9,12,11.53,3,Standard,977.19,34.48869368,27 Years and 4 Months,Yes,127.9292135,304.67347,High_spent_Medium_value_payments,694.9608165,Standard,,,,,,,,,,,,
January,329,Sarah N.h,31,53098.47,4197.8725,9,7,24,8,"Payday Loan, Student Loan, Auto Loan, Mortgage Loan, Auto Loan, Payday Loan, Mortgage Loan, and Payday Loan",47,19,10.47,11,Bad,3403.23,27.42572763,13 Years and 2 Months,Yes,270.2026196,51.2605352,!@9#%8,338.3240952,Poor,,,,,,,,,,,,
February,329,Sarah N.h,31,53098.47,4197.8725,9,7,24,8,"Payday Loan, Student Loan, Auto Loan, Mortgage Loan, Auto Loan, Payday Loan, Mortgage Loan, and Payday Loan",44,19,16.47,11,Bad,3403.23,30.88697281,13 Years and 3 Months,Yes,5423,10000,LowspentLargevaluepayments,138.9406535,Poor,,,,,,,,,,,,
March,329,Sarah N.h,31,53098.47,4197.8725,9,7,24,8,"Payday Loan, Student Loan, Auto Loan, Mortgage Loan, Auto Loan, Payday Loan, Mortgage Loan, and Payday Loan",44,19,16.47,11,Bad,3403.23,38.45881035,13 Years and 4 Months,Yes,270.2026196,169.2463396,HighspentSmallvaluepayments,240.3382907,Standard,,,,,,,,,,,,
April,329,Sarah N.h,31,53098.47,4197.8725,9,7,24,8,"Payday Loan, Student Loan, Auto Loan, Mortgage Loan, Auto Loan, Payday Loan, Mortgage Loan, and Payday Loan",48,19,16.47,11,,3403.23,32.91510969,13 Years and 5 Months,Yes,270.2026196,,HighspentMediumvaluepayments,308.2985357,Poor,,,,,,,,,,,,
May,329,Sarah N.h,31,53098.47,4197.8725,9,7,24,444,"Payday Loan, Student Loan, Auto Loan, Mortgage Loan, Auto Loan, Payday Loan, Mortgage Loan, and Payday Loan",45,16,16.47,11,Bad,3403.23,24.05961625,13 Years and 6 Months,Yes,270.2026196,238.3533639,!@9#%8,201.2312665,Poor,,,,,,,,,,,,
June,329,Sarah N.h,31,53098.47,4197.8725,9,7,3067,8,"Payday Loan, Student Loan, Auto Loan, Mortgage Loan, Auto Loan, Payday Loan, Mortgage Loan, and Payday Loan",44,19,16.47,11,Bad,3403.23,35.76150911,13 Years and 7 Months,NM,270.2026196,358.2013433,LowspentLargevaluepayments,61.38328711,Poor,,,,,,,,,,,,
July,329,Sarah N.h,31,53098.47,4197.8725,9,7,24,8,"Payday Loan, Student Loan, Auto Loan, Mortgage Loan, Auto Loan, Payday Loan, Mortgage Loan, and Payday Loan",42,19,22.47,,Bad,3403.23,24.53176584,13 Years and 8 Months,Yes,270.2026196,,Low_spent_Small_value_payments,0,Poor,,,,,,,,,,,,
August,329,Sarah N.h,31,53098.47,4197.8725,9,7,24,8,"Payday Loan, Student Loan, Auto Loan, Mortgage Loan, Auto Loan, Payday Loan, Mortgage Loan, and Payday Loan",49,21,16.47,11,_,3403.23,36.8532072,13 Years and 9 Months,Yes,270.2026196,113.9376065,!@9#%8,285.6470238,Standard,,,,,,,,,,,,
January,330,Henry Foye,54,17853.5,1226.791667,5,4,12,2,"Credit-Builder Loan, and Not Specified",14,10,1.95,2,,990.35,36.48677323,19 Years and 10 Months,NM,18.02270353,87.85641268,LowspentSmallvaluepayments,306.8000505,Good,,,,,,,,,,,,
February,330,Henry Foye,54,17853.5,1226.791667,5,4,12,2,"Credit-Builder Loan, and Not Specified",13,12,,2,Good,990.35,30.65523168,19 Years and 11 Months,No,18.02270353,54.08347267,LowspentLargevaluepayments,320.5729905,Good,,,,,,,,,,,,
March,330,Henry Foye,54,17853.5,1226.791667,5,4,12,-100,"Credit-Builder Loan, and Not Specified",13,12,1.95,2,,990.35,26.46739144,20 Years and 0 Months,No,18.02270353,116.2828953,LowspentSmallvaluepayments,278.3735679,Good,,,,,,,,,,,,
April,330,Henry Foye,54,17853.5,1226.791667,5,4,12,2,"Credit-Builder Loan, and Not Specified",13,7,-0.05,2,Good,990.35,37.48163022,20 Years and 1 Months,NM,18.02270353,80.95095566,LowspentSmallvaluepayments,313.7055075,Good,,,,,,,,,,,,
May,330,Henry Foye,54,17853.5,1226.791667,5,4,12,2,"Credit-Builder Loan, and Not Specified",13,8,1.95,2,Good,990.35,38.46016677,20 Years and 2 Months,No,18.02270353,75.73728609,LowspentMediumvaluepayments,308.919177,Good,,,,,,,,,,,,
June,330,Henry Foye,54,17853.5,1226.791667,5,4,12,2,"Credit-Builder Loan, and Not Specified",13,13,1.95,4,Good,990.35,27.5938286,20 Years and 3 Months,No,18.02270353,106.6376179,LowspentLargevaluepayments,268.0188452,Good,,,,,,,,,,,,
July,330,Henry Foye,54_,17853.5,1226.791667,5,4,12,2,"Credit-Builder Loan, and Not Specified",13,10,1.95,4,Good,990.35,23.64339482,20 Years and 4 Months,No,18.02270353,149.852762,Low_spent_Small_value_payments,244.8037011,Good,,,,,,,,,,,,
August,330,Henry Foye,54,17853.5,1226.791667,5,4,12,2,"Credit-Builder Loan, and Not Specified",13,10,1.95,4,Good,990.35,27.92985442,NA,No,18.02270353,129.8779599,Low_spent_Small_value_payments,264.7785032,Good,,,,,,,,,,,,
January,331,Johns,19,16813.54,1101.128333,8,10,33,8,"Not Specified, Payday Loan, Mortgage Loan, Credit-Builder Loan, Personal Loan, Payday Loan, Debt Consolidation Loan, and Payday Loan",15,19,11.19,12,Bad,3520.79,32.13503693,10 Years and 7 Months,NM,92.94111494,52.0155821,LowspentSmallvaluepayments,255.1561363,Poor,,,,,,,,,,,,
February,331,Johns,19,16813.54,1101.128333,8,10,33,8,"Not Specified, Payday Loan, Mortgage Loan, Credit-Builder Loan, Personal Loan, Payday Loan, Debt Consolidation Loan, and Payday Loan",19,20,5.19,12,Bad,3520.79,32.53949628,10 Years and 8 Months,Yes,92.94111494,99.935238,LowspentLargevaluepayments,187.2364804,Poor,,,,,,,,,,,,
March,331,,19,16813.54,1101.128333,1748,10,33,8,"Not Specified, Payday Loan, Mortgage Loan, Credit-Builder Loan, Personal Loan, Payday Loan, Debt Consolidation Loan, and Payday Loan",19,16,5.19,12,,3520.79,36.73631362,10 Years and 9 Months,Yes,92.94111494,130.6624524,!@9#%8,176.509266,Poor,,,,,,,,,,,,
April,331,Johns,19,16813.54,1101.128333,8,10,33,8,"Not Specified, Payday Loan, Mortgage Loan, Credit-Builder Loan, Personal Loan, Payday Loan, Debt Consolidation Loan, and Payday Loan",19,18,5.19,12,Bad,3520.79,23.56129771,10 Years and 10 Months,Yes,92.94111494,59.16643489,LowspentSmallvaluepayments,248.0052835,Standard,,,,,,,,,,,,
May,331,Johns,19,16813.54,1101.128333,8,10,33,8,"Not Specified, Payday Loan, Mortgage Loan, Credit-Builder Loan, Personal Loan, Payday Loan, Debt Consolidation Loan, and Payday Loan",19,18,5.19,12,,3520.79,28.31513605,NA,Yes,92.94111494,124.498427,LowspentSmallvaluepayments,182.6732914,Poor,,,,,,,,,,,,
June,331,Johns,19,16813.54,1101.128333,8,10,33,8,"Not Specified, Payday Loan, Mortgage Loan, Credit-Builder Loan, Personal Loan, Payday Loan, Debt Consolidation Loan, and Payday Loan",19,16,5.19,12,Bad,3520.79,24.37168979,11 Years and 0 Months,NM,27369,101.6904418,LowspentSmallvaluepayments,205.4812766,Poor,,,,,,,,,,,,
July,331,Johns,19,16813.54_,1101.128333,8,10,33,8,"Not Specified, Payday Loan, Mortgage Loan, Credit-Builder Loan, Personal Loan, Payday Loan, Debt Consolidation Loan, and Payday Loan",23,18,5.19,12,_,3520.79,39.26459637,11 Years and 1 Months,Yes,92.94111494,55.18515803,!@9#%8,251.9865604,Standard,,,,,,,,,,,,
August,331,Johns,19,16813.54,1101.128333,8,10,33,8,"Not Specified, Payday Loan, Mortgage Loan, Credit-Builder Loan, Personal Loan, Payday Loan, Debt Consolidation Loan, and Payday Loan",23,20,5.19,17,Bad,3520.79,34.38690439,11 Years and 2 Months,Yes,92.94111494,118.4912075,Low_spent_Small_value_payments,188.6805109,Poor,,,,,,,,,,,,
January,332,Malathi Nayakw,43,68665.76,5619.146667,7,6,73,7,"Mortgage Loan, Student Loan, Credit-Builder Loan, Payday Loan, Credit-Builder Loan, Personal Loan, and Home Equity Loan",6,20,7.05,8,Standard,420.02,38.63061576,12 Years and 1 Months,Yes,329.6660619,315.9726071,LowspentMediumvaluepayments,196.2759976,Standard,,,,,,,,,,,,
February,332,Malathi Nayakw,43,68665.76,5619.146667,7,6,13,7,"Mortgage Loan, Student Loan, Credit-Builder Loan, Payday Loan, Credit-Builder Loan, Personal Loan, and Home Equity Loan",11,20,7.05,8,Standard,420.02,31.5451192,12 Years and 2 Months,Yes,329.6660619,180.8168859,HighspentMediumvaluepayments,301.4317189,Standard,,,,,,,,,,,,
March,332,Malathi Nayakw,43,68665.76,5619.146667,7,6,13,7,"Mortgage Loan, Student Loan, Credit-Builder Loan, Payday Loan, Credit-Builder Loan, Personal Loan, and Home Equity Loan",11,23,7.05,8,Standard,420.02,32.25378233,12 Years and 3 Months,Yes,329.6660619,635.5601402,LowspentSmallvaluepayments,0,Standard,,,,,,,,,,,,
April,332,Malathi Nayakw,43,68665.76,5619.146667,7,6,13,7,"Mortgage Loan, Student Loan, Credit-Builder Loan, Payday Loan, Credit-Builder Loan, Personal Loan, and Home Equity Loan",11,20,7.05,8,Standard,420.02,35.79469564,12 Years and 4 Months,Yes,329.6660619,434.9668892,LowspentSmallvaluepayments,87.28171557,Standard,,,,,,,,,,,,
May,332,Malathi Nayakw,43,68665.76,5619.146667,7,6,13,7,"Mortgage Loan, Student Loan, Credit-Builder Loan, Payday Loan, Credit-Builder Loan, Personal Loan, and Home Equity Loan",11,20,7.05,11,,420.02,40.94151457,NA,NM,329.6660619,118.6102026,HighspentMediumvaluepayments,363.6384021,Standard,,,,,,,,,,,,
June,332,Malathi Nayakw,43,68665.76,5619.146667,7,6,13,7,"Mortgage Loan, Student Loan, Credit-Builder Loan, Payday Loan, Credit-Builder Loan, Personal Loan, and Home Equity Loan",11,20,7.05,11,Standard,420.02,24.42680103,12 Years and 6 Months,Yes,329.6660619,281.7888045,HighspentSmallvaluepayments,210.4598003,Standard,,,,,,,,,,,,
July,332,Malathi Nayakw,43,68665.76,5619.146667,7,6,13,7,"Mortgage Loan, Student Loan, Credit-Builder Loan, Payday Loan, Credit-Builder Loan, Personal Loan, and Home Equity Loan",11,17,7.05,11,Standard,420.02,35.50996605,12 Years and 7 Months,Yes,329.6660619,218.3815451,Low_spent_Small_value_payments,303.8670597,Poor,,,,,,,,,,,,
August,332,Malathi Nayakw,43,68665.76,5619.146667,7,6,13,7,"Mortgage Loan, Student Loan, Credit-Builder Loan, Payday Loan, Credit-Builder Loan, Personal Loan, and Home Equity Loan",11,20,7.05,11,Standard,420.02,36.20769209,12 Years and 8 Months,Yes,329.6660619,201.1802948,Low_spent_Small_value_payments,321.0683099,Standard,,,,,,,,,,,,
January,333,Dena Aubing,20,22500.52,1770.043333,5,3,19,5,"Payday Loan, Home Equity Loan, Mortgage Loan, Debt Consolidation Loan, and Personal Loan",19,16,16.61,7,Standard,864.7,34.6659351,12 Years and 3 Months,Yes,65.02102612,174.4491265,LowspentSmallvaluepayments,227.5341807,Standard,,,,,,,,,,,,
February,333,Dena Aubing,20,22500.52,1770.043333,5,3,19,5,"Payday Loan, Home Equity Loan, Mortgage Loan, Debt Consolidation Loan, and Personal Loan",14,14,16.61,7,Standard,864.7,27.02276475,12 Years and 4 Months,Yes,65.02102612,41.79090909,HighspentSmallvaluepayments,330.1923981,Standard,,,,,,,,,,,,
March,333,,21,22500.52,1770.043333,5,780,19,5,"Payday Loan, Home Equity Loan, Mortgage Loan, Debt Consolidation Loan, and Personal Loan",14,16,16.61,7,Standard,864.7,35.32607566,12 Years and 5 Months,Yes,65.02102612,197.73304,LowspentSmallvaluepayments,204.2502672,Standard,,,,,,,,,,,,
April,333,,21,22500.52,1770.043333,5,3,19,5,"Payday Loan, Home Equity Loan, Mortgage Loan, Debt Consolidation Loan, and Personal Loan",15,13,15.61,7,,864.7,26.85868224,12 Years and 6 Months,NM,12996,51.09396182,HighspentSmallvaluepayments,320.8893454,Standard,,,,,,,,,,,,
May,333,Dena Aubing,21,22500.52,1770.043333,5,3,19,5,"Payday Loan, Home Equity Loan, Mortgage Loan, Debt Consolidation Loan, and Personal Loan",14,17,11.61,7,Standard,864.7,28.83576174,12 Years and 7 Months,Yes,65.02102612,52.28291318,HighspentSmallvaluepayments,319.700394,Good,,,,,,,,,,,,
June,333,Dena Aubing,21,22500.52,1770.043333,5,3,19,5,"Payday Loan, Home Equity Loan, Mortgage Loan, Debt Consolidation Loan, and Personal Loan",14,16,20.61,8,Standard,864.7,39.42229751,12 Years and 8 Months,NM,65.02102612,57.08209535,HighspentMediumvaluepayments,304.9012119,Good,,,,,,,,,,,,
July,333,Dena Aubing,21,22500.52,1770.043333,5,3,19,5,"Payday Loan, Home Equity Loan, Mortgage Loan, Debt Consolidation Loan, and Personal Loan",14,16,16.61,8,Standard,864.7,23.52178686,12 Years and 9 Months,Yes,65.02102612,66.55757765,High_spent_Medium_value_payments,295.4257296,Good,,,,,,,,,,,,
August,333,Dena Aubing,21,22500.52,,5,3,19,5_,"Payday Loan, Home Equity Loan, Mortgage Loan, Debt Consolidation Loan, and Personal Loan",14,,16.61,8,Standard,864.7,33.08629049,12 Years and 10 Months,Yes,65.02102612,99.76825098,Low_spent_Medium_value_payments,292.2150562,Good,,,,,,,,,,,,
January,334,Valetkevitchu,42,15305.46,1230.455,0,7,2,2,"Student Loan, and Home Equity Loan",15,2,3.95,0,,642.42,37.76381085,15 Years and 2 Months,No,20.30165387,132.3098739,LowspentSmallvaluepayments,260.4339722,Standard,,,,,,,,,,,,
February,334,Valetkevitchu,42,15305.46,1230.455,0,7,2,2,"Student Loan, and Home Equity Loan",14,,10.95,0,,642.42,34.49804409,15 Years and 3 Months,No,20.30165387,75.64273717,LowspentSmallvaluepayments,317.101109,Standard,,,,,,,,,,,,
March,334,Valetkevitchu,42,15305.46,1230.455,0,7,2,2,"Student Loan, and Home Equity Loan",14,2,10.95,0,Good,642.42,36.35520068,15 Years and 4 Months,No,20.30165387,103.4551466,LowspentSmallvaluepayments,289.2886995,Standard,,,,,,,,,,,,
April,334,Valetkevitchu,42,15305.46,1230.455,0,7,2,2,"Student Loan, and Home Equity Loan",14,2,10.95,0,Good,642.42,34.79348795,15 Years and 5 Months,NM,20.30165387,160.2879817,LowspentSmallvaluepayments,232.4558644,Standard,,,,,,,,,,,,
May,334,Valetkevitchu,43,15305.46,1230.455,0,7,2,2,"Student Loan, and Home Equity Loan",14,-1,10.95,0,Good,642.42,32.6711522,15 Years and 6 Months,No,20.30165387,,LowspentLargevaluepayments,333.4204666,Standard,,,,,,,,,,,,
June,334,Valetkevitchu,43,15305.46,1230.455,0,7,2,2,"Student Loan, and Home Equity Loan",14,2,10.95,0,Good,642.42,39.32159761,15 Years and 7 Months,No,20.30165387,79.00742355,LowspentSmallvaluepayments,313.7364226,Standard,,,,,,,,,,,,
July,334,Valetkevitchu,43,15305.46,1230.455,0,7,2,2,"Student Loan, and Home Equity Loan",14,5,10.95,0,Good,642.42,31.73524137,15 Years and 8 Months,No,20.30165387,77.37640893,Low_spent_Small_value_payments,315.3674372,Standard,,,,,,,,,,,,
August,334,Valetkevitchu,43,15305.46,1230.455,0,7,2,2,"Student Loan, and Home Equity Loan",14,2,15.95,0,Good,642.42_,27.52511298,15 Years and 9 Months,No,20.30165387,64.77848008,Low_spent_Small_value_payments,327.9653661,Standard,,,,,,,,,,,,
January,335,,14,15544.47,1230.455,8,5,32,5,"Mortgage Loan, Debt Consolidation Loan, Debt Consolidation Loan, Credit-Builder Loan, and Not Specified",34,23,25.11,8,Bad,2909.71,36.72950022,NA,Yes,35.2567983,26.46895035,HighspentMediumvaluepayments,291.3115014,Standard,,,,,,,,,,,,
February,335,Masond,14,15544.47,1030.3725,8,5,32,5,"Mortgage Loan, Debt Consolidation Loan, Debt Consolidation Loan, Credit-Builder Loan, and Not Specified",34,23,25.11,8,Bad,2909.71,30.88178096,1 Years and 4 Months,Yes,35.2567983,129.7135339,!@9#%8,228.0669178,Standard,,,,,,,,,,,,
March,335,Masond,14,15544.47,1030.3725,8,5,32,5,"Mortgage Loan, Debt Consolidation Loan, Debt Consolidation Loan, Credit-Builder Loan, and Not Specified",38,26,25.11,8,Bad,2909.71,37.21163915,1 Years and 5 Months,Yes,35.2567983,87.09076722,LowspentSmallvaluepayments,270.6896845,Standard,,,,,,,,,,,,
April,335,Masond,14,15544.47,1030.3725,8,5,32,5,"Mortgage Loan, Debt Consolidation Loan, Debt Consolidation Loan, Credit-Builder Loan, and Not Specified",34,26,25.11,,Bad,2909.71,34.03557395,1 Years and 6 Months,Yes,35.2567983,125.2340647,LowspentSmallvaluepayments,232.546387,Standard,,,,,,,,,,,,
May,335,Masond,14,15544.47,1030.3725,8,5,32,5,"Mortgage Loan, Debt Consolidation Loan, Debt Consolidation Loan, Credit-Builder Loan, and Not Specified",34,23,25.11,8,Bad,2909.71,24.46833339,1 Years and 7 Months,Yes,35.2567983,135.0161817,LowspentSmallvaluepayments,222.76427,Standard,,,,,,,,,,,,
June,335,Masond,14,15544.47,1030.3725,8,5,32,5,"Mortgage Loan, Debt Consolidation Loan, Debt Consolidation Loan, Credit-Builder Loan, and Not Specified",34,22,25.11,8,Bad,2909.71,34.42975239,1 Years and 8 Months,Yes,35.2567983,72.24402102,LowspentSmallvaluepayments,285.5364307,Standard,,,,,,,,,,,,
July,335,,14_,15544.47,1030.3725,8,5,32,5,"Mortgage Loan, Debt Consolidation Loan, Debt Consolidation Loan, Credit-Builder Loan, and Not Specified",34,23,25.11,12,Bad,2909.71,35.66331297,1 Years and 9 Months,Yes,35.2567983,,Low_spent_Small_value_payments,316.7005795,Standard,,,,,,,,,,,,
August,335,Masond,14,15544.47,1030.3725,8,5,32,5,"Mortgage Loan, Debt Consolidation Loan, Debt Consolidation Loan, Credit-Builder Loan, and Not Specified",34,21,25.11,12,_,2909.71,25.11304226,1 Years and 10 Months,NM,35.2567983,82.32418188,Low_spent_Medium_value_payments,265.4562698,Standard,,,,,,,,,,,,
January,336,Suzanneb,50,99089.52,8309.46,5,1,9,-100,Personal Loan,0,1,8.66,2,Good,338.95,29.17466092,NA,NM,57.16122949,670.0521236,LowspentMediumvaluepayments,383.7326469,Good,,,,,,,,,,,,
February,336,Suzanneb,50,99089.52,8309.46,5,1,9,1,Personal Loan,4,,8.66,2,Good,338.95,38.07573563,32 Years and 9 Months,No,57.16122949,645.614654,LowspentMediumvaluepayments,408.1701165,Good,,,,,,,,,,,,
March,336,Suzanneb,50,99089.52,8309.46,5,1052,9,1,Personal Loan,4,1,9.66,2,Good,338.95,37.49406279,32 Years and 10 Months,No,53087,402.917018,LowspentMediumvaluepayments,650.8677525,Standard,,,,,,,,,,,,
April,336,Suzanneb,50,99089.52,8309.46,5,1,9,1,Personal Loan,4,1,14.66,2,,338.95,36.22652948,32 Years and 11 Months,No,57.16122949,846.3415521,LowspentMediumvaluepayments,207.4432184,Good,,,,,,,,,,,,
May,336,Suzanneb,50,9374962,8309.46,5,1,9,1,Personal Loan,4,-1,8.66,2,Good,338.95,42.51529121,NA,No,57.16122949,147.803693,HighspentLargevaluepayments,865.9810775,Good,,,,,,,,,,,,
June,336,,50,99089.52,8309.46,5,1,9,1,Personal Loan,-1,-2,8.66,2,Good,338.95,29.88711686,33 Years and 1 Months,No,57.16122949,408.9073828,LowspentMediumvaluepayments,644.8773877,Good,,,,,,,,,,,,
July,336,,50,99089.52,8309.46,5,1,9,1,Personal Loan,4,-2,8.66,2,Good,338.95,25.55762236,33 Years and 2 Months,No,57.16122949,10000,High_spent_Small_value_payments,585.689871,Good,,,,,,,,,,,,
August,336,Suzanneb,50,99089.52,8309.46,5,1,9,1,Personal Loan,4,-1,8.66,2,Good,338.95,27.28513949,33 Years and 3 Months,No,57.16122949,124.2227242,High_spent_Large_value_payments,889.5620464,Standard,,,,,,,,,,,,
January,337,Suzanneh,22,9307.24,8309.46,4,3,15,3,"Credit-Builder Loan, Personal Loan, and Home Equity Loan",21,,5.78,5,,486.05,32.39622858,11 Years and 3 Months,Yes,20.88719603,10000,LowspentSmallvaluepayments,259.0623706,Standard,,,,,,,,,,,,
February,337,,23,9307.24,8309.46,4,900,15,3,"Credit-Builder Loan, Personal Loan, and Home Equity Loan",19,12,12.78,5,Standard,486.05,39.80424325,11 Years and 4 Months,NM,20.88719603,43.86994874,LowspentLargevaluepayments,306.6031886,Standard,,,,,,,,,,,,
March,337,Suzanneh,23,9307.24,1013.603333,4,3,15,3,"Credit-Builder Loan, Personal Loan, and Home Equity Loan",23,12,13.78,5,Standard,486.05,34.550703,NA,Yes,20.88719603,53.74478574,LowspentMediumvaluepayments,306.7283516,Standard,,,,,,,,,,,,
April,337,Suzanneh,23,9307.24,1013.603333,4,3,15,3,"Credit-Builder Loan, Personal Loan, and Home Equity Loan",23,13,12.78,5,,486.05,30.85429745,11 Years and 6 Months,Yes,20.88719603,44.68282975,LowspentLargevaluepayments,305.7903075,Standard,,,,,,,,,,,,
May,337,Suzanneh,23,9307.24,1013.603333,4,3,15,3,"Credit-Builder Loan, Personal Loan, and Home Equity Loan",28,15,12.78,5,Standard,486.05,32.84606547,11 Years and 7 Months,Yes,20.88719603,43.91726929,LowspentMediumvaluepayments,316.555868,Standard,,,,,,,,,,,,
June,337,Suzanneh,23,9307.24,1013.603333,4,3,15,3,"Credit-Builder Loan, Personal Loan, and Home Equity Loan",23,14,12.78,5,Standard,486.05,25.13319496,11 Years and 8 Months,Yes,20.88719603,101.3431312,LowspentSmallvaluepayments,269.1300061,Standard,,,,,,,,,,,,
July,337,Suzanneh,23,9307.24,1013.603333,4,3,15,3,"Credit-Builder Loan, Personal Loan, and Home Equity Loan",26,12,12.78,5,Standard,486.05,28.07552838,11 Years and 9 Months,Yes,20.88719603,74.69621464,Low_spent_Small_value_payments,295.7769227,Standard,,,,,,,,,,,,
August,337,Suzanneh,23,9307.24,1013.603333,4,3,15,3,"Credit-Builder Loan, Personal Loan, and Home Equity Loan",23,14,12.78,5,Standard,486.05,30.81504514,11 Years and 10 Months,Yes,20.88719603,135.6603146,Low_spent_Small_value_payments,234.8128227,Standard,,,,,,,,,,,,
January,338,Pedro Nicolacim,41,134316.2,11429.01667,8,3,11,0,,25,14,16.5,4,Standard,1383.6,27.41588318,19 Years and 5 Months,Yes,0,1027.04614,LowspentMediumvaluepayments,395.8555268,Standard,,,,,,,,,,,,
February,338,Pedro Nicolacim,41,134316.2,11429.01667,8,3,11,0,,23,14,16.5,4,Standard,1383.6,41.76865775,19 Years and 6 Months,Yes,0,840.1671469,LowspentMediumvaluepayments,582.7345197,Standard,,,,,,,,,,,,
March,338,Pedro Nicolacim,42,134316.2,11429.01667,8,3,11,0,,23,14,16.5,89,Standard,1383.6,44.59204849,NA,Yes,0,273.3993688,HighspentLargevaluepayments,1109.502298,Standard,,,,,,,,,,,,
April,338,Pedro Nicolacim,42,134316.2,11429.01667,8,3,11,0,,23,17,16.5,4,Standard,1383.6,24.62768676,19 Years and 8 Months,Yes,0,889.4561242,LowspentSmallvaluepayments,543.4455425,Standard,,,,,,,,,,,,
May,338,Pedro Nicolacim,42,134316.2,11429.01667,8,3,11,0,,23,15,21.5,4,Standard,1383.6,37.96156962,19 Years and 9 Months,Yes,0,277.3982484,HighspentLargevaluepayments,1105.503418,Standard,,,,,,,,,,,,
June,338,,42,134316.2,11429.01667,8,3,11,0,,23,14,16.5,4,Standard,1383.6,27.1412206,NA,Yes,0,1034.636518,LowspentLargevaluepayments,378.2651484,Standard,,,,,,,,,,,,
July,338,Pedro Nicolacim,42,134316.2,,8,3,11,0,,23,11,21.5,4,_,1383.6,31.19881164,19 Years and 11 Months,Yes,0,428.4031995,High_spent_Small_value_payments,974.4984671,Standard,,,,,,,,,,,,
August,338,Pedro Nicolacim,42,134316.2,11429.01667,8,3,11,0,,21,16,16.5,4,_,1383.6,35.34856501,20 Years and 0 Months,Yes,0,383.030072,High_spent_Medium_value_payments,1009.871595,Standard,,,,,,,,,,,,
January,339,Zhou Xiny,39,38685.98,3360.831667,1,5,3,2,"Mortgage Loan, and Mortgage Loan",10,12,-4.76,829,Good,1340.41,36.50312515,29 Years and 5 Months,No,52.60251521,148.4273514,LowspentSmallvaluepayments,425.0533,Good,,,,,,,,,,,,
February,339,Zhou Xiny,39,38685.98,3360.831667,1,5,3,2,"Mortgage Loan, and Mortgage Loan",6,12,1.24,4,Good,1340.41,38.50561558,29 Years and 6 Months,No,52.60251521,10000,HighspentMediumvaluepayments,476.6012845,Good,,,,,,,,,,,,
March,339,Zhou Xiny,39,38685.98,3360.831667,1,5,3,2,"Mortgage Loan, and Mortgage Loan",6,9,-1.76,5,Good,1340.41,34.13396548,29 Years and 7 Months,No,52.60251521,448.4877945,!@9#%8,124.9928569,Good,,,,,,,,,,,,
April,339,Zhou Xiny,40,38685.98,3360.831667,1,5,3,2,"Mortgage Loan, and Mortgage Loan",7,12,1.24,5,Good,1340.41,25.52958446,29 Years and 8 Months,No,52.60251521,205.4115205,LowspentLargevaluepayments,348.0691309,Good,,,,,,,,,,,,
May,339,Zhou Xiny,40,38685.98,3360.831667,1,5,3,2,"Mortgage Loan, and Mortgage Loan",11,12,1.24,,Good,1340.41,33.7293762,29 Years and 9 Months,No,52.60251521,89.7804197,LowspentLargevaluepayments,463.7002318,Good,,,,,,,,,,,,
June,339,Zhou Xiny,40,38685.98,3360.831667,1,5,3,2,"Mortgage Loan, and Mortgage Loan",6,12,1.24,5,Good,1340.41,35.05704373,29 Years and 10 Months,No,52.60251521,174.6612873,HighspentSmallvaluepayments,368.8193641,Standard,,,,,,,,,,,,
July,339,Zhou Xiny,40,38685.98,3360.831667,1,5,3,2,"Mortgage Loan, and Mortgage Loan",8,12,1.24,5,Good,1340.41,26.91528196,29 Years and 11 Months,NM,52.60251521,128.4851619,High_spent_Small_value_payments,414.9954896,Good,,,,,,,,,,,,
August,339,Zhou Xiny,40,38685.98,3360.831667,1,5,3,2,"Mortgage Loan, and Mortgage Loan",6,12,1.24,5,Good,1340.41,24.11514578,30 Years and 0 Months,No,37469,451.8558432,!@9#%8,121.6248083,Good,,,,,,,,,,,,
January,340,Volcovicif,22,69933.98,5561.831667,8,7,5,2,"Auto Loan, and Home Equity Loan",8,10,5.11,2,Standard,1446.37,28.44219112,18 Years and 2 Months,Yes,86.4011582,262.1556232,LowspentSmallvaluepayments,497.6263853,Standard,,,,,,,,,,,,
February,340,Volcovicif,22,69933.98,5561.831667,8,7,5,2,"Auto Loan, and Home Equity Loan",7,10,8.11,2,Standard,1446.37,28.92677698,18 Years and 3 Months,Yes,86.4011582,71.40054764,HighspentMediumvaluepayments,648.3814608,Standard,,,,,,,,,,,,
March,340,Volcovicif,23,69933.98,5561.831667,8,7,5,2,"Auto Loan, and Home Equity Loan",8,10,8.11,5,Standard,1446.37,30.60913067,18 Years and 4 Months,NM,86.4011582,290.5051451,LowspentLargevaluepayments,449.2768634,Standard,,,,,,,,,,,,
April,340,Volcovicif,23,69933.98,5561.831667,8,7,2197,2,"Auto Loan, and Home Equity Loan",8,10,,5,,1446.37,25.58847691,18 Years and 5 Months,Yes,86.4011582,139.9840301,LowspentLargevaluepayments,599.7979784,Standard,,,,,,,,,,,,
May,340,Volcovicif,23,69933.98,5561.831667,8,7,5,2,"Auto Loan, and Home Equity Loan",11,8,8.11,5,Standard,1446.37,33.99993719,18 Years and 6 Months,Yes,86.4011582,184.3643665,HighspentSmallvaluepayments,545.4176419,Standard,,,,,,,,,,,,
June,340,,23,69933.98,5561.831667,8,7,5,2,"Auto Loan, and Home Equity Loan",13,10,8.11,5,Standard,1446.37,36.21743027,18 Years and 7 Months,Yes,86.4011582,146.0099153,HighspentMediumvaluepayments,573.7720932,Standard,,,,,,,,,,,,
July,340,Volcovicif,23,69933.98,5561.831667,8,7,5,2,"Auto Loan, and Home Equity Loan",4,13,8.11,5,Standard,1446.37,26.59607593,18 Years and 8 Months,Yes,86.4011582,198.1099559,High_spent_Medium_value_payments,521.6720526,Standard,,,,,,,,,,,,
August,340,Volcovicif,23,69933.98,5561.831667,8,7,2701,2,"Auto Loan, and Home Equity Loan",3,10,10.11,5,_,1446.37,39.0474055,18 Years and 9 Months,Yes,86.4011582,87.60547294,High_spent_Medium_value_payments,632.1765355,Standard,,,,,,,,,,,,
January,341,Younga,26,21075.36,1904.28,3,1,5,2,"Credit-Builder Loan, and Credit-Builder Loan",13,5,2.53,3,,1498.02,41.12891217,29 Years and 1 Months,No,19.34731148,119.4000237,HighspentSmallvaluepayments,311.6806648,Good,,,,,,,,,,,,
February,341,Younga,26,21075.36,1904.28,3,1,5,2,"Credit-Builder Loan, and Credit-Builder Loan",13,5,2.53,6,Good,1498.02,32.18994706,29 Years and 2 Months,No,19.34731148,50.53160002,HighspentMediumvaluepayments,370.5490885,Standard,,,,,,,,,,,,
March,341,Younga,26,21075.36,1904.28,3,1,5,2,"Credit-Builder Loan, and Credit-Builder Loan",13,2,2.53,6,Good,1498.02,34.86942815,29 Years and 3 Months,NM,19.34731148,21.95705958,HighspentLargevaluepayments,389.1236289,Good,,,,,,,,,,,,
April,341,Younga,26,21075.36,1904.28,3,1,5,2,"Credit-Builder Loan, and Credit-Builder Loan",15,5,2.53,6,,1498.02,31.59037685,29 Years and 4 Months,No,19.34731148,55.17302526,HighspentMediumvaluepayments,365.9076633,Standard,,,,,,,,,,,,
May,341,Younga,26,21075.36,1904.28,3,1,5,2,"Credit-Builder Loan, and Credit-Builder Loan",11,5,2.53,6,,1498.02,25.52809985,29 Years and 5 Months,NM,19.34731148,116.2318916,LowspentSmallvaluepayments,344.848797,Standard,,,,,,,,,,,,
June,341,Younga,26,21075.36,1904.28,3,1,5,2,"Credit-Builder Loan, and Credit-Builder Loan",13,5,2.53,6,Good,1498.02,36.37820747,29 Years and 6 Months,No,19.34731148,250.0914613,LowspentSmallvaluepayments,210.9892272,Standard,,,,,,,,,,,,
July,341,Younga,7670_,21075.36,1904.28,3,1,5,2,"Credit-Builder Loan, and Credit-Builder Loan",13,5,2.53,6,Good,1498.02,29.63883859,29 Years and 7 Months,No,19.34731148,,Low_spent_Small_value_payments,337.763933,Standard,,,,,,,,,,,,
August,341,Younga,26,21075.36,1904.28,3,1,5,2,"Credit-Builder Loan, and Credit-Builder Loan",13,5,2.53,6,_,1498.02,24.23813298,29 Years and 8 Months,No,19.34731148,53.87767297,High_spent_Medium_value_payments,367.2030156,Standard,,,,,,,,,,,,
January,342,Luciac,40,60843.33,4902.2775,4,6,14,3,"Student Loan, Auto Loan, and Payday Loan",19,18,19.42,6,,1494.43,29.95727574,19 Years and 11 Months,Yes,151.9788495,39.14685837,HighspentLargevaluepayments,539.1020421,Standard,,,,,,,,,,,,
February,342,Luciac,40,60843.33,4902.2775,4,6,14,3,"Student Loan, Auto Loan, and Payday Loan",22,21,19.42,6,,1494.43,35.958286,20 Years and 0 Months,Yes,151.9788495,197.5291002,HighspentMediumvaluepayments,390.7198002,Standard,,,,,,,,,,,,
March,342,Luciac,40,60843.33,4902.2775,4,6,14,3,"Student Loan, Auto Loan, and Payday Loan",22,18,19.42,6,Standard,1494.43,29.68614109,20 Years and 1 Months,NM,151.9788495,240.8474729,LowspentSmallvaluepayments,387.4014275,Standard,,,,,,,,,,,,
April,342,Luciac,40,60843.33,4902.2775,4,6,14,3,"Student Loan, Auto Loan, and Payday Loan",22,15,19.42,11,Standard,1494.43,23.28617556,20 Years and 2 Months,Yes,151.9788495,660.1416343,LowspentSmallvaluepayments,0,Standard,,,,,,,,,,,,
May,342,Luciac,40,60843.33,4902.2775,4,6,14,3,"Student Loan, Auto Loan, and Payday Loan",27,18,17.42,11,Standard,1494.43,30.66765048,20 Years and 3 Months,Yes,151.9788495,528.4542278,LowspentSmallvaluepayments,99.79467265,Standard,,,,,,,,,,,,
June,342,Luciac,40,60843.33,4902.2775,4,6,14,3,"Student Loan, Auto Loan, and Payday Loan",22,19,19.42,11,Standard,1494.43,36.23932295,20 Years and 4 Months,NM,28043,82.50761512,HighspentMediumvaluepayments,505.7412853,Standard,,,,,,,,,,,,
July,342,Luciac,40,60843.33,4902.2775,4,6,14,3,"Student Loan, Auto Loan, and Payday Loan",22,18,19.42,11,_,1494.43,37.32327116,20 Years and 5 Months,Yes,151.9788495,131.8384675,High_spent_Medium_value_payments,456.410433,Standard,,,,,,,,,,,,
August,342,Luciac,40,60843.33,,4,6,14,3,"Student Loan, Auto Loan, and Payday Loan",22,18,14.42,11,_,1494.43,29.52679539,20 Years and 6 Months,Yes,151.9788495,159.6490641,High_spent_Medium_value_payments,428.5998364,Standard,,,,,,,,,,,,
January,343,Svear,35,15091.03,1480.585833,7,7,26,9,"Mortgage Loan, Payday Loan, Payday Loan, Mortgage Loan, Home Equity Loan, Personal Loan, Not Specified, Credit-Builder Loan, and Student Loan",37,18,6.18,9,Bad,3247.42,38.06854044,10 Years and 2 Months,Yes,93.61720092,63.26759253,LowspentSmallvaluepayments,281.1737899,Poor,,,,,,,,,,,,
February,343,Svear,35,15091.03,1480.585833,7,7,26,9,"Mortgage Loan, Payday Loan, Payday Loan, Mortgage Loan, Home Equity Loan, Personal Loan, Not Specified, Credit-Builder Loan, and Student Loan",37,18,6.18,9,Bad,3247.42,34.70475274,10 Years and 3 Months,Yes,3283,29.44017907,HighspentLargevaluepayments,265.0012033,Poor,,,,,,,,,,,,
March,343,,35,15091.03,1480.585833,7,7,26,9,"Mortgage Loan, Payday Loan, Payday Loan, Mortgage Loan, Home Equity Loan, Personal Loan, Not Specified, Credit-Builder Loan, and Student Loan",37,18,9.18,9,Bad,3247.42,32.06143988,10 Years and 4 Months,Yes,93.61720092,95.84028212,LowspentSmallvaluepayments,248.6011003,Poor,,,,,,,,,,,,
April,343,Svear,35,15091.03,1480.585833,7,7,26,9,"Mortgage Loan, Payday Loan, Payday Loan, Mortgage Loan, Home Equity Loan, Personal Loan, Not Specified, Credit-Builder Loan, and Student Loan",37,18,6.18,9,Bad,3247.42,24.22741058,10 Years and 5 Months,Yes,93.61720092,104.4795442,LowspentMediumvaluepayments,229.9618382,Poor,,,,,,,,,,,,
May,343,Svear,36,15091.03,1480.585833,7,7,26,9,"Mortgage Loan, Payday Loan, Payday Loan, Mortgage Loan, Home Equity Loan, Personal Loan, Not Specified, Credit-Builder Loan, and Student Loan",37,18,6.18,9,Bad,3247.42,30.55391153,10 Years and 6 Months,Yes,93.61720092,189.5674099,LowspentSmallvaluepayments,154.8739725,Poor,,,,,,,,,,,,
June,343,,36,15091.03,1480.585833,7,7,26,9,"Mortgage Loan, Payday Loan, Payday Loan, Mortgage Loan, Home Equity Loan, Personal Loan, Not Specified, Credit-Builder Loan, and Student Loan",37,,6.18,9,Bad,3247.42,31.50787508,10 Years and 7 Months,Yes,93.61720092,,LowspentSmallvaluepayments,259.0864146,Poor,,,,,,,,,,,,
July,343,Svear,36,15091.03,,7,7,26,9,"Mortgage Loan, Payday Loan, Payday Loan, Mortgage Loan, Home Equity Loan, Personal Loan, Not Specified, Credit-Builder Loan, and Student Loan",36,21,6.18,13,Bad,3247.42,26.57335935,10 Years and 8 Months,NM,93.61720092,97.50704925,Low_spent_Medium_value_payments,236.9343332,Poor,,,,,,,,,,,,
August,343,Svear,36,15091.03,1480.585833,7,7,26,9,"Mortgage Loan, Payday Loan, Payday Loan, Mortgage Loan, Home Equity Loan, Personal Loan, Not Specified, Credit-Builder Loan, and Student Loan",37,18,6.18,13,_,3247.42,24.9811135,NA,Yes,93.61720092,195.2011346,Low_spent_Small_value_payments,149.2402478,Poor,,,,,,,,,,,,
January,344,Drivera,19,54987.52,4762.293333,4,5,10,0,,18,14,9.81,821,,1263.12,40.18505087,16 Years and 2 Months,Yes,0,208.1867557,HighspentSmallvaluepayments,528.0425777,Standard,,,,,,,,,,,,
February,344,Drivera,19,54987.52,4762.293333,4,5,10,0,,15,12,9.81,3,Standard,1263.12,25.76132003,16 Years and 3 Months,NM,0,119.3812883,HighspentLargevaluepayments,596.848045,Standard,,,,,,,,,,,,
March,344,Drivera,19,54987.52,4762.293333,4,5,10,0,,18,17,2.81,3,Standard,1263.12,36.79774166,16 Years and 4 Months,Yes,0,163.9431098,LowspentMediumvaluepayments,592.2862236,Standard,,,,,,,,,,,,
April,344,,19,54987.52,4762.293333,4,5,10,0,,18,,9.81,3,Standard,1263.12,32.45230044,16 Years and 5 Months,Yes,0,192.2321859,HighspentMediumvaluepayments,533.9971475,Standard,,,,,,,,,,,,
May,344,Drivera,19,54987.52,4762.293333,4,5,10,0,,18,13,9.81,3,,1263.12,26.65785559,16 Years and 6 Months,Yes,0,128.2645272,HighspentMediumvaluepayments,597.9648061,Standard,,,,,,,,,,,,
June,344,,19,54987.52,4762.293333,4,5,10,0,,18,15,6.81,3,Standard,1263.12,25.08013683,16 Years and 7 Months,Yes,0,387.6273812,LowspentSmallvaluepayments,378.6019522,Standard,,,,,,,,,,,,
July,344,Drivera,19,54987.52,4762.293333,4,5,10,0,,19,16,9.81,8,Standard,1263.12,29.44916699,16 Years and 8 Months,NM,0,146.9055595,!@9#%8,579.3237739,Standard,,,,,,,,,,,,
August,344,,4670,54987.52,,4,5,10,0,,18,17,9.81,8,Standard,1263.12,29.00091276,16 Years and 9 Months,Yes,0,420.2199643,Low_spent_Large_value_payments,326.0093691,Standard,,,,,,,,,,,,
January,345,Halpinh,38,7506.125,872.5104167,10,7,22,-100,"Not Specified, Payday Loan, Not Specified, Home Equity Loan, and Auto Loan",55,18,25.04,7,Bad,4183.22,25.04460412,10 Years and 9 Months,Yes,22.90841124,26.84429789,LowspentLargevaluepayments,307.4983325,Poor,,,,,,,,,,,,
February,345,Halpinh,38,7506.125,872.5104167,10,7,22,5,"Not Specified, Payday Loan, Not Specified, Home Equity Loan, and Auto Loan",55,23,25.04,7,Bad,4183.22,35.16460735,10 Years and 10 Months,Yes,22.90841124,10000,LowspentSmallvaluepayments,296.5542095,Poor,,,,,,,,,,,,
March,345,Halpinh,38,7506.125,872.5104167,10,7,22,5,"Not Specified, Payday Loan, Not Specified, Home Equity Loan, and Auto Loan",50,,21.04,7,Bad,4183.22,31.83445848,10 Years and 11 Months,Yes,22.90841124,106.7212883,LowspentSmallvaluepayments,247.6213421,Poor,,,,,,,,,,,,
April,345,Halpinh,38,7506.125,872.5104167,10,7,22,-100,"Not Specified, Payday Loan, Not Specified, Home Equity Loan, and Auto Loan",56,,25.04,7,Bad,4183.22,25.31817714,11 Years and 0 Months,Yes,22.90841124,72.33579642,LowspentMediumvaluepayments,272.006834,Poor,,,,,,,,,,,,
May,345,Halpinh,38,7506.125,872.5104167,10,7,22,5,"Not Specified, Payday Loan, Not Specified, Home Equity Loan, and Auto Loan",54,20,25.04,7,Bad,4183.22,24.12045707,11 Years and 1 Months,Yes,22.90841124,65.51465329,LowspentSmallvaluepayments,288.8279771,Poor,,,,,,,,,,,,
June,345,Halpinh,38,7506.125,802.5644817,10,7,22,5,"Not Specified, Payday Loan, Not Specified, Home Equity Loan, and Auto Loan",55,20,26.04,7,Bad,4183.22,36.60015747,11 Years and 2 Months,Yes,92.85434624,66.28412561,LowspentSmallvaluepayments,288.0585048,Poor,,,,,,,,,,,,
July,345,Halpinh,38,7506.125_,802.5644817,10,7,22,5,"Not Specified, Payday Loan, Not Specified, Home Equity Loan, and Auto Loan",55,20,25.04,7,_,4183.22,32.08171019,11 Years and 3 Months,Yes,92.85434624,20.93018561,High_spent_Small_value_payments,303.4124448,Standard,,,,,,,,,,,,
August,345,Halpinh,38,7506.125,802.5644817,10,7,22,5,"Not Specified, Payday Loan, Not Specified, Home Equity Loan, and Auto Loan",53,21,25.04,11,Bad,4183.22,22.43524385,11 Years and 4 Months,Yes,92.85434624,57.48866511,High_spent_Small_value_payments,266.8539653,Standard,,,,,,,,,,,,
January,346,Nadiaf,43,17448.08,802.5644817,9,5,20,9,"Not Specified, Auto Loan, Home Equity Loan, Payday Loan, Mortgage Loan, Student Loan, Student Loan, Auto Loan, and Auto Loan",39,17,2.5,12,Bad,2575.23,34.87888323,15 Years and 3 Months,Yes,94.85486815,18.18126405,HighspentMediumvaluepayments,268.4645345,Poor,,,,,,,,,,,,
February,346,Nadiaf,43,17448.08,1315.006667,9,5,20,9,"Not Specified, Auto Loan, Home Equity Loan, Payday Loan, Mortgage Loan, Student Loan, Student Loan, Auto Loan, and Auto Loan",39,,2.5,12,,2575.23,23.89831265,15 Years and 4 Months,Yes,94.85486815,10000,!@9#%8,213.7674567,Poor,,,,,,,,,,,,
March,346,Nadiaf,43,17448.08,1315.006667,9,5,20,9,"Not Specified, Auto Loan, Home Equity Loan, Payday Loan, Mortgage Loan, Student Loan, Student Loan, Auto Loan, and Auto Loan",39,20,9.5,12,Bad,2575.23,28.41069857,NA,Yes,94.85486815,19.26805963,!@9#%8,267.3777389,Poor,,,,,,,,,,,,
April,346,Nadiaf,43,17448.08,1315.006667,9,5,20,9,"Not Specified, Auto Loan, Home Equity Loan, Payday Loan, Mortgage Loan, Student Loan, Student Loan, Auto Loan, and Auto Loan",42,17,2.5,12,Bad,2575.23,23.25115385,15 Years and 6 Months,Yes,94.85486815,88.38235343,HighspentSmallvaluepayments,208.2634451,Poor,,,,,,,,,,,,
May,346,Nadiaf,43,17448.08,1315.006667,9,5,20,9,"Not Specified, Auto Loan, Home Equity Loan, Payday Loan, Mortgage Loan, Student Loan, Student Loan, Auto Loan, and Auto Loan",39,18,2.5,12,Bad,2575.23,29.39467528,15 Years and 7 Months,Yes,94.85486815,68.02684533,LowspentMediumvaluepayments,248.6189532,Standard,,,,,,,,,,,,
June,346,Nadiaf,43,17448.08,1315.006667,9,5,20,9,"Not Specified, Auto Loan, Home Equity Loan, Payday Loan, Mortgage Loan, Student Loan, Student Loan, Auto Loan, and Auto Loan",42,17,-0.5,12,Bad,2575.23,28.2317063,15 Years and 8 Months,Yes,94.85486815,72.64589498,LowspentMediumvaluepayments,243.9999035,Standard,,,,,,,,,,,,
July,346,,43,17448.08,1315.006667,9,5,20,-100,"Not Specified, Auto Loan, Home Equity Loan, Payday Loan, Mortgage Loan, Student Loan, Student Loan, Auto Loan, and Auto Loan",39,17,2.5,12,Bad,2575.23,35.70531536,15 Years and 9 Months,Yes,94.85486815,0,High_spent_Large_value_payments,266.7217462,Standard,,,,,,,,,,,,
August,346,Nadiaf,43,17448.08,,9,5,20,9,"Not Specified, Auto Loan, Home Equity Loan, Payday Loan, Mortgage Loan, Student Loan, Student Loan, Auto Loan, and Auto Loan",43,17,2.5,14,Bad,2575.23,40.10223087,15 Years and 10 Months,Yes,94.85486815,25.43745572,High_spent_Large_value_payments,251.2083428,Standard,,,,,,,,,,,,
January,347,Polinaa,40,42241.19,3231.099167,0,5,11,0,,5,13,3.24,4,,190.04,36.15598628,25 Years and 3 Months,No,0,129.0859843,HighspentMediumvaluepayments,444.0239323,Good,,,,,,,,,,,,
February,347,Polinaa,40,42241.19,3231.099167,0,5,11,0,,5,11,3.24,9,Good,190.04,32.2807082,25 Years and 4 Months,No,0,10000,LowspentSmallvaluepayments,439.1379404,Good,,,,,,,,,,,,
March,347,Polinaa,40,42241.19,3231.099167,0,5,11,0,,5,,3.24,9,Good,190.04,38.75594492,25 Years and 5 Months,No,0,127.0915132,LowspentMediumvaluepayments,476.0184035,Good,,,,,,,,,,,,
April,347,Polinaa,40,42241.19,3231.099167,0,5,11,0,,5,11,3.24,,,190.04,26.19891785,25 Years and 6 Months,No,0,47.36619989,HighspentMediumvaluepayments,525.7437168,Good,,,,,,,,,,,,
May,347,Polinaa,40,42241.19,3231.099167,0,5,11,0,,0,11,3.24,9,Good,190.04,41.2312031,NA,No,0,182.1624895,LowspentLargevaluepayments,410.9474272,Good,,,,,,,,,,,,
June,347,Polinaa,40,42241.19,3231.099167,0,5,11,0,,5,11,3.24,9,Good,190.04,26.8820526,25 Years and 8 Months,No,0,334.9436777,LowspentMediumvaluepayments,268.1662389,Good,,,,,,,,,,,,
July,347,Polinaa,40_,42241.19,,0,5,11,0,,5,14,3.24,9,Good,190.04,26.43515232,25 Years and 9 Months,No,45649,,Low_spent_Large_value_payments,460.1679071,Good,,,,,,,,,,,,
August,347,,41,42241.19,3231.099167,0,5,11,0,,5,9,3.24,9,Good,190.04,27.62507423,25 Years and 10 Months,NM,0,211.1608105,High_spent_Small_value_payments,371.9491061,Good,,,,,,,,,,,,
January,348,Herbert Lashz,23,31087.66,2471.638333,4,7,12,6,"Mortgage Loan, Not Specified, Not Specified, Payday Loan, Not Specified, and Student Loan",10,5,10.95,6,Standard,70.82,26.52288661,7 Years and 1 Months,Yes,134.6917202,33.05801212,HighspentMediumvaluepayments,329.414101,Standard,,,,,,,,,,,,
February,348,Herbert Lashz,23,31087.66,2471.638333,4,7,12,6,"Mortgage Loan, Not Specified, Not Specified, Payday Loan, Not Specified, and Student Loan",7,8,9.95,6,Standard,70.82,34.1198758,7 Years and 2 Months,Yes,134.6917202,97.7894616,LowspentLargevaluepayments,284.6826515,Standard,,,,,,,,,,,,
March,348,,23,31087.66,2471.638333,4,7,12,6,"Mortgage Loan, Not Specified, Not Specified, Payday Loan, Not Specified, and Student Loan",11,11,10.95,6,Standard,70.82,29.46747188,7 Years and 3 Months,Yes,134.6917202,104.4919935,HighspentMediumvaluepayments,257.9801196,Standard,,,,,,,,,,,,
April,348,Herbert Lashz,24,31087.66,2471.638333,4,7,12,6,"Mortgage Loan, Not Specified, Not Specified, Payday Loan, Not Specified, and Student Loan",6,8,9.95,6,,70.82,30.38748376,7 Years and 4 Months,NM,134.6917202,107.5636269,LowspentSmallvaluepayments,294.9084862,Poor,,,,,,,,,,,,
May,348,Herbert Lashz,24,31087.66,2471.638333,4,7,12,6,"Mortgage Loan, Not Specified, Not Specified, Payday Loan, Not Specified, and Student Loan",10,8,9.95,8,Standard,70.82,26.63587033,7 Years and 5 Months,Yes,134.6917202,253.1883183,!@9#%8,149.2837948,Poor,,,,,,,,,,,,
June,348,Herbert Lashz,24,31087.66,2471.638333,4,7,12,6,"Mortgage Loan, Not Specified, Not Specified, Payday Loan, Not Specified, and Student Loan",6,10,9.95,8,Standard,70.82,23.07044209,7 Years and 6 Months,Yes,3970,72.75569131,HighspentSmallvaluepayments,299.7164218,Poor,,,,,,,,,,,,
July,348,Herbert Lashz,24,31087.66,2471.638333,4,7,12,6,"Mortgage Loan, Not Specified, Not Specified, Payday Loan, Not Specified, and Student Loan",10,8,9.95,8,Standard,70.82,26.10885336,7 Years and 7 Months,Yes,134.6917202,129.082469,!@9#%8,273.3896441,Poor,,,,,,,,,,,,
August,348,Herbert Lashz,24,31087.66,2471.638333,4,7,12,6,"Mortgage Loan, Not Specified, Not Specified, Payday Loan, Not Specified, and Student Loan",10,8,9.95,8,_,70.82,39.5724983,7 Years and 8 Months,Yes,134.6917202,105.7171953,High_spent_Small_value_payments,266.7549178,Poor,,,,,,,,,,,,
January,349,Edwardsi,42,132414.16,11050.51333,3,3,19,0,,13,16,6.06,0,Standard,53.73,34.40662869,25 Years and 5 Months,Yes,0,86.92695747,HighspentLargevaluepayments,1258.124376,Standard,,,,,,,,,,,,
February,349,Edwardsi,42,132414.16,11050.51333,3,3,19,0,,13,17,6.06,0,Standard,53.73,29.015579,25 Years and 6 Months,Yes,0,686.1816462,HighspentSmallvaluepayments,678.8696872,Standard,,,,,,,,,,,,
March,349,Edwardsi,42,132414.16,11050.51333,3,3,19,0,,13,19,6.06,0,Standard,53.73,42.44061788,25 Years and 7 Months,Yes,0,142.7001251,HighspentMediumvaluepayments,1212.351208,Standard,,,,,,,,,,,,
April,349,Edwardsi,42,132414.16,11050.51333,3,3,19,0,,13,17,6.06,0,Standard,53.73,30.75909167,25 Years and 8 Months,Yes,0,717.3115363,LowspentMediumvaluepayments,667.739797,Standard,,,,,,,,,,,,
May,349,Edwardsi,42,132414.16,11050.51333,3,3,19,0,,10,16,6.06,0,Standard,53.73,36.95450419,25 Years and 9 Months,Yes,0,157.1511547,HighspentMediumvaluepayments,1197.900179,Standard,,,,,,,,,,,,
June,349,Edwardsi,42,132414.16,11050.51333,3,3,19,0,,13,16,6.06,0,Standard,53.73,30.52275466,25 Years and 10 Months,NM,0,10000,LowspentMediumvaluepayments,1031.60792,Standard,,,,,,,,,,,,
July,349,Edwardsi,42,132414.16,11050.51333,3,3,19,0_,,13,14,6.06,4,_,53.73,40.66442581,25 Years and 11 Months,Yes,0,906.2473356,Low_spent_Medium_value_payments,478.8039977,Good,,,,,,,,,,,,
August,349,Edwardsi,42_,132414.16,11050.51333,3,3,19,0,,13,16,4.06,4,Standard,53.73,37.24794643,26 Years and 0 Months,Yes,0,116.7631819,High_spent_Large_value_payments,1228.288151,Good,,,,,,,,,,,,
January,350,Grovert,54,92794.04,7562.836667,4,7,7,0,,32,16,11.09,3,Standard,1269.4,26.45381338,27 Years and 10 Months,Yes,0,118.7900467,HighspentMediumvaluepayments,887.49362,Standard,,,,,,,,,,,,
February,350,Grovert,54,92794.04,7562.836667,4,7,7,0,,31,15,11.09,3,Standard,1269.4,27.99127225,27 Years and 11 Months,Yes,0,918.9577755,LowspentSmallvaluepayments,127.3258912,Standard,,,,,,,,,,,,
March,350,Grovert,54,92794.04,7562.836667,4,7,7,0,,29,14,11.09,3,,1269.4,30.12612266,28 Years and 0 Months,Yes,0,566.1081534,LowspentMediumvaluepayments,470.1755133,Standard,,,,,,,,,,,,
April,350,Grovert,54,92794.04,7562.836667,4,7,7,0,,27,16,11.09,3,Standard,1269.4,36.894637,28 Years and 1 Months,Yes,0,451.7440417,HighspentSmallvaluepayments,564.539625,Standard,,,,,,,,,,,,
May,350,,54,92794.04,7562.836667,4,7,7,0,,27,16,11.09,3,Standard,1269.4,43.09389444,28 Years and 2 Months,Yes,0,190.2358538,HighspentMediumvaluepayments,816.0478129,Standard,,,,,,,,,,,,
June,350,Grovert,54,92794.04,7562.836667,4,7,7,0,,22,16,11.09,3,Standard,1269.4,33.80757263,28 Years and 3 Months,Yes,0,282.3693969,HighspentMediumvaluepayments,723.9142698,Standard,,,,,,,,,,,,
July,350,Grovert,54,92794.04,7562.836667,4,7,7,0,,27,16,11.09,3,Standard,1269.4,40.22269836,28 Years and 4 Months,Yes,0,56.28450413,High_spent_Large_value_payments,939.9991625,Standard,,,,,,,,,,,,
August,350,Grovert,54,92794.04,7562.836667,4,7,7,0,,27,16,11.09,3,Standard,1269.4,28.6698975,28 Years and 5 Months,Yes,0,145.0034534,High_spent_Small_value_payments,871.2802133,Standard,,,,,,,,,,,,
January,351,Michelef,37,82998.24,7186.52,8,7,22,6,"Student Loan, Home Equity Loan, Personal Loan, Personal Loan, Debt Consolidation Loan, and Debt Consolidation Loan",26,22,22,12,,4879.41,32.66512309,12 Years and 8 Months,Yes,383.9140141,411.4274637,LowspentMediumvaluepayments,203.3105222,Poor,,,,,,,,,,,,
February,351,Michelef,37,82998.24,7186.52,8,7,22,6,"Student Loan, Home Equity Loan, Personal Loan, Personal Loan, Debt Consolidation Loan, and Debt Consolidation Loan",35,22,22,12,Bad,4879.41,39.46608335,12 Years and 9 Months,Yes,383.9140141,689.1861354,LowspentMediumvaluepayments,0,Poor,,,,,,,,,,,,
March,351,Michelef,37,82998.24,7186.52,8,7,22,6,"Student Loan, Home Equity Loan, Personal Loan, Personal Loan, Debt Consolidation Loan, and Debt Consolidation Loan",30,22,22,12,,4879.41,37.32479771,12 Years and 10 Months,NM,383.9140141,419.8152801,LowspentLargevaluepayments,184.9227058,Poor,,,,,,,,,,,,
April,351,Michelef,37,82998.24,7186.52,8,7,22,6,"Student Loan, Home Equity Loan, Personal Loan, Personal Loan, Debt Consolidation Loan, and Debt Consolidation Loan",30,22,22,12,Bad,4879.41,38.1934744,12 Years and 11 Months,Yes,383.9140141,132.1382681,HighspentSmallvaluepayments,462.5997177,Poor,,,,,,,,,,,,
May,351,Michelef,37,82998.24,7186.52,8,7,22,6,"Student Loan, Home Equity Loan, Personal Loan, Personal Loan, Debt Consolidation Loan, and Debt Consolidation Loan",31,21,26,1760,Bad,4879.41,22.44719524,13 Years and 0 Months,Yes,383.9140141,385.9055833,LowspentMediumvaluepayments,228.8324026,Poor,,,,,,,,,,,,
June,351,Michelef,38,82998.24,7186.52,8,7,22,6,"Student Loan, Home Equity Loan, Personal Loan, Personal Loan, Debt Consolidation Loan, and Debt Consolidation Loan",34,,22,12,Bad,4879.41,22.41168093,13 Years and 1 Months,Yes,383.9140141,767.2581277,LowspentSmallvaluepayments,0,Standard,,,,,,,,,,,,
July,351,Michelef,38,82998.24,,1644,7,22,6,"Student Loan, Home Equity Loan, Personal Loan, Personal Loan, Debt Consolidation Loan, and Debt Consolidation Loan",34,22,22,12,_,4879.41,38.4570626,13 Years and 2 Months,Yes,383.9140141,93.07475442,High_spent_Large_value_payments,481.6632314,Poor,,,,,,,,,,,,
August,351,Michelef,38,82998.24_,7186.52,8,7,22,6_,"Student Loan, Home Equity Loan, Personal Loan, Personal Loan, Debt Consolidation Loan, and Debt Consolidation Loan",30,22,22,12,_,4879.41,26.69429651,13 Years and 3 Months,Yes,383.9140141,129.3528584,High_spent_Large_value_payments,445.3851274,Poor,,,,,,,,,,,,
January,352,Jessical,41,16582.83,7186.52,4,7,14,4,"Credit-Builder Loan, Student Loan, Credit-Builder Loan, and Home Equity Loan",19,16,17.66,8,Standard,471.81,38.65753196,14 Years and 2 Months,Yes,52.02492383,,LowspentSmallvaluepayments,301.1851762,Standard,,,,,,,,,,,,
February,352,Jessical,41,16582.83,1157.9025,4,7,14,4,"Credit-Builder Loan, Student Loan, Credit-Builder Loan, and Home Equity Loan",19,16,17.66,10,Standard,471.81,30.21917815,14 Years and 3 Months,Yes,52.02492383,146.4241192,LowspentSmallvaluepayments,207.341207,Standard,,,,,,,,,,,,
March,352,Jessical,41,16582.83,1157.9025,4,7,14,4,"Credit-Builder Loan, Student Loan, Credit-Builder Loan, and Home Equity Loan",19,15,17.66,10,Standard,471.81,36.49528923,14 Years and 4 Months,Yes,52.02492383,60.2616497,LowspentMediumvaluepayments,283.5036765,Standard,,,,,,,,,,,,
April,352,Jessical,41,16582.83,1157.9025,4,7,14,720,"Credit-Builder Loan, Student Loan, Credit-Builder Loan, and Home Equity Loan",19,16,18.66,10,Standard,471.81,23.91434191,14 Years and 5 Months,Yes,52.02492383,44.93601303,LowspentSmallvaluepayments,308.8293131,Standard,,,,,,,,,,,,
May,352,Jessical,41,16582.83,1157.9025,4,331,14,4,"Credit-Builder Loan, Student Loan, Credit-Builder Loan, and Home Equity Loan",19,16,17.66,10,Standard,471.81,26.69300966,14 Years and 6 Months,Yes,52.02492383,75.24376225,LowspentLargevaluepayments,258.5215639,Standard,,,,,,,,,,,,
June,352,Jessical,41,16582.83,1157.9025,4,7,14,4,"Credit-Builder Loan, Student Loan, Credit-Builder Loan, and Home Equity Loan",19,17,17.66,10,Standard,471.81,27.764248,14 Years and 7 Months,Yes,52.02492383,124.1843543,LowspentSmallvaluepayments,229.5809719,Standard,,,,,,,,,,,,
July,352,Jessical,41,16582.83,1157.9025,4,7,14,4,"Credit-Builder Loan, Student Loan, Credit-Builder Loan, and Home Equity Loan",21,17,17.66,10,Standard,471.81,24.10795142,14 Years and 8 Months,Yes,52.02492383,91.99017705,Low_spent_Small_value_payments,261.7751491,Standard,,,,,,,,,,,,
August,352,Jessical,41,11993705,1157.9025,4,7,14,4,"Credit-Builder Loan, Student Loan, Credit-Builder Loan, and Home Equity Loan",19,16,17.66,10,_,471.81,28.89030469,14 Years and 9 Months,Yes,52.02492383,85.4799857,Low_spent_Small_value_payments,268.2853405,Standard,,,,,,,,,,,,
January,353,Melaniez,45,31896.42,2417.035,3,5,4,1,Payday Loan,3,,5.91,3,Good,1177.43,35.83716316,25 Years and 3 Months,No,22.79977776,154.4717305,HighspentSmallvaluepayments,324.4319917,Standard,,,,,,,,,,,,
February,353,Melaniez,45,31896.42,2417.035,3,5,4,1,Payday Loan,7,7,5.91,8,Good,1177.43,25.82137719,25 Years and 4 Months,No,22.79977776,53.82718457,!@9#%8,425.0765377,Good,,,,,,,,,,,,
March,353,Melaniez,45,31896.42,2417.035,3,5,4,1,Payday Loan,7,7,5.91,8,Good,1177.43,28.16778495,25 Years and 5 Months,NM,22.79977776,118.2999472,LowspentLargevaluepayments,370.603775,Good,,,,,,,,,,,,
April,353,Melaniez,45,31896.42,2417.035,3,5,4,1,Payday Loan,7,8,5.91,8,Good,1177.43,40.31578072,NA,No,22.79977776,69.35079339,HighspentMediumvaluepayments,399.5529289,Good,,,,,,,,,,,,
May,353,Melaniez,45,31896.42,2417.035,3,5,4,1,Payday Loan,7,7,5.91,8,,1177.43,28.55273248,25 Years and 7 Months,No,22.79977776,130.5947333,LowspentLargevaluepayments,358.3089889,Good,,,,,,,,,,,,
June,353,Melaniez,45,31896.42,2417.035,3,5,4,1,Payday Loan,10,7,5.91,8,Good,1177.43,37.88903344,25 Years and 8 Months,NM,22.79977776,117.4738823,LowspentLargevaluepayments,371.4298399,Good,,,,,,,,,,,,
July,353,Melaniez,45,31896.42,2417.035,3,5,4,1,Payday Loan,7,,5.91,,Good,1177.43,30.17148646,25 Years and 9 Months,NM,22.79977776,237.3996377,Low_spent_Small_value_payments,271.5040846,Standard,,,,,,,,,,,,
August,353,Melaniez,45,31896.42,2417.035,823,5,4,1,Payday Loan,12,8,1.91,8,Good,1177.43,38.39571509,25 Years and 10 Months,No,22.79977776,123.4958894,Low_spent_Small_value_payments,385.4078328,Standard,,,,,,,,,,,,
January,354,Baertleinm,21,34927,2920.583333,6,4,4,0,,13,19,10.36,1,,1158.55,27.6456154,26 Years and 1 Months,No,0,115.0418943,HighspentMediumvaluepayments,427.016439,Standard,,,,,,,,,,,,
February,354,Baertleinm,21,34927,2920.583333,6,4,4,0,,13,19,11.36,1,Good,1158.55,32.15550198,NA,No,0,230.7965081,LowspentLargevaluepayments,331.2618252,Good,,,,,,,,,,,,
March,354,Baertleinm,21,34927,2920.583333,6,4,3614,0,,13,19,11.36,1,Good,1158.55,31.38110648,26 Years and 3 Months,NM,0,60.50918455,HighspentMediumvaluepayments,481.5491488,Good,,,,,,,,,,,,
April,354,Baertleinm,21,34927,2920.583333,6,4,4,0,,13,21,11.36,6,,1158.55,27.47095957,26 Years and 4 Months,No,0,54.43583567,HighspentMediumvaluepayments,487.6224977,Good,,,,,,,,,,,,
May,354,Baertleinm,21,34927,2920.583333,6,4,4,0,,13,16,11.36,6,,1158.55,36.44548517,26 Years and 5 Months,NM,0,76.97695113,HighspentMediumvaluepayments,465.0813822,Good,,,,,,,,,,,,
June,354,Baertleinm,21,34927,2920.583333,6,4,4,0,,13,20,11.36,6,,1158.55,29.9555146,26 Years and 6 Months,No,0,62.52269391,HighspentLargevaluepayments,469.5356394,Good,,,,,,,,,,,,
July,354,Baertleinm,21,34927,2920.583333,6,4,4,0,,13,19,11.36,6,Good,1158.55,39.06137396,26 Years and 7 Months,No,0,206.5100396,Low_spent_Small_value_payments,375.5482938,Good,,,,,,,,,,,,
August,354,Baertleinm,21,34927,2920.583333,6,4,4,0,,13,21,11.36,6,Good,1158.55,38.87802804,26 Years and 8 Months,No,0,82.21284814,High_spent_Medium_value_payments,459.8454852,Standard,,,,,,,,,,,,
January,355,Tenf,54,25020.07,1928.005833,4,3,10,1,Home Equity Loan,18,12,4.1,3,Standard,94.75,37.80152426,21 Years and 10 Months,No,17.06628101,22.80310536,HighspentMediumvaluepayments,402.931197,Standard,,,,,,,,,,,,
February,355,Tenf,54,25020.07,1928.005833,4,3,533,1,Home Equity Loan,13,13,4.1,3,Standard,94.75,31.61892882,21 Years and 11 Months,No,17.06628101,215.1999681,LowspentSmallvaluepayments,250.5343342,Standard,,,,,,,,,,,,
March,355,,54,25020.07,1928.005833,4,3,10,1,Home Equity Loan,18,11,4.1,3,,94.75,37.80198147,22 Years and 0 Months,No,17.06628101,244.8230211,LowspentSmallvaluepayments,220.9112812,Standard,,,,,,,,,,,,
April,355,Tenf,54,25020.07,1928.005833,4,3,10,-100,Home Equity Loan,18,11,4.1,3,,94.75,36.36290831,22 Years and 1 Months,No,17.06628101,153.6146615,LowspentMediumvaluepayments,302.1196408,Standard,,,,,,,,,,,,
May,355,Tenf,54,25020.07,1928.005833,4,3,10,1,Home Equity Loan,18,9,9.1,3,Standard,94.75,32.18448412,22 Years and 2 Months,No,17.06628101,46.07277174,LowspentLargevaluepayments,399.6615306,Standard,,,,,,,,,,,,
June,355,Tenf,54,25020.07,1928.005833,4,3,10,1,Home Equity Loan,19,,4.1,3,Standard,94.75,30.49497301,22 Years and 3 Months,No,69433,93.95225411,LowspentSmallvaluepayments,371.7820482,Standard,,,,,,,,,,,,
July,355,Tenf,54_,25020.07,1928.005833,4,3,10,1,Home Equity Loan,18,9,4.1,3,_,94.75,35.54008495,22 Years and 4 Months,No,17.06628101,107.300358,Low_spent_Small_value_payments,358.4339443,Good,,,,,,,,,,,,
August,355,Tenf,54,25020.07,1928.005833,4,3,10,1,Home Equity Loan,23,10,3.1,5,_,94.75,36.79139952,22 Years and 5 Months,NM,17.06628101,63.8183469,High_spent_Medium_value_payments,361.9159554,Standard,,,,,,,,,,,,
January,356,Sweeneyt,30,82778.56,7008.213333,6,6,30,4,"Mortgage Loan, Student Loan, Mortgage Loan, and Payday Loan",33,12,17.39,12,Standard,1777.73,36.5633131,17 Years and 7 Months,Yes,205.1953169,201.3549911,!@9#%8,564.2710253,Poor,,,,,,,,,,,,
February,356,Sweeneyt,30,82778.56,7008.213333,1356,6,30,4,"Mortgage Loan, Student Loan, Mortgage Loan, and Payday Loan",33,15,17.39,12,Standard,1777.73,27.46036101,17 Years and 8 Months,Yes,205.1953169,164.1969527,HighspentLargevaluepayments,571.4290636,Poor,,,,,,,,,,,,
March,356,Sweeneyt,30,82778.56,7008.213333,6,6,30,4,"Mortgage Loan, Student Loan, Mortgage Loan, and Payday Loan",29,15,17.39,12,Standard,1777.73,34.26604358,17 Years and 9 Months,Yes,205.1953169,76.80930253,HighspentLargevaluepayments,658.8167139,Poor,,,,,,,,,,,,
April,356,Sweeneyt,30,82778.56,7008.213333,6,6,30,4,"Mortgage Loan, Student Loan, Mortgage Loan, and Payday Loan",33,16,17.39,15,Standard,1777.73,30.15473168,17 Years and 10 Months,Yes,205.1953169,148.9248859,HighspentLargevaluepayments,586.7011305,Poor,,,,,,,,,,,,
May,356,Sweeneyt,30,82778.56,7008.213333,6,6,30,4,"Mortgage Loan, Student Loan, Mortgage Loan, and Payday Loan",32,16,17.39,15,Standard,1777.73,40.69729415,17 Years and 11 Months,Yes,205.1953169,88.64287504,HighspentMediumvaluepayments,656.9831414,Standard,,,,,,,,,,,,
June,356,Sweeneyt,30,82778.56,7008.213333,6,6,30,4,"Mortgage Loan, Student Loan, Mortgage Loan, and Payday Loan",33,15,17.39,15,Standard,1777.73,42.50253965,18 Years and 0 Months,Yes,205.1953169,153.0103832,!@9#%8,592.6156332,Poor,,,,,,,,,,,,
July,356,Sweeneyt,31,82778.56,7008.213333,6,6,30,4,"Mortgage Loan, Student Loan, Mortgage Loan, and Payday Loan",33,1463,17.39,15,Standard,1777.73,33.82190792,18 Years and 1 Months,Yes,205.1953169,270.1888322,High_spent_Small_value_payments,485.4371842,Poor,,,,,,,,,,,,
August,356,Sweeneyt,31,82778.56,7008.213333,6,6,30,4,"Mortgage Loan, Student Loan, Mortgage Loan, and Payday Loan",33,15,17.39,15,_,1777.73,36.84607937,18 Years and 2 Months,NM,49942,120.5324095,High_spent_Medium_value_payments,625.0936069,Poor,,,,,,,,,,,,
January,357,Leskeb,36,94052.22,7008.213333,4,4,13,1,Payday Loan,27,15,9.41,8,Standard,76.99,31.8869753,20 Years and 11 Months,Yes,39.57533226,665.8545917,LowspentSmallvaluepayments,355.0385761,Standard,,,,,,,,,,,,
February,357,Leskeb,36,94052.22,7704.685,4,4,13,1,Payday Loan,30,15,9.41,8,Standard,76.99,33.12986652,21 Years and 0 Months,Yes,39.57533226,109.0260988,HighspentLargevaluepayments,861.8670689,Standard,,,,,,,,,,,,
March,357,Leskeb,36,94052.22,7704.685,4,996,13,1,Payday Loan,25,17,9.41,8,Standard,76.99,33.30375043,21 Years and 1 Months,Yes,39.57533226,221.1489381,HighspentMediumvaluepayments,759.7442297,Standard,,,,,,,,,,,,
April,357,Leskeb,36,94052.22,7704.685,4,4,13,1,Payday Loan,25,,9.41,8,,76.99,41.43018563,21 Years and 2 Months,Yes,39.57533226,272.4853847,LowspentMediumvaluepayments,738.407783,Standard,,,,,,,,,,,,
May,357,,36,94052.22,7704.685,4,4,13,1,Payday Loan,25,,9.41,8,Standard,76.99,34.2699491,21 Years and 3 Months,Yes,39.57533226,728.8317453,LowspentMediumvaluepayments,282.0614224,Standard,,,,,,,,,,,,
June,357,Leskeb,36,94052.22,7704.685,4,4,13,1,Payday Loan,25,15,9.41,8,,76.99,30.50484605,21 Years and 4 Months,Yes,39.57533226,10000,HighspentMediumvaluepayments,851.886547,Standard,,,,,,,,,,,,
July,357,Leskeb,37,94052.22,7704.685,4,4,13,1,Payday Loan,25,15,9.41,8,Standard,76.99,30.05570564,21 Years and 5 Months,Yes,39.57533226,286.136737,High_spent_Medium_value_payments,694.7564307,Standard,,,,,,,,,,,,
August,357,Leskeb,37,94052.22,7704.685,4,4,13,1,Payday Loan,25,16,16.41,8,Standard,76.99,33.34224195,21 Years and 6 Months,Yes,39.57533226,295.6557578,High_spent_Small_value_payments,695.2374099,Standard,,,,,,,,,,,,
January,358,Scott Haggettd,22,16355.71,1240.975833,9,8,1684,3,"Student Loan, Personal Loan, and Debt Consolidation Loan",59,16,20,11,Standard,1696.82,38.06822668,8 Years and 3 Months,Yes,24.93505007,49.03250389,HighspentMediumvaluepayments,300.1300294,Poor,,,,,,,,,,,,
February,358,Scott Haggettd,22,16355.71,1240.975833,9,8,23,3,"Student Loan, Personal Loan, and Debt Consolidation Loan",54,13,20,11,Standard,1696.82,34.6275954,8 Years and 4 Months,Yes,24.93505007,38.38113533,HighspentSmallvaluepayments,320.7813979,Poor,,,,,,,,,,,,
March,358,Scott Haggettd,22,16355.71,1240.975833,9,8,23,3,"Student Loan, Personal Loan, and Debt Consolidation Loan",54,19,20,11,Standard,1696.82,38.03867991,8 Years and 5 Months,Yes,24.93505007,67.87707164,LowspentMediumvaluepayments,311.2854616,Poor,,,,,,,,,,,,
April,358,,22,16355.71,1240.975833,9,8,23,3,"Student Loan, Personal Loan, and Debt Consolidation Loan",53,16,20,11,Standard,1696.82,29.21436023,8 Years and 6 Months,NM,24.93505007,44.87421099,LowspentSmallvaluepayments,344.2883223,Poor,,,,,,,,,,,,
May,358,,23,16355.71,1240.975833,9,8,23,3,"Student Loan, Personal Loan, and Debt Consolidation Loan",54,18,20,11,Standard,1696.82,35.15911161,8 Years and 7 Months,Yes,24.93505007,94.83763361,LowspentMediumvaluepayments,284.3248997,Poor,,,,,,,,,,,,
June,358,Scott Haggettd,23,16355.71,1240.975833,9,8,23,3,"Student Loan, Personal Loan, and Debt Consolidation Loan",54,16,20,11,Standard,1696.82,24.81769827,8 Years and 8 Months,NM,24.93505007,67.26141194,LowspentLargevaluepayments,301.9011213,Poor,,,,,,,,,,,,
July,358,Scott Haggettd,23,16355.71,1240.975833,9,8,23,3,"Student Loan, Personal Loan, and Debt Consolidation Loan",54,13,21,13,Standard,1696.82,39.72527472,8 Years and 9 Months,Yes,24.93505007,137.3119882,Low_spent_Small_value_payments,251.8505451,Poor,,,,,,,,,,,,
August,358,Scott Haggettd,23,16355.71,,9,8,23,3,"Student Loan, Personal Loan, and Debt Consolidation Loan",54,16,20,13,Standard,1696.82,29.10046941,8 Years and 10 Months,Yes,24.93505007,96.49873537,Low_spent_Medium_value_payments,282.6637979,Poor,,,,,,,,,,,,
January,359,Chrisq,18,15119.56,1209.963333,6,5,29,6,"Personal Loan, Credit-Builder Loan, Mortgage Loan, Credit-Builder Loan, Personal Loan, and Home Equity Loan",29,18,21.63,11,Bad,3154.07,32.65622217,12 Years and 7 Months,Yes,58.21119197,106.619669,LowspentLargevaluepayments,226.1654724,Standard,,,,,,,,,,,,
February,359,Chrisq,18,15119.56,1209.963333,6,5,29,6,"Personal Loan, Credit-Builder Loan, Mortgage Loan, Credit-Builder Loan, Personal Loan, and Home Equity Loan",29,18,21.63,11,Bad,3154.07,33.63241558,NA,Yes,58.21119197,47.94400601,LowspentLargevaluepayments,284.8411354,Standard,,,,,,,,,,,,
March,359,Chrisq,18,15119.56,1209.963333,6,912,29,-100,"Personal Loan, Credit-Builder Loan, Mortgage Loan, Credit-Builder Loan, Personal Loan, and Home Equity Loan",29,18,21.63,11,,3154.07,35.6711718,12 Years and 9 Months,Yes,58.21119197,19.79193717,HighspentMediumvaluepayments,292.9932042,Standard,,,,,,,,,,,,
April,359,Chrisq,18,15119.56,1209.963333,6,5,29,6,"Personal Loan, Credit-Builder Loan, Mortgage Loan, Credit-Builder Loan, Personal Loan, and Home Equity Loan",29,18,21.63,11,,3154.07,41.27894307,12 Years and 10 Months,Yes,58.21119197,66.1758974,LowspentSmallvaluepayments,286.609244,Standard,,,,,,,,,,,,
May,359,Chrisq,18,15119.56,1209.963333,6,5,29,6,"Personal Loan, Credit-Builder Loan, Mortgage Loan, Credit-Builder Loan, Personal Loan, and Home Equity Loan",29,18,22.63,11,,3154.07,34.81167376,12 Years and 11 Months,Yes,58.21119197,140.2378952,LowspentSmallvaluepayments,212.5472462,Standard,,,,,,,,,,,,
June,359,Chrisq,18,15119.56,1209.963333,6,5,29,6,"Personal Loan, Credit-Builder Loan, Mortgage Loan, Credit-Builder Loan, Personal Loan, and Home Equity Loan",29,18,21.63,,Bad,3154.07,35.00079072,13 Years and 0 Months,Yes,58.21119197,16.11466977,HighspentLargevaluepayments,286.6704716,Standard,,,,,,,,,,,,
July,359,Chrisq,18,15119.56,1209.963333,6,5,29,6,"Personal Loan, Credit-Builder Loan, Mortgage Loan, Credit-Builder Loan, Personal Loan, and Home Equity Loan",31,,22.63,11,Bad,3154.07,40.31116148,13 Years and 1 Months,Yes,58.21119197,10000,Low_spent_Small_value_payments,263.1805529,Standard,,,,,,,,,,,,
August,359,Chrisq,18,15119.56_,1209.963333,6,5,29,6,"Personal Loan, Credit-Builder Loan, Mortgage Loan, Credit-Builder Loan, Personal Loan, and Home Equity Loan",29,20,21.63,11,Bad,3154.07,29.27630964,13 Years and 2 Months,Yes,58.21119197,90.40271615,Low_spent_Small_value_payments,262.3824252,Standard,,,,,,,,,,,,
January,360,Gavin Jonesu,15,20639.79,1209.963333,7,5,15,9,"Payday Loan, Auto Loan, Mortgage Loan, Auto Loan, Debt Consolidation Loan, Not Specified, Not Specified, Student Loan, and Student Loan",48,16,16.15,8,Bad,4145.87,33.80774323,0 Years and 10 Months,Yes,95.62691019,192.4273953,LowspentSmallvaluepayments,156.1439445,Standard,,,,,,,,,,,,
February,360,Gavin Jonesu,15,20639.79,1209.963333,7,5,15,9,"Payday Loan, Auto Loan, Mortgage Loan, Auto Loan, Debt Consolidation Loan, Not Specified, Not Specified, Student Loan, and Student Loan",48,12,16.15,8,Bad,4145.87,27.87095643,0 Years and 11 Months,Yes,95.62691019,123.7406877,LowspentMediumvaluepayments,214.8306521,Standard,,,,,,,,,,,,
March,360,Gavin Jonesu,15,20639.79,1541.9825,7,5,15,9,"Payday Loan, Auto Loan, Mortgage Loan, Auto Loan, Debt Consolidation Loan, Not Specified, Not Specified, Student Loan, and Student Loan",48,15,11.15,8,Bad,4145.87,31.95053714,1 Years and 0 Months,Yes,95.62691019,42.74836523,!@9#%8,265.8229746,Standard,,,,,,,,,,,,
April,360,Gavin Jonesu,15,20639.79,1541.9825,7,5,15,9,"Payday Loan, Auto Loan, Mortgage Loan, Auto Loan, Debt Consolidation Loan, Not Specified, Not Specified, Student Loan, and Student Loan",48,15,16.15,8,Bad,4145.87,33.20119879,1 Years and 1 Months,Yes,95.62691019,143.4552994,LowspentSmallvaluepayments,205.1160404,Standard,,,,,,,,,,,,
May,360,Gavin Jonesu,15,20639.79,1541.9825,7,5,15,9,"Payday Loan, Auto Loan, Mortgage Loan, Auto Loan, Debt Consolidation Loan, Not Specified, Not Specified, Student Loan, and Student Loan",48,15,16.15,8,Bad,4145.87,28.24845553,1 Years and 2 Months,Yes,95.62691019,71.01008392,HighspentSmallvaluepayments,247.5612559,Standard,,,,,,,,,,,,
June,360,Gavin Jonesu,15,20639.79,1541.9825,7,5,15,9,"Payday Loan, Auto Loan, Mortgage Loan, Auto Loan, Debt Consolidation Loan, Not Specified, Not Specified, Student Loan, and Student Loan",49,14,16.15,8,,4145.87,37.14017334,1 Years and 3 Months,Yes,95.62691019,141.8018491,LowspentSmallvaluepayments,206.7694907,Standard,,,,,,,,,,,,
July,360,Gavin Jonesu,15,20639.79,1541.9825,7,5,15,9_,"Payday Loan, Auto Loan, Mortgage Loan, Auto Loan, Debt Consolidation Loan, Not Specified, Not Specified, Student Loan, and Student Loan",48,13,16.15,8,_,4145.87,33.08973172,1 Years and 4 Months,Yes,95.62691019,128.8621809,Low_spent_Medium_value_payments,209.7091589,Standard,,,,,,,,,,,,
August,360,Gavin Jonesu,15,20639.79,1541.9825,7,5,15,9,"Payday Loan, Auto Loan, Mortgage Loan, Auto Loan, Debt Consolidation Loan, Not Specified, Not Specified, Student Loan, and Student Loan",48,15,16.15,8,Bad,4145.87_,33.06163408,1 Years and 5 Months,Yes,95.62691019,128.3251534,Low_spent_Small_value_payments,220.2461864,Standard,,,,,,,,,,,,
January,361,Rodrigo Camposw,36,18472.71,1392.3925,10,6,26,4,"Personal Loan, Payday Loan, Student Loan, and Student Loan",54,24,5.4,8,Bad,2031.89,29.29207666,19 Years and 5 Months,Yes,60.82589002,46.94486958,HighspentMediumvaluepayments,281.4684904,Poor,,,,,,,,,,,,
February,361,Rodrigo Camposw,36,18472.71,1392.3925,10,6,26,4,"Personal Loan, Payday Loan, Student Loan, and Student Loan",51,,5.4,8,Bad,2031.89,39.42984302,19 Years and 6 Months,Yes,60.82589002,80.56595452,LowspentSmallvaluepayments,287.8474055,Poor,,,,,,,,,,,,
March,361,Rodrigo Camposw,36,18472.71,1392.3925,10,6,26,4,"Personal Loan, Payday Loan, Student Loan, and Student Loan",48,25,5.4,8,,2031.89,31.90778505,NA,Yes,60.82589002,50.25222604,LowspentSmallvaluepayments,318.1611339,Poor,,,,,,,,,,,,
April,361,Rodrigo Camposw,36,18472.71,1392.3925,10,6,26,4,"Personal Loan, Payday Loan, Student Loan, and Student Loan",51,23,5.4,8,Bad,2031.89,29.33078605,19 Years and 8 Months,Yes,60.82589002,125.9240717,LowspentMediumvaluepayments,232.4892883,Poor,,,,,,,,,,,,
May,361,Rodrigo Camposw,36,18472.71,1392.3925,10,6,26,4,"Personal Loan, Payday Loan, Student Loan, and Student Loan",51,25,5.4,10,Bad,2031.89,32.94441128,19 Years and 9 Months,Yes,60.82589002,85.59247977,LowspentSmallvaluepayments,282.8208802,Poor,,,,,,,,,,,,
June,361,Rodrigo Camposw,37,18472.71,1392.3925,10,6,26,4,"Personal Loan, Payday Loan, Student Loan, and Student Loan",48,,5.4,10,Bad,2031.89,27.21278778,NA,Yes,4208,37.27114183,LowspentLargevaluepayments,311.1422181,Poor,,,,,,,,,,,,
July,361,Rodrigo Camposw,37,18472.71_,1392.3925,10,6,26,4,"Personal Loan, Payday Loan, Student Loan, and Student Loan",51,25,5.4,10,Bad,2031.89,35.68949237,19 Years and 11 Months,Yes,60.82589002,98.85454007,Low_spent_Small_value_payments,269.5588199,Standard,,,,,,,,,,,,
August,361,Rodrigo Camposw,37,18472.71,1392.3925,10,6,26,4,"Personal Loan, Payday Loan, Student Loan, and Student Loan",51,27,5.4,10,Bad,2031.89,40.75116033,20 Years and 0 Months,Yes,60.82589002,77.93980763,Low_spent_Medium_value_payments,280.4735523,Poor,,,,,,,,,,,,
January,362,Julien Toyerp,54,42731.27,3300.939167,0,4,1,2,"Mortgage Loan, and Home Equity Loan",9,-2,-1.8,1,Good,511.85,32.28408282,24 Years and 1 Months,No,50.85101407,,HighspentSmallvaluepayments,351.4866369,Standard,,,,,,,,,,,,
February,362,Julien Toyerp,54,42731.27,3300.939167,0,4,1,2,"Mortgage Loan, and Home Equity Loan",9,0,4.2,1,,511.85,31.35928301,24 Years and 2 Months,No,50.85101407,41.79900934,HighspentMediumvaluepayments,487.4438933,Standard,,,,,,,,,,,,
March,362,Julien Toyerp,54,42731.27,3300.939167,0,4,1,2,"Mortgage Loan, and Home Equity Loan",8,-3,5.2,1,,511.85,27.75306162,24 Years and 3 Months,No,50.85101407,,HighspentLargevaluepayments,442.9648922,Standard,,,,,,,,,,,,
April,362,Julien Toyerp,54,42731.27,3300.939167,0,4,1,2,"Mortgage Loan, and Home Equity Loan",9,0,-0.8,1,Good,511.85,30.29250097,24 Years and 4 Months,No,50.85101407,305.8498656,LowspentLargevaluepayments,243.393037,Standard,,,,,,,,,,,,
May,362,Julien Toyerp,54,42731.27,3300.939167,0,4,1,2,"Mortgage Loan, and Home Equity Loan",9,1,-0.8,1,Good,511.85,26.11934907,24 Years and 5 Months,No,50.85101407,137.1226529,HighspentMediumvaluepayments,392.1202497,Standard,,,,,,,,,,,,
June,362,Julien Toyerp,54,42731.27,3300.939167,0,4,1,2,"Mortgage Loan, and Home Equity Loan",9,-3,10.2,1,Good,511.85,31.14373729,24 Years and 6 Months,No,50.85101407,148.1317097,HighspentSmallvaluepayments,391.1111929,Standard,,,,,,,,,,,,
July,362,Julien Toyerp,54,42731.27,3300.939167,0,4,1,2,"Mortgage Loan, and Home Equity Loan",4,0,1.2,1,Good,511.85,39.58453342,24 Years and 7 Months,No,50.85101407,96.21187635,High_spent_Medium_value_payments,433.0310262,Standard,,,,,,,,,,,,
August,362,Julien Toyerp,54,42731.27,3300.939167,0,4,1,2,"Mortgage Loan, and Home Equity Loan",9,0,5.2,1,Good,511.85,37.87175713,24 Years and 8 Months,No,50.85101407,,High_spent_Small_value_payments,368.0191741,Standard,,,,,,,,,,,,
January,363,Barlyni,31,82700.32,6625.693333,8,8,17,6,"Auto Loan, Payday Loan, Credit-Builder Loan, Debt Consolidation Loan, Credit-Builder Loan, and Auto Loan",15,15,27.33,12,Bad,4659.6,38.22880588,NA,Yes,392.1143331,308.6420449,LowspentSmallvaluepayments,251.8129553,Poor,,,,,,,,,,,,
February,363,Barlyni,31,82700.32,6625.693333,8,8,17,6,"Auto Loan, Payday Loan, Credit-Builder Loan, Debt Consolidation Loan, Credit-Builder Loan, and Auto Loan",15,16,27.33,12,,4659.6,37.16070768,11 Years and 8 Months,Yes,392.1143331,65.88851788,HighspentLargevaluepayments,444.5664823,Standard,,,,,,,,,,,,
March,363,Barlyni,31,82700.32,6625.693333,8,8,17,6,"Auto Loan, Payday Loan, Credit-Builder Loan, Debt Consolidation Loan, Credit-Builder Loan, and Auto Loan",19,16,31.33,12,Bad,4659.6,25.57005292,11 Years and 9 Months,Yes,392.1143331,331.480753,HighspentSmallvaluepayments,198.9742472,Poor,,,,,,,,,,,,
April,363,Barlyni,31,82700.32,6625.693333,8,8,17,6,"Auto Loan, Payday Loan, Credit-Builder Loan, Debt Consolidation Loan, Credit-Builder Loan, and Auto Loan",14,16,29.33,12,Bad,4659.6,25.73056941,11 Years and 10 Months,Yes,392.1143331,98.01062881,HighspentLargevaluepayments,412.4443714,Standard,,,,,,,,,,,,
May,363,Barlyni,31,82700.32,6625.693333,8,8,17,6,"Auto Loan, Payday Loan, Credit-Builder Loan, Debt Consolidation Loan, Credit-Builder Loan, and Auto Loan",15,17,27.33,12,Bad,4659.6,29.30906723,11 Years and 11 Months,Yes,392.1143331,114.8830865,HighspentLargevaluepayments,395.5719137,Poor,,,,,,,,,,,,
June,363,Barlyni,31,82700.32,6625.693333,8,8,17,6,"Auto Loan, Payday Loan, Credit-Builder Loan, Debt Consolidation Loan, Credit-Builder Loan, and Auto Loan",19,13,27.33,12,,4659.6,36.04882242,12 Years and 0 Months,Yes,392.1143331,137.1598661,HighspentMediumvaluepayments,383.2951341,Poor,,,,,,,,,,,,
July,363,Barlyni,7992,82700.32,6625.693333,8,8,17,6,"Auto Loan, Payday Loan, Credit-Builder Loan, Debt Consolidation Loan, Credit-Builder Loan, and Auto Loan",15,16,27.33,12,Bad,4659.6,39.95013794,12 Years and 1 Months,Yes,392.1143331,10000,High_spent_Medium_value_payments,372.2655345,Poor,,,,,,,,,,,,
August,363,Barlyni,31,82700.32,6625.693333,9,9,17,6,"Auto Loan, Payday Loan, Credit-Builder Loan, Debt Consolidation Loan, Credit-Builder Loan, and Auto Loan",15,,27.33,12,Bad,4659.6,33.62418711,12 Years and 2 Months,Yes,392.1143331,386.409828,Low_spent_Small_value_payments,174.0451722,Poor,,,,,,,,,,,,
January,364,rian Loveq,44,11968.51,1254.375833,1651,4,16,2,"Not Specified, and Auto Loan",22,18,10.95,0,Standard,685.74,27.670114,24 Years and 9 Months,No,18.07448505,36.67950532,LowspentLargevaluepayments,340.683593,Standard,,,,,,,,,,,,
February,364,rian Loveq,45,11968.51,1254.375833,3,4,16,2,"Not Specified, and Auto Loan",20,20,10.95,0,Standard,685.74,34.78791128,24 Years and 10 Months,NM,18.07448505,109.0623032,LowspentSmallvaluepayments,288.300795,Standard,,,,,,,,,,,,
March,364,rian Loveq,45,11968.51,1254.375833,3,4,16,2,"Not Specified, and Auto Loan",23,18,10.95,0,Standard,685.74,33.66808098,24 Years and 11 Months,No,18.07448505,37.44229654,LowspentMediumvaluepayments,349.9208017,Standard,,,,,,,,,,,,
April,364,rian Loveq,45,11968.51,1254.375833,3,4,16,2,"Not Specified, and Auto Loan",20,18,5.95,0,Standard,685.74,29.55612924,NA,No,18.07448505,145.3363288,!@9#%8,252.0267695,Standard,,,,,,,,,,,,
May,364,rian Loveq,45,11968.51,1254.375833,3,4,16,2,"Not Specified, and Auto Loan",23,18,10.95,0,Standard,685.74,33.51214674,25 Years and 1 Months,No,18.07448505,98.12667964,LowspentSmallvaluepayments,299.2364186,Standard,,,,,,,,,,,,
June,364,rian Loveq,45,11968.51,1254.375833,3,4,16,2,"Not Specified, and Auto Loan",20,19,10.95,0,Standard,685.74,31.34980858,25 Years and 2 Months,No,18.07448505,135.9767631,LowspentSmallvaluepayments,261.3863352,Standard,,,,,,,,,,,,
July,364,rian Loveq,45,11968.51,,3,4,16,2,"Not Specified, and Auto Loan",20,18,10.95,0,Standard,685.74,29.65340797,25 Years and 3 Months,No,18.07448505,85.30634668,Low_spent_Small_value_payments,312.0567516,Standard,,,,,,,,,,,,
August,364,,45,11968.51,,3,4,16,2,"Not Specified, and Auto Loan",20,18,10.95,0,Standard,685.74,36.65202731,25 Years and 4 Months,No,18.07448505,22.43068293,High_spent_Large_value_payments,324.9324153,Standard,,,,,,,,,,,,
January,365,Soyoung Kimt,32,33386.25,2851.1875,7,5,11,3,"Home Equity Loan, Mortgage Loan, and Mortgage Loan",26,10,9.97,4,Standard,1343.67,40.42088047,13 Years and 9 Months,Yes,77.54612497,,HighspentLargevaluepayments,412.3643797,Standard,,,,,,,,,,,,
February,365,Soyoung Kimt,32,33386.25,2851.1875,7,5,11,3,"Home Equity Loan, Mortgage Loan, and Mortgage Loan",29,10,9.97,4,,1343.67,28.44974783,NA,NM,77.54612497,195.3773624,HighspentSmallvaluepayments,272.1952627,Standard,,,,,,,,,,,,
March,365,Soyoung Kimt,32,33386.25,2851.1875,7,5,11,-100,"Home Equity Loan, Mortgage Loan, and Mortgage Loan",26,10,9.97,4,Standard,1343.67,26.63038774,13 Years and 11 Months,Yes,77.54612497,324.8507346,LowspentSmallvaluepayments,172.7218904,Standard,,,,,,,,,,,,
April,365,Soyoung Kimt,32,33386.25,2851.1875,7,5,11,3,"Home Equity Loan, Mortgage Loan, and Mortgage Loan",25,8,10.97,4,,1343.67,30.77959265,NA,Yes,77.54612497,48.68114386,HighspentLargevaluepayments,398.8914812,Standard,,,,,,,,,,,,
May,365,Soyoung Kimt,32,33386.25,2851.1875,7,5,11,3,"Home Equity Loan, Mortgage Loan, and Mortgage Loan",26,10,6.97,6,Standard,1343.67,36.71501257,14 Years and 1 Months,Yes,77.54612497,58.05282439,HighspentSmallvaluepayments,409.5198006,Standard,,,,,,,,,,,,
June,365,,32,33386.25,2851.1875,7,5,1473,3,"Home Equity Loan, Mortgage Loan, and Mortgage Loan",23,10,9.97,6,Standard,1343.67,35.4335059,14 Years and 2 Months,Yes,77.54612497,86.04251272,HighspentMediumvaluepayments,371.5301123,Standard,,,,,,,,,,,,
July,365,,32,33386.25,2851.1875,7,5,11,3,"Home Equity Loan, Mortgage Loan, and Mortgage Loan",29,10,9.97,6,Standard,1343.67,29.69328165,14 Years and 3 Months,Yes,77.54612497,80.66178211,High_spent_Medium_value_payments,376.9108429,Standard,,,,,,,,,,,,
August,365,Soyoung Kimt,32,33386.25,,7,5,11,3,"Home Equity Loan, Mortgage Loan, and Mortgage Loan",26,10,9.97,6,Standard,1343.67,40.06811199,14 Years and 4 Months,Yes,77.54612497,116.9318157,High_spent_Medium_value_payments,340.6408094,Standard,,,,,,,,,,,,
January,366,Jessicau,15,67614.24,5558.52,7,10,17,2,"Home Equity Loan, and Personal Loan",40,22,14.66,12,Bad,1330.8,33.47077659,16 Years and 8 Months,Yes,95.03286667,191.5452951,LowspentSmallvaluepayments,559.2738383,Poor,,,,,,,,,,,,
February,366,Jessicau,15,67614.24,5558.52,7,10,17,-100,"Home Equity Loan, and Personal Loan",39,22,14.66,12,Bad,1330.8,39.55175942,16 Years and 9 Months,Yes,95.03286667,58.11685365,HighspentLargevaluepayments,642.7022797,Poor,,,,,,,,,,,,
March,366,Jessicau,16,67614.24,5558.52,7,10,3050,2,"Home Equity Loan, and Personal Loan",39,22,14.66,12,Bad,1330.8,28.99010303,16 Years and 10 Months,Yes,95.03286667,129.8008963,HighspentMediumvaluepayments,581.018237,Poor,,,,,,,,,,,,
April,366,,16,67614.24,5558.52,7,10,17,2,"Home Equity Loan, and Personal Loan",39,22,14.66,14,Bad,1330.8,32.2223366,16 Years and 11 Months,Yes,95.03286667,294.0496274,LowspentSmallvaluepayments,456.7695059,Poor,,,,,,,,,,,,
May,366,Jessicau,16,67614.24,5558.52,7,10,17,2,"Home Equity Loan, and Personal Loan",39,21,14.66,14,Bad,1330.8,26.0635385,17 Years and 0 Months,NM,95.03286667,10000,LowspentLargevaluepayments,555.5513804,Poor,,,,,,,,,,,,
June,366,Jessicau,16,67614.24,5558.52,7,10,17,2,"Home Equity Loan, and Personal Loan",35,22,14.66,,Bad,1330.8,30.55545363,17 Years and 1 Months,Yes,95.03286667,448.4074771,LowspentLargevaluepayments,282.4116562,Poor,,,,,,,,,,,,
July,366,Jessicau,16,67614.24,5558.52,7,10,17,2,"Home Equity Loan, and Personal Loan",39,19,17.66,14,Bad,1330.8,29.55587197,17 Years and 2 Months,NM,95.03286667,592.3482286,Low_spent_Small_value_payments,158.4709047,Poor,,,,,,,,,,,,
August,366,,16,67614.24,5558.52,7,10,17,2,"Home Equity Loan, and Personal Loan",39,22,9.66,14,Bad,1330.8,30.82564493,17 Years and 3 Months,Yes,95.03286667,133.2883507,!@9#%8,577.5307826,Poor,,,,,,,,,,,,
January,367,Cremerp,35,174304.04,14458.33667,1,3,12,0,,10,7,1.96,2,Good,461.16,45.69697529,29 Years and 11 Months,NM,0,411.4090543,LowspentLargevaluepayments,1304.424612,Standard,,,,,,,,,,,,
February,367,Cremerp,35,174304.04,14458.33667,1,3,12,0,,5,,1.96,2,Good,461.16,26.3151489,30 Years and 0 Months,No,0,908.9426597,LowspentMediumvaluepayments,816.891007,Standard,,,,,,,,,,,,
March,367,Cremerp,36,174304.04,14458.33667,1,3,12,-100,,5,7,1.96,2,Good,461.16,32.15152164,30 Years and 1 Months,No,0,,HighspentMediumvaluepayments,1303.67945,Standard,,,,,,,,,,,,
April,367,Cremerp,36,174304.04,14458.33667,1,3,12,0,,5,7,1.96,4,Good,461.16,34.52840401,30 Years and 2 Months,No,0,924.5006617,HighspentSmallvaluepayments,781.333005,Standard,,,,,,,,,,,,
May,367,Cremerp,36,174304.04,14458.33667,1,3,12,0,,3,7,1.96,4,Good,461.16,43.60998835,30 Years and 3 Months,No,0,457.5456431,LowspentMediumvaluepayments,1268.288024,Standard,,,,,,,,,,,,
June,367,Cremerp,36,174304.04,14458.33667,1,3,12,0,,5,,1.96,4,Good,461.16,43.12342138,30 Years and 4 Months,No,0,150.8701341,HighspentLargevaluepayments,1534.963533,Standard,,,,,,,,,,,,
July,367,Cremerp,36,174304.04,14458.33667,1,3,12,0,,5,7,1.96,4,Good,461.16,33.66857495,30 Years and 5 Months,No,0,156.9478595,High_spent_Large_value_payments,1528.885807,Standard,,,,,,,,,,,,
August,367,Cremerp,36,174304.04,14458.33667,1,3,12,0,,5,7,1.96,4,Good,461.16,35.39244137,30 Years and 6 Months,No,0,765.0078809,Low_spent_Large_value_payments,950.8257858,Standard,,,,,,,,,,,,
January,368,Saphirq,25,68742.75,5902.5625,7,4,20,2,"Credit-Builder Loan, and Payday Loan",24,18,11.04,8,Standard,651.38,24.97691209,NA,Yes,89.6574062,594.119779,!@9#%8,196.4790648,Standard,,,,,,,,,,,,
February,368,Saphirq,25,68742.75,5902.5625,7,4,20,2,"Credit-Builder Loan, and Payday Loan",26,19,11.04,8,Standard,651.38,26.3841002,NA,Yes,89.6574062,298.4283348,LowspentSmallvaluepayments,492.170509,Standard,,,,,,,,,,,,
March,368,Saphirq,25,68742.75,5902.5625,7,4,20,2,"Credit-Builder Loan, and Payday Loan",24,19,11.04,8,Standard,651.38,26.74042361,13 Years and 7 Months,Yes,89.6574062,,HighspentLargevaluepayments,693.6748062,Standard,,,,,,,,,,,,
April,368,Saphirq,25,68742.75,5902.5625,7,4,20,2,"Credit-Builder Loan, and Payday Loan",24,16,11.04,8,Standard,651.38,31.80790041,13 Years and 8 Months,Yes,89.6574062,102.3860761,HighspentLargevaluepayments,638.2127677,Standard,,,,,,,,,,,,
May,368,Saphirq,25,68742.75,5902.5625,7,4,20,2,"Credit-Builder Loan, and Payday Loan",24,16,11.04,8,Standard,651.38,37.43315036,13 Years and 9 Months,Yes,89.6574062,160.351673,HighspentSmallvaluepayments,600.2471708,Standard,,,,,,,,,,,,
June,368,Saphirq,25,68742.75,5902.5625,7,4,20,2,"Credit-Builder Loan, and Payday Loan",24,19,11.04,46,Standard,651.38,36.00077993,NA,Yes,80482,272.1071575,LowspentLargevaluepayments,498.4916863,Standard,,,,,,,,,,,,
July,368,Saphirq,26,13019734,5902.5625,7,4,20,2,"Credit-Builder Loan, and Payday Loan",24,18,11.04,8,Standard,651.38,32.15772185,13 Years and 11 Months,Yes,89.6574062,374.4935851,Low_spent_Medium_value_payments,406.1052587,Standard,,,,,,,,,,,,
August,368,Saphirq,26_,68742.75,5902.5625,7,4,20,-100,"Credit-Builder Loan, and Payday Loan",25,19,11.04,8,Standard,651.38,30.36667002,14 Years and 0 Months,Yes,89.6574062,235.2379624,Low_spent_Medium_value_payments,545.3608814,Standard,,,,,,,,,,,,
January,369,Kirstinj,45,15932.725,1219.727083,6,6,11,1,Debt Consolidation Loan,24,,9.63,1,Standard,1124.16,34.32953017,27 Years and 4 Months,Yes,13.26805418,62.59804405,LowspentMediumvaluepayments,326.1066101,Standard,,,,,,,,,,,,
February,369,Kirstinj,45,15932.725,1219.727083,6,6,11,1,Debt Consolidation Loan,24,11,8.63,1,Standard,1124.16,39.9506353,27 Years and 5 Months,Yes,13.26805418,30.40156329,HighspentSmallvaluepayments,338.3030909,Standard,,,,,,,,,,,,
March,369,Kirstinj,45,15932.725,1219.727083,6,6,11,1,Debt Consolidation Loan,27,11,9.63,1,Standard,1124.16,38.79232586,27 Years and 6 Months,Yes,13.26805418,114.3254025,LowspentLargevaluepayments,264.3792517,Standard,,,,,,,,,,,,
April,369,Kirstinj,45,15932.725,1219.727083,6,6,11,1,Debt Consolidation Loan,24,13,9.63,1,Standard,1124.16,39.17412496,NA,Yes,13.26805418,15.6311459,!@9#%8,343.0735083,Good,,,,,,,,,,,,
May,369,Kirstinj,45,15932.725,1219.727083,6,6,11,1,Debt Consolidation Loan,24,11,9.63,1,Standard,1124.16,27.65483493,27 Years and 8 Months,Yes,13.26805418,30.96125517,HighspentLargevaluepayments,317.743399,Good,,,,,,,,,,,,
June,369,Kirstinj,45,15932.725,1219.727083,6,6,11,1,Debt Consolidation Loan,26,11,9.63,1,Standard,1124.16,35.4084138,27 Years and 9 Months,Yes,13.26805418,10000,!@9#%8,342.144219,Good,,,,,,,,,,,,
July,369,Kirstinj,223,16729446,1219.727083,6,6,11,1,Debt Consolidation Loan,28,14,9.63,1,_,1124.16,28.02599004,27 Years and 10 Months,Yes,13.26805418,96.6659099,Low_spent_Large_value_payments,282.0387443,Standard,,,,,,,,,,,,
August,369,Kirstinj,45,15932.725,1219.727083,6,6,11,1,Debt Consolidation Loan,27,12,8.63,1,Standard,1124.16,28.41096148,27 Years and 11 Months,Yes,13.26805418,107.3312387,Low_spent_Large_value_payments,271.3734155,Standard,,,,,,,,,,,,
January,370,Mary Gabrielx,43,55583.67,4816.9725,6,5,11,2,"Personal Loan, and Payday Loan",23,16,14.29,5,Standard,2019.51,39.94061525,16 Years and 10 Months,NM,69.73399854,148.4988981,LowspentMediumvaluepayments,543.4643534,Poor,,,,,,,,,,,,
February,370,Mary Gabrielx,43,55583.67,4816.9725,6,5,11,2,"Personal Loan, and Payday Loan",23,16,14.29,5,Standard,2019.51,27.4269899,16 Years and 11 Months,Yes,69.73399854,130.304986,HighspentMediumvaluepayments,531.6582654,Standard,,,,,,,,,,,,
March,370,Mary Gabrielx,43,55583.67,4816.9725,6,5,11,2,"Personal Loan, and Payday Loan",24,16,14.29,,Standard,2019.51,28.01246095,NA,Yes,69.73399854,258.0544123,LowspentSmallvaluepayments,443.9088391,Poor,,,,,,,,,,,,
April,370,Mary Gabrielx,43,55583.67,4816.9725,6,5,11,2,"Personal Loan, and Payday Loan",23,15,14.29,6,,2019.51,34.13824026,17 Years and 1 Months,Yes,69.73399854,,HighspentSmallvaluepayments,381.4997543,Poor,,,,,,,,,,,,
May,370,,43,55583.67,4816.9725,6,5,11,2,"Personal Loan, and Payday Loan",23,19,14.29,6,Standard,2019.51,23.76400718,17 Years and 2 Months,Yes,69.73399854,394.5478462,LowspentSmallvaluepayments,307.4154053,Poor,,,,,,,,,,,,
June,370,Mary Gabrielx,43,55583.67,4816.9725,6,5,11,2,"Personal Loan, and Payday Loan",24,16,14.29,6,Standard,2019.51,36.21344473,17 Years and 3 Months,Yes,69.73399854,,LowspentMediumvaluepayments,409.9088772,Poor,,,,,,,,,,,,
July,370,Mary Gabrielx,43,55583.67,4816.9725,6,5,11,2_,"Personal Loan, and Payday Loan",23,17,_,6,Standard,2019.51,39.14400158,17 Years and 4 Months,Yes,69.73399854,610.2474618,Low_spent_Small_value_payments,91.71578965,Poor,,,,,,,,,,,,
August,370,Mary Gabrielx,44,55583.67,4816.9725,6,5,11,2,"Personal Loan, and Payday Loan",23,17,12.29,6,Standard,2019.51,31.48123966,17 Years and 5 Months,Yes,69.73399854,141.7471412,High_spent_Small_value_payments,530.2161102,Standard,,,,,,,,,,,,
January,371,Bartj,18,72252.36,6059.03,5,3,12,4,"Credit-Builder Loan, Debt Consolidation Loan, Credit-Builder Loan, and Personal Loan",22,17,11.1,4,Standard,51.39,37.50992953,25 Years and 2 Months,No,127.1503019,580.0378686,LowspentMediumvaluepayments,178.7148294,Standard,,,,,,,,,,,,
February,371,Bartj,19,72252.36,6059.03,5,3,12,4,"Credit-Builder Loan, Debt Consolidation Loan, Credit-Builder Loan, and Personal Loan",22,,9.1,4,Standard,51.39,28.6399751,25 Years and 3 Months,No,127.1503019,90.77576851,HighspentLargevaluepayments,627.9769295,Standard,,,,,,,,,,,,
March,371,Bartj,19,72252.36,6059.03,5,3,12,4,"Credit-Builder Loan, Debt Consolidation Loan, Credit-Builder Loan, and Personal Loan",22,16,9.1,4,Standard,51.39,26.34579075,25 Years and 4 Months,No,127.1503019,124.4990063,HighspentLargevaluepayments,594.2536917,Standard,,,,,,,,,,,,
April,371,Bartj,19,72252.36,6059.03,5,3,12,4,"Credit-Builder Loan, Debt Consolidation Loan, Credit-Builder Loan, and Personal Loan",18,15,9.1,4,Standard,51.39,27.74624012,25 Years and 5 Months,No,127.1503019,46.31600978,HighspentLargevaluepayments,672.4366883,Poor,,,,,,,,,,,,
May,371,Bartj,19,72252.36,6059.03,5,3,12,4,"Credit-Builder Loan, Debt Consolidation Loan, Credit-Builder Loan, and Personal Loan",22,18,9.1,4,Standard,51.39,37.35689095,25 Years and 6 Months,No,127.1503019,249.6274608,LowspentLargevaluepayments,499.1252372,Poor,,,,,,,,,,,,
June,371,Bartj,19,72252.36,6059.03,5,3,12,4,"Credit-Builder Loan, Debt Consolidation Loan, Credit-Builder Loan, and Personal Loan",22,15,9.1,4,,51.39,35.18634728,25 Years and 7 Months,No,127.1503019,334.5985912,!@9#%8,424.1541068,Poor,,,,,,,,,,,,
July,371,Bartj,19,72252.36,6059.03,5,3,12,4,"Credit-Builder Loan, Debt Consolidation Loan, Credit-Builder Loan, and Personal Loan",25,15,9.1,4,Standard,51.39,34.3248083,25 Years and 8 Months,No,127.1503019,111.3952408,High_spent_Large_value_payments,607.3574572,Standard,,,,,,,,,,,,
August,371,Bartj,19,72252.36,6059.03,5,3,12,4,"Credit-Builder Loan, Debt Consolidation Loan, Credit-Builder Loan, and Personal Loan",21,,9.1,4,Standard,51.39,23.41405174,25 Years and 9 Months,No,127.1503019,132.3537666,High_spent_Large_value_payments,586.3989315,Standard,,,,,,,,,,,,
January,372,Wanfengo,32,30399.06,2298.255,5,6,18,4,"Not Specified, Home Equity Loan, Auto Loan, and Payday Loan",18,11,10.55,3,Standard,516.76,26.31384489,18 Years and 2 Months,Yes,54.5282542,171.6617411,LowspentSmallvaluepayments,293.6355047,Standard,,,,,,,,,,,,
February,372,Wanfengo,32,30399.06,2298.255,5,6,18,4,"Not Specified, Home Equity Loan, Auto Loan, and Payday Loan",13,12,10.55,8,Standard,516.76,37.71148,18 Years and 3 Months,Yes,54.5282542,10000,!@9#%8,173.6542994,Standard,,,,,,,,,,,,
March,372,Wanfengo,32,30399.06,2298.255,5,6,18,4,"Not Specified, Home Equity Loan, Auto Loan, and Payday Loan",12,10,10.55,8,Standard,516.76,36.87001366,18 Years and 4 Months,Yes,54.5282542,153.0156991,HighspentSmallvaluepayments,282.2815467,Standard,,,,,,,,,,,,
April,372,,32,30399.06,2298.255,5,6,18,4,"Not Specified, Home Equity Loan, Auto Loan, and Payday Loan",9,12,10.55,8,Standard,516.76,25.98811276,18 Years and 5 Months,Yes,54.5282542,143.0942779,HighspentSmallvaluepayments,292.2029679,Standard,,,,,,,,,,,,
May,372,Wanfengo,32,30399.06,2298.255,5,6,18,4,"Not Specified, Home Equity Loan, Auto Loan, and Payday Loan",13,12,12.55,8,Standard,516.76,24.81209137,NA,Yes,54.5282542,120.5602597,LowspentMediumvaluepayments,334.7369861,Standard,,,,,,,,,,,,
June,372,Wanfengo,32,30399.06,2298.255,5,6,18,4,"Not Specified, Home Equity Loan, Auto Loan, and Payday Loan",14,9,4.55,8,Standard,516.76,27.05790876,18 Years and 7 Months,Yes,54.5282542,52.75492104,HighspentMediumvaluepayments,372.5423248,Standard,,,,,,,,,,,,
July,372,Wanfengo,32,30399.06,2031.587766,5,6,18,4,"Not Specified, Home Equity Loan, Auto Loan, and Payday Loan",13,12,_,8,Standard,516.76,24.08403922,18 Years and 8 Months,NM,321.1954881,284.368422,Low_spent_Small_value_payments,180.9288238,Good,,,,,,,,,,,,
August,372,,32,30399.06,2031.587766,5,6,18,4,"Not Specified, Home Equity Loan, Auto Loan, and Payday Loan",13,12,10.55,8,_,516.76,32.84952642,18 Years and 9 Months,Yes,321.1954881,10000,Low_spent_Small_value_payments,201.1676299,Standard,,,,,,,,,,,,
January,373,Katharina Bartz,41,8365.075,896.0895833,6,8,19,5,"Mortgage Loan, Credit-Builder Loan, Home Equity Loan, Student Loan, and Auto Loan",36,18,34.81,11,Bad,2758.61,36.0250722,4 Years and 4 Months,Yes,31.95448983,19.51340238,HighspentLargevaluepayments,278.1410661,Standard,,,,,,,,,,,,
February,373,Katharina Bartz,42,8365.075,896.0895833,6,8,19,5,"Mortgage Loan, Credit-Builder Loan, Home Equity Loan, Student Loan, and Auto Loan",41,20,28.81,11,Bad,2758.61,26.91872166,4 Years and 5 Months,Yes,31.95448983,42.75914404,LowspentSmallvaluepayments,304.8953245,Standard,,,,,,,,,,,,
March,373,Katharina Bartz,42,8365.075,896.0895833,6,8,19,5,"Mortgage Loan, Credit-Builder Loan, Home Equity Loan, Student Loan, and Auto Loan",36,15,28.81,11,Bad,2758.61,25.9507661,4 Years and 6 Months,Yes,31.95448983,76.98085135,LowspentSmallvaluepayments,270.6736171,Standard,,,,,,,,,,,,
April,373,Katharina Bartz,42,8365.075,896.0895833,6,8,19,5,"Mortgage Loan, Credit-Builder Loan, Home Equity Loan, Student Loan, and Auto Loan",34,16,28.81,11,Bad,2758.61,32.25671634,4 Years and 7 Months,NM,31.95448983,55.57627661,LowspentSmallvaluepayments,292.0781919,Standard,,,,,,,,,,,,
May,373,Katharina Bartz,42,8365.075,896.0895833,6,8,19,5,"Mortgage Loan, Credit-Builder Loan, Home Equity Loan, Student Loan, and Auto Loan",41,18,28.81,11,Bad,2758.61,33.19469964,4 Years and 8 Months,Yes,31.95448983,48.85033329,LowspentLargevaluepayments,278.8041352,Standard,,,,,,,,,,,,
June,373,Katharina Bartz,42,8365.075,896.0895833,6,8,19,5,"Mortgage Loan, Credit-Builder Loan, Home Equity Loan, Student Loan, and Auto Loan",36,18,28.81,11,Bad,2758.61,25.91028633,4 Years and 9 Months,Yes,31.95448983,95.00717972,LowspentSmallvaluepayments,252.6472888,Standard,,,,,,,,,,,,
July,373,Katharina Bartz,42,7170493,896.0895833,6,8,19,5,"Mortgage Loan, Credit-Builder Loan, Home Equity Loan, Student Loan, and Auto Loan",36,18,28.81,11,Bad,2758.61,26.83988664,4 Years and 10 Months,Yes,31.95448983,44.86040068,Low_spent_Small_value_payments,302.7940678,Standard,,,,,,,,,,,,
August,373,Katharina Bartz,42,8365.075,896.0895833,6,8,19,5,"Mortgage Loan, Credit-Builder Loan, Home Equity Loan, Student Loan, and Auto Loan",36,16,28.81,11,Bad,2758.61,40.52830156,4 Years and 11 Months,Yes,31.95448983,10000,High_spent_Medium_value_payments,293.9037094,Standard,,,,,,,,,,,,
January,374,Mark Felsenthalr,19,133410.66,11387.555,1,3,4,-100,,4,5,1.05,3,Good,933.84,33.24614847,27 Years and 4 Months,No,0,,HighspentSmallvaluepayments,738.3451769,Good,,,,,,,,,,,,
February,374,Mark Felsenthalr,20,133410.66,11387.555,1,3,4,0,,5,5,1.05,3,Good,933.84,43.54308077,27 Years and 5 Months,No,0,190.1812102,HighspentMediumvaluepayments,1198.57429,Good,,,,,,,,,,,,
March,374,Mark Felsenthalr,20,133410.66,11387.555,1,3,4,0,,5,7,1.05,3,Good,933.84,30.86749727,27 Years and 6 Months,No,0,10000,HighspentMediumvaluepayments,933.6538646,Good,,,,,,,,,,,,
April,374,Mark Felsenthalr,20,133410.66,11387.555,1,3,4,0,,4,5,1.05,3,Good,933.84,43.41734758,27 Years and 7 Months,No,47909,147.8499442,HighspentLargevaluepayments,1230.905556,Standard,,,,,,,,,,,,
May,374,Mark Felsenthalr,20,133410.66,11387.555,1,3,4,0,,9,5,1.05,3,Good,933.84,43.52791792,27 Years and 8 Months,No,0,,HighspentMediumvaluepayments,1003.401463,Good,,,,,,,,,,,,
June,374,Mark Felsenthalr,20,133410.66,11387.555,1,3,4,0,,5,5,1.05,3,Good,933.84,38.28849615,27 Years and 9 Months,No,36174,298.5142111,HighspentMediumvaluepayments,1090.241289,Good,,,,,,,,,,,,
July,374,Mark Felsenthalr,20,133410.66_,11387.555,1,3,4,0,,5,5,1.05,1332,Good,933.84,38.3710147,27 Years and 10 Months,No,0,224.7151828,!@9#%8,1154.040317,Good,,,,,,,,,,,,
August,374,Mark Felsenthalr,395,133410.66,11387.555,1,3,4,0,,5,5,1.05,3,Good,933.84,27.00522992,27 Years and 11 Months,No,0,518.2357809,High_spent_Small_value_payments,880.5197191,Good,,,,,,,,,,,,
January,375,Anna Ringstromn,42,19167.04,1479.253333,6,6,15,4,"Not Specified, Payday Loan, Auto Loan, and Payday Loan",30,19,9.19,4,,1297.12,32.05801381,6 Years and 5 Months,Yes,44.5354516,132.9557607,LowspentMediumvaluepayments,250.434121,Poor,,,,,,,,,,,,
February,375,Anna Ringstromn,42,19167.04,1479.253333,6,6,15,4,"Not Specified, Payday Loan, Auto Loan, and Payday Loan",30,19,9.19,4,Standard,1297.12,31.77120746,6 Years and 6 Months,Yes,44.5354516,111.484906,LowspentSmallvaluepayments,281.9049757,Poor,,,,,,,,,,,,
March,375,,42,19167.04,1479.253333,6,6,15,4,"Not Specified, Payday Loan, Auto Loan, and Payday Loan",30,21,3.19,4,Standard,1297.12,30.97203915,6 Years and 7 Months,Yes,30838,,HighspentSmallvaluepayments,272.9113971,Standard,,,,,,,,,,,,
April,375,Anna Ringstromn,42,19167.04,1479.253333,6,6,15,4,"Not Specified, Payday Loan, Auto Loan, and Payday Loan",30,16,9.19,4,Standard,1297.12,26.86735083,6 Years and 8 Months,NM,44.5354516,133.7620303,LowspentSmallvaluepayments,259.6278514,Poor,,,,,,,,,,,,
May,375,Anna Ringstromn,42,19167.04,1479.253333,6,1071,15,4,"Not Specified, Payday Loan, Auto Loan, and Payday Loan",30,19,9.19,6,Standard,1297.12,39.31634346,NA,Yes,54113,149.3106987,LowspentSmallvaluepayments,244.079183,Poor,,,,,,,,,,,,
June,375,Anna Ringstromn,42,19167.04,1479.253333,6,6,15,4,"Not Specified, Payday Loan, Auto Loan, and Payday Loan",31,19,13.19,6,,1297.12,33.7285291,6 Years and 10 Months,Yes,44.5354516,45.72732662,HighspentSmallvaluepayments,317.6625551,Poor,,,,,,,,,,,,
July,375,Anna Ringstromn,42,19167.04,1479.253333,6,6,15,4,"Not Specified, Payday Loan, Auto Loan, and Payday Loan",32,19,12.19,6,Standard,1297.12,33.61201242,6 Years and 11 Months,Yes,44.5354516,106.788971,Low_spent_Large_value_payments,266.6009107,Poor,,,,,,,,,,,,
August,375,Anna Ringstromn,42,19167.04,1479.253333,6,6,15,4_,"Not Specified, Payday Loan, Auto Loan, and Payday Loan",31,16,_,6,Standard,1297.12,35.47958182,7 Years and 0 Months,Yes,44.5354516,30.44002056,High_spent_Medium_value_payments,322.9498612,Poor,,,,,,,,,,,,
